{"type": "FeatureCollection", "metadata": {"fetched": "2026-07-27T09:15:07+00:00", "sources": {"sidewalk": "https://www.joplingis.org/server/rest/services/Bike_Lanes/Bike_Lanes_mxd_2024/MapServer/0/query", "road": "https://www.joplingis.org/server/rest/services/Bike_Lanes/Bike_Lanes_mxd_2024/MapServer/1/query"}, "count": 59}, "features": [{"type": "Feature", "id": 1, "geometry": {"type": "LineString", "coordinates": [[-94.48024535859673, 37.06937809134133], [-94.48264987785676, 37.069385505224155], [-94.48284141877254, 37.0693871118585], [-94.48291067458113, 37.06937679406343], [-94.48303245015168, 37.06937920403299], [-94.4831105306678, 37.06938691619105], [-94.4835038479268, 37.06938560543923], [-94.48362905546352, 37.06937826870564], [-94.48376016330899, 37.06937145800372], [-94.4840033648653, 37.06937044034101], [-94.48409382677741, 37.06937202857439], [-94.48416462184171, 37.069383594975235], [-94.4842203386975, 37.069397259851144], [-94.48427558429269, 37.069416853139714], [-94.48434094554526, 37.0694508558258], [-94.48438747898776, 37.069494461090045], [-94.48441565807518, 37.06953648875909], [-94.4844549719494, 37.06962474378931], [-94.48448904351191, 37.0697009158365], [-94.48452238199637, 37.06976021241056], [-94.48457562841466, 37.06983573091277], [-94.48462273178686, 37.069898936524154], [-94.48468212814025, 37.06995968093], [-94.48473737730521, 37.070003370082055], [-94.48479652467805, 37.070044729398816], [-94.48485651169597, 37.07008272669603], [-94.48492572780565, 37.070121396474015], [-94.48498949191112, 37.07015569596698], [-94.48506919788171, 37.07019470400855], [-94.48513254238482, 37.07022463291577], [-94.48520679528208, 37.07025926972521], [-94.48529992557806, 37.07030231362061], [-94.48541584018801, 37.070352924288336], [-94.48551678482093, 37.070398111848284], [-94.48566492323066, 37.07046957012075], [-94.48571604918827, 37.07049741654046], [-94.48576914217095, 37.0705305167317], [-94.48583009764667, 37.07058410401014], [-94.48596380634525, 37.070698633947856], [-94.48605950057716, 37.070777964941264], [-94.48660010819056, 37.07121179986899], [-94.48689014193471, 37.07144232376009], [-94.48793792674809, 37.07228365460509], [-94.48827538502265, 37.07255414295172], [-94.489513163471, 37.073553510340155], [-94.49037551272507, 37.07423650592277], [-94.49061828298295, 37.074201231942276], [-94.49075757912107, 37.07430383948082], [-94.4907218215631, 37.07461327734226], [-94.49097119899236, 37.07481385799787], [-94.4911966904277, 37.07497876535251], [-94.4917811037059, 37.07537321670411], [-94.49213593006492, 37.07557757425162], [-94.49237718722065, 37.075693967471665], [-94.49274577529529, 37.07585259833181], [-94.49284817499796, 37.07589218372018], [-94.49302559744913, 37.0759746246053], [-94.4932781533895, 37.07607463511613], [-94.493751992629, 37.07628288013768], [-94.49380704899204, 37.076328499722116], [-94.49386525346974, 37.076399794266734], [-94.49388624821276, 37.07645642828659], [-94.49389196734751, 37.07653639341686], [-94.4940197180254, 37.07651870185418], [-94.49431646657762, 37.076468148977455], [-94.49438917017696, 37.07654427758598], [-94.49444664390518, 37.0766061983173], [-94.49447553323519, 37.07659783813793], [-94.49457098470013, 37.076619380308536], [-94.49463612458474, 37.076660048290954], [-94.49472807381939, 37.07673334262251], [-94.49484796721299, 37.07684156385819], [-94.49490697473387, 37.07688219087316], [-94.49496689589918, 37.076917266974355], [-94.49501432915423, 37.07693310442757], [-94.49506876615038, 37.076940706782324], [-94.49512996387168, 37.07694126800814], [-94.49518600017689, 37.07694822066446], [-94.49523076609512, 37.07695981543165], [-94.49527754914129, 37.0769795708398], [-94.49531545947633, 37.07700542468547], [-94.4953440923621, 37.077035155690886], [-94.49546510010668, 37.07716905386426], [-94.49549099851612, 37.077189354468075], [-94.49553680698388, 37.07720421663386], [-94.49557054755229, 37.07720650224785], [-94.4957807245062, 37.077192918261936], [-94.4958284663145, 37.07720770739281], [-94.49586550928434, 37.07722313412755], [-94.49591501422923, 37.07726549497007], [-94.49604451768668, 37.07740284955034], [-94.49610082373522, 37.077443420007754], [-94.49616365391233, 37.07746296112394], [-94.49626150638476, 37.077473248775], [-94.49649328854613, 37.077485246209], [-94.49659639212804, 37.07749523366472], [-94.49665511409142, 37.07751502761817], [-94.49674312035518, 37.07757712470426], [-94.49679854309976, 37.077613494667204], [-94.49708440118314, 37.077724883638865], [-94.49730434052914, 37.07779791230571], [-94.49791328855984, 37.07803838494235], [-94.49818068864957, 37.078142182575135], [-94.49831284885461, 37.078214101407276], [-94.49849899426066, 37.078356374213406], [-94.49862694488984, 37.07846187751708], [-94.49871378427177, 37.078519556710674], [-94.49885961334301, 37.07862108599804], [-94.49897545358738, 37.0787045968828], [-94.49909022691305, 37.07877600735773], [-94.49921787353401, 37.078844599091894], [-94.49927284176832, 37.078880541656474], [-94.49933613728528, 37.07890320077998], [-94.49942508562394, 37.078925361675644], [-94.49962682014576, 37.07894413378827], [-94.49976012138566, 37.0789839601901], [-94.49982063011659, 37.07903280840235], [-94.49987084240819, 37.079121967432215], [-94.49994346516505, 37.07930368715511], [-94.4999868689392, 37.07937988526926], [-94.50004501404442, 37.07943382741446], [-94.50016638014031, 37.07950739953291], [-94.50024083680452, 37.07955925815964], [-94.50027560457224, 37.07964460889277], [-94.50029271821074, 37.07974291871525], [-94.50029368576668, 37.07982680609433], [-94.50024111814422, 37.07996908098211], [-94.50088610331154, 37.07991502673892], [-94.50088948315852, 37.079927513580586]]}, "properties": {"Shape_Length": 7762.082111580974, "OBJECTID": 1, "TravelDirection": "N", "LaneWidth_ft": 5, "LaneID": 1, "StreetName": "S Murphy Blvd.", "LaneType": "One-Way A", "SurfaceType": "Concrete", "Status": "Pre-Existing", "StartDate": null, "EndDate": null, "MaintBy": "City of Joplin", "SpeedLimit_mph": null, "Crossing": null, "Grade": null, "Comments": null, "_layer": "sidewalk"}}, {"type": "Feature", "id": 2, "geometry": {"type": "LineString", "coordinates": [[-94.48394845789201, 37.069137256913244], [-94.48395128833457, 37.0693667783432]]}, "properties": {"Shape_Length": 83.56868612245286, "OBJECTID": 2, "TravelDirection": "N", "LaneWidth_ft": 5, "LaneID": 2, "StreetName": "E 20th St.", "LaneType": "One-Way A", "SurfaceType": "Asphalt & Concrete", "Status": "Pre-Existing", "StartDate": null, "EndDate": null, "MaintBy": "City of Joplin", "SpeedLimit_mph": null, "Crossing": null, "Grade": null, "Comments": null, "_layer": "sidewalk"}}, {"type": "Feature", "id": 3, "geometry": {"type": "LineString", "coordinates": [[-94.48427558429269, 37.069416853139714], [-94.48430206704327, 37.06937918872179], [-94.48468779973044, 37.0693866283706], [-94.48474542976012, 37.06938786673318], [-94.48481305271858, 37.06936509316874], [-94.48487452525207, 37.06936079094292], [-94.48503588827552, 37.06936142778002], [-94.48518879803969, 37.06936267790959], [-94.4854638843457, 37.06936332831087], [-94.48558759599005, 37.06936211156979], [-94.48593483230059, 37.06936425287575], [-94.48625374642639, 37.06936429026493], [-94.4868821860201, 37.06936379372431], [-94.48725040305428, 37.06936476473852], [-94.48760847580331, 37.06936480268821], [-94.4877567751156, 37.06936543355729], [-94.48829849475126, 37.06936610460806], [-94.4929730829268, 37.069366344817], [-94.49297651675849, 37.069469356223394], [-94.49419058635911, 37.069483865137805]]}, "properties": {"Shape_Length": 2939.056705364632, "OBJECTID": 3, "TravelDirection": "W", "LaneWidth_ft": 5, "LaneID": 3, "StreetName": "E 20th St.", "LaneType": "One-Way A", "SurfaceType": "Concrete", "Status": "Pre-Existing", "StartDate": null, "EndDate": null, "MaintBy": "City of Joplin", "SpeedLimit_mph": null, "Crossing": null, "Grade": null, "Comments": null, "_layer": "sidewalk"}}, {"type": "Feature", "id": 4, "geometry": {"type": "LineString", "coordinates": [[-94.49399711499886, 37.069171586850395], [-94.49362238433876, 37.06917117349987], [-94.49327765266578, 37.06917312432064], [-94.49275342334768, 37.069169941313405], [-94.49212248106613, 37.069170294876606], [-94.49158890793427, 37.06916828837793], [-94.49130417249161, 37.069169055426855], [-94.49103861615443, 37.069168248076394], [-94.490586185812, 37.069168213029656], [-94.49040865574784, 37.06916741032178], [-94.49018981757628, 37.06917133304288], [-94.49011310141249, 37.06916620377691], [-94.48989524664702, 37.069165791625124], [-94.48982541497605, 37.06916854399897], [-94.48929921902766, 37.06916534465617], [-94.48901792577222, 37.06916610742877], [-94.48876220470194, 37.06916490119951], [-94.48824486091111, 37.06916327498675], [-94.4875898210353, 37.069163602049606], [-94.48717230664104, 37.069161981562225], [-94.48656496858035, 37.06916112583896], [-94.48601565955953, 37.069161850830795], [-94.485463891625, 37.06916020842543], [-94.48494753151886, 37.06916053781152], [-94.48458706375155, 37.06915852075772], [-94.48444297516156, 37.06915219677472], [-94.48438543823744, 37.06915297769862], [-94.48436084975151, 37.06915021611541], [-94.48429200917744, 37.06911749888329], [-94.48415332721035, 37.06912851471225], [-94.48410169072747, 37.069129295385586], [-94.48401562829352, 37.0691383482355], [-94.48391776610657, 37.069136758038134], [-94.4835509049122, 37.06913749621333], [-94.48337288503878, 37.06912998394399], [-94.48324059831708, 37.06912996532609], [-94.48289340536189, 37.069140161552454], [-94.48287176717818, 37.069139764638116], [-94.48284521439862, 37.06913109107684], [-94.48281620354697, 37.069111777570235], [-94.48269376980224, 37.06903846225876], [-94.48266180654902, 37.06902663483019], [-94.4826308269573, 37.06902111361012], [-94.48259541864839, 37.06902189690418], [-94.48226129006157, 37.06902608359393], [-94.4821440069144, 37.0690457186321], [-94.48212118862267, 37.06904747148754], [-94.48194249824462, 37.06904738224067], [-94.48144171776977, 37.06904930634357], [-94.4808540524203, 37.069047243081414], [-94.48033818459079, 37.06904715869041], [-94.48024671505252, 37.06904753728434]]}, "properties": {"Shape_Length": 4029.7827333256764, "OBJECTID": 4, "TravelDirection": "E", "LaneWidth_ft": 5, "LaneID": 4, "StreetName": "E 20th St.", "LaneType": "One-Way B", "SurfaceType": "Concrete", "Status": "Pre-Existing", "StartDate": null, "EndDate": null, "MaintBy": "City of Joplin", "SpeedLimit_mph": null, "Crossing": null, "Grade": null, "Comments": null, "_layer": "sidewalk"}}, {"type": "Feature", "id": 5, "geometry": {"type": "LineString", "coordinates": [[-94.5008941694959, 37.07990556668498], [-94.50026248052941, 37.07995708338008], [-94.50031265822709, 37.07983729061693], [-94.50030446549289, 37.07971645178954], [-94.50027413214706, 37.07958668468104], [-94.50024198955616, 37.079542548625035], [-94.5000694185971, 37.07943628386547], [-94.50001289414435, 37.079388239585306], [-94.49997192190247, 37.0793199659614], [-94.49985600573262, 37.07906174352753], [-94.49982830270868, 37.079020427877495], [-94.4997716043727, 37.07897864899071], [-94.49965858219265, 37.07894231721913], [-94.49939362743434, 37.07890302086359], [-94.49928226217433, 37.07886901454136], [-94.4992361540564, 37.07884202199782], [-94.4990626480219, 37.07874288544456], [-94.49866970351874, 37.07847577423206], [-94.49852690740964, 37.078357676687254], [-94.49830374048895, 37.078199914887485], [-94.49815855128914, 37.07811849169198], [-94.49790029466197, 37.07802098131114], [-94.4976443378239, 37.07791325707603], [-94.49732582974052, 37.077789162881], [-94.49705976527211, 37.077701677292055], [-94.49680820205903, 37.077604164692296], [-94.49674872277608, 37.07756543998626], [-94.49666054771043, 37.077505902090934], [-94.49660672812027, 37.07748635608958], [-94.49621140145948, 37.077457726228864], [-94.49611027364467, 37.0774326762193], [-94.49606601778461, 37.077401710344], [-94.49595908797565, 37.077292299506546], [-94.49587738716214, 37.07721539388756], [-94.49578885183531, 37.077182235727996], [-94.49564928324469, 37.0771887638371], [-94.49554995362259, 37.07719438046039], [-94.49548746813333, 37.077172052756524], [-94.49538293755731, 37.077057293316734], [-94.49534286230539, 37.07701169578451], [-94.49529749616926, 37.07697553910327], [-94.4952217881479, 37.07693989933198], [-94.49514607851268, 37.076930684068046], [-94.49501806142914, 37.07692254431396], [-94.49496727240665, 37.07690403128309], [-94.49489616563105, 37.076867097484865], [-94.4947943045161, 37.07677804850185], [-94.49469077785298, 37.07669168470467], [-94.49462560539286, 37.07663373319465], [-94.49451626468638, 37.076594591476734], [-94.49445047092563, 37.07659271948508], [-94.49431378470679, 37.07646279887613], [-94.49390412895391, 37.07652584007932], [-94.4938988505051, 37.07643385578122], [-94.4938401491044, 37.07634587421453], [-94.49377321605881, 37.07627837833755], [-94.49355004416533, 37.07618164877503], [-94.49272182857102, 37.0758282566037], [-94.49245763647002, 37.07571718917509], [-94.49215131109342, 37.075571669303464], [-94.49181299287335, 37.07537985388645], [-94.49148997734589, 37.07516348116285], [-94.49122785947556, 37.07498667682867], [-94.49098420374251, 37.074807094248015], [-94.49073490795413, 37.07461016137667], [-94.49077409341406, 37.074290233790386], [-94.49062932841146, 37.074186800409215], [-94.49038523221834, 37.07422265192557], [-94.49009722798745, 37.07399674160198], [-94.4898965939437, 37.07383554868475], [-94.48948155911641, 37.07350291571603], [-94.48922781916336, 37.07329836924443], [-94.48896129567781, 37.073081999182456], [-94.48869674132706, 37.07286838704349], [-94.4885747899861, 37.07276985722174], [-94.48845775694244, 37.07267763291987], [-94.48826696459935, 37.07252195575346], [-94.48810862720507, 37.07239583751841], [-94.4878588290883, 37.07219404681799], [-94.48766754591462, 37.07204270303394], [-94.48747626501441, 37.07188899528798], [-94.48726138242809, 37.07171479222161], [-94.48714090976135, 37.07161901940812], [-94.48686112168035, 37.07139476189119], [-94.48669639670118, 37.071263517244454], [-94.4864505389158, 37.071066453084796], [-94.48621402515042, 37.070876089358165], [-94.48620074790982, 37.0708737232628], [-94.4861707533948, 37.07085046894795], [-94.48617173776161, 37.07084219403392], [-94.48597751314786, 37.07068257211847], [-94.48577443877413, 37.07051270212932], [-94.48572034989228, 37.07047722915875], [-94.48557430448416, 37.070404308684566], [-94.4853136840646, 37.07028684301121], [-94.48507125953462, 37.07017568422535], [-94.48489718693112, 37.07008660131255], [-94.48481507040138, 37.07003496808631], [-94.48471082902851, 37.06995850415948], [-94.48468919416764, 37.06994037434003], [-94.4846454362411, 37.069893867934496], [-94.48457758833723, 37.06980873977265], [-94.48452940987401, 37.06972952461643], [-94.48447435349766, 37.06961878268289], [-94.48445321817553, 37.069567157168684], [-94.4844315890453, 37.06952183585576], [-94.48441585692223, 37.06949897765589], [-94.48439668243519, 37.06947690658426], [-94.48437603208008, 37.06945720076813], [-94.48435341435251, 37.069440252131315], [-94.48431751971741, 37.06941542139738], [-94.48425752860557, 37.06939019276403], [-94.48413754223336, 37.06936022698792], [-94.48407164594946, 37.06935273070933], [-94.48396509473822, 37.06935388601289]]}, "properties": {"Shape_Length": 6668.9469998473005, "OBJECTID": 5, "TravelDirection": "S", "LaneWidth_ft": 5, "LaneID": 5, "StreetName": "SE Murphy Blvd.", "LaneType": "One-Way B", "SurfaceType": "Concrete", "Status": "Pre-Existing", "StartDate": null, "EndDate": null, "MaintBy": "City of Joplin", "SpeedLimit_mph": null, "Crossing": null, "Grade": null, "Comments": null, "_layer": "sidewalk"}}, {"type": "Feature", "id": 6, "geometry": {"type": "LineString", "coordinates": [[-94.5012933768705, 37.08050398370885], [-94.50148264055375, 37.080796722209364], [-94.50164035971915, 37.08097994642627], [-94.50186510974342, 37.0811916007315], [-94.50212171234277, 37.08138201816923], [-94.5022180760321, 37.0814350682316], [-94.5023776976453, 37.081536856012654], [-94.50243489819108, 37.081598183491884], [-94.50248284607852, 37.08166894499497], [-94.5025181784441, 37.08178486112461], [-94.50252490949956, 37.08184079729758]]}, "properties": {"Shape_Length": 618.9750220299868, "OBJECTID": 6, "TravelDirection": "N", "LaneWidth_ft": 5, "LaneID": 6, "StreetName": "S Murphy Blvd.", "LaneType": "One-Way A", "SurfaceType": "Concrete", "Status": "Pre-Existing", "StartDate": null, "EndDate": null, "MaintBy": "City of Joplin", "SpeedLimit_mph": null, "Crossing": null, "Grade": null, "Comments": null, "_layer": "sidewalk"}}, {"type": "Feature", "id": 8, "geometry": {"type": "LineString", "coordinates": [[-94.50251733011116, 37.08198014352982], [-94.50244759378116, 37.084041195154605], [-94.50248160006477, 37.08415962000176], [-94.50253760727796, 37.08426156914123], [-94.50260490571469, 37.08435254863827], [-94.50266210825295, 37.08440511436247], [-94.50274118204106, 37.08446374501227], [-94.50286390810571, 37.084527516369185], [-94.50295316509812, 37.084568873910456], [-94.50304259667084, 37.08458571543596], [-94.50313335649477, 37.084599347059886], [-94.50325515495224, 37.08463154179515], [-94.50355488886535, 37.08466662110714], [-94.50379183743613, 37.08469757093852], [-94.50408120936936, 37.08473193195707], [-94.50422253094354, 37.08476360237373], [-94.50437226676527, 37.08481077252279], [-94.50455817512352, 37.08489365889629], [-94.504695295268, 37.08498328731558], [-94.50469781845408, 37.08498867863236], [-94.50479287869042, 37.085068198900956], [-94.50491065304365, 37.08518748018889], [-94.50497374882067, 37.08526632758909], [-94.50506881045165, 37.08537415369492]]}, "properties": {"Shape_Length": 1721.5264731875427, "OBJECTID": 8, "TravelDirection": "N", "LaneWidth_ft": 5, "LaneID": 7, "StreetName": "SE Murphy Blvd.", "LaneType": "One-Way A", "SurfaceType": "Concrete", "Status": "Pre-Existing", "StartDate": null, "EndDate": null, "MaintBy": "City of Joplin", "SpeedLimit_mph": null, "Crossing": null, "Grade": null, "Comments": null, "_layer": "sidewalk"}}, {"type": "Feature", "id": 9, "geometry": {"type": "LineString", "coordinates": [[-94.50690735668243, 37.08759052821715], [-94.50690840070183, 37.08759272599348], [-94.50689694882172, 37.08760260386067], [-94.50688362536822, 37.087601228620976], [-94.50677183085887, 37.087588296743185], [-94.50655477110202, 37.08758451340992], [-94.5062273878961, 37.08757751581302], [-94.5061878055467, 37.087572187746474], [-94.50615955039504, 37.08757179452557], [-94.50587347110348, 37.08757725451786], [-94.50589489414598, 37.08772240532142], [-94.50595598154247, 37.08785437972617], [-94.50600565207294, 37.08792630839896], [-94.5060503671867, 37.087975104595735], [-94.50610032306838, 37.08802651646348], [-94.50621582630392, 37.08811830057213], [-94.50633294974442, 37.08822592080075], [-94.5063945249675, 37.08835333526438], [-94.50643871186286, 37.08841479030299], [-94.50649993650238, 37.08848986575365], [-94.50656196704695, 37.088556681442164], [-94.50678017620015, 37.08883052466989], [-94.50688032907343, 37.088950998918264], [-94.50715358747519, 37.089261120108766], [-94.50729695049439, 37.0894251299909], [-94.50752750701162, 37.08969281818247], [-94.5079430783361, 37.090137380283394], [-94.50834688751316, 37.09054141647424], [-94.5087725901298, 37.09092126804365], [-94.50901158324262, 37.09113661641123], [-94.50916023111924, 37.091427105022206], [-94.50914332609176, 37.0916094681132], [-94.5091376782424, 37.09165714869523], [-94.50914398260979, 37.091737198445855], [-94.50916200767952, 37.09183227980048], [-94.5091909001988, 37.0918903854889], [-94.50935299713812, 37.092127281278344], [-94.50944840790662, 37.09226450821668], [-94.5095240105074, 37.092352384045036], [-94.50956274458845, 37.092388897976], [-94.5096240962626, 37.09243150074107], [-94.5096987875127, 37.09247961184077], [-94.50990296852964, 37.092599619842865], [-94.50996963957355, 37.09267236539722], [-94.51002223726532, 37.092744512857486], [-94.51009463841224, 37.09287441688869], [-94.5104569704586, 37.09388242038403], [-94.51055786048552, 37.094393905878356], [-94.51058587649139, 37.0946541994404], [-94.51058989306762, 37.09485286475315], [-94.51060677235085, 37.09512699419585], [-94.51062471629555, 37.09518617371631], [-94.51065139473523, 37.09524960393849], [-94.51074843447665, 37.095375002398086], [-94.51060655878075, 37.09551560176661], [-94.5105505618333, 37.09561730727882], [-94.51056360893557, 37.0956675634379], [-94.51058194902946, 37.09569496579352], [-94.51062352732728, 37.09572659863213], [-94.51065513664199, 37.09576685788212], [-94.51072613144899, 37.09609887490575], [-94.51081052174952, 37.096583131414306], [-94.51081863020802, 37.096891024740394], [-94.51081333893468, 37.097052602489924], [-94.51080742704444, 37.097177228933354], [-94.51078234959951, 37.097549600437645], [-94.51077123425686, 37.09817177029713], [-94.51076697864988, 37.09835552359216], [-94.51079242897313, 37.09856342601493], [-94.5110292118232, 37.09932091675945], [-94.51106394917315, 37.0994385980499], [-94.51106227370676, 37.099482485473956], [-94.51100594053777, 37.09957784727688], [-94.51099101589698, 37.09962032747657], [-94.51100606235603, 37.09968116972988], [-94.51106512206152, 37.09973709677619], [-94.51119895905772, 37.0997351702336], [-94.51146592663524, 37.09967223120125], [-94.51159330080664, 37.099738961200075], [-94.51166938255324, 37.099812952841866], [-94.511755838877, 37.09987103592828], [-94.511870555804, 37.09986911052151], [-94.51219078840465, 37.09973124356526], [-94.51224917636927, 37.09973183138718], [-94.51230077441531, 37.099756344630784], [-94.51240831891813, 37.100006889941504], [-94.51243226917993, 37.10031892827551], [-94.51237975149913, 37.10070180715137], [-94.51212406224822, 37.100939214763166], [-94.51213602424717, 37.10101578893088], [-94.5121769679485, 37.10106680435603], [-94.512433475632, 37.101223602385296], [-94.51249809070337, 37.10125260805746], [-94.51252354400776, 37.10125260537224], [-94.51254178582353, 37.1012446393446], [-94.51258457259546, 37.101301919920395], [-94.5128556516393, 37.10139041958912], [-94.5128513351822, 37.10147156682464], [-94.51286912622876, 37.101498879648084], [-94.51290505374156, 37.101546887422955], [-94.51303123440015, 37.101634638216176], [-94.5131109857275, 37.10157073640694], [-94.51313196967165, 37.10153935167664], [-94.51314598440635, 37.10148991197161], [-94.51315621780319, 37.10138750574457], [-94.51317833652541, 37.10103619348799], [-94.51320845421799, 37.10047996467076], [-94.51323015358817, 37.10044365972094], [-94.51326742653949, 37.10042192053597], [-94.51332161362174, 37.100418585723105], [-94.51336380050516, 37.10044163253425], [-94.51350866720472, 37.10060551187293], [-94.51375822695051, 37.10090542194902], [-94.51419444169863, 37.1014329124109], [-94.51460842355078, 37.1019039875391], [-94.51503334119414, 37.10236329657808], [-94.51494652326333, 37.10243303351195], [-94.5148253177176, 37.10255525591117], [-94.51477660442048, 37.10260355751431], [-94.51475735901109, 37.102634843190465], [-94.51480070264459, 37.10267360216583]]}, "properties": {"Shape_Length": 7982.323666914777, "OBJECTID": 9, "TravelDirection": "N", "LaneWidth_ft": 5, "LaneID": 8, "StreetName": "Landreth Trail", "LaneType": "One-Way A", "SurfaceType": "Concrete", "Status": null, "StartDate": null, "EndDate": null, "MaintBy": "City of Joplin", "SpeedLimit_mph": null, "Crossing": null, "Grade": null, "Comments": null, "_layer": "sidewalk"}}, {"type": "Feature", "id": 11, "geometry": {"type": "LineString", "coordinates": [[-94.50252440342638, 37.081842345437835], [-94.50252054564132, 37.08197853585794]]}, "properties": {"Shape_Length": 49.597344334807026, "OBJECTID": 11, "TravelDirection": "N", "LaneWidth_ft": 10, "LaneID": 9, "StreetName": "S Murphy Blvd.", "LaneType": "Two-Way/Shared", "SurfaceType": "Concrete", "Status": "Pre-Existing", "StartDate": null, "EndDate": null, "MaintBy": "City of Joplin", "SpeedLimit_mph": null, "Crossing": null, "Grade": null, "Comments": null, "_layer": "sidewalk"}}, {"type": "Feature", "id": 13, "geometry": {"type": "LineString", "coordinates": [[-94.48396509473822, 37.06935388601289], [-94.48396394770822, 37.06935389847356], [-94.48395902847004, 37.06913742865591]]}, "properties": {"Shape_Length": 79.16049262473636, "OBJECTID": 13, "TravelDirection": "S", "LaneWidth_ft": 5, "LaneID": 10, "StreetName": "SE Murphy Blvd.", "LaneType": "One-Way B", "SurfaceType": "Concrete", "Status": "Pre-Existing", "StartDate": null, "EndDate": null, "MaintBy": "City of Joplin", "SpeedLimit_mph": null, "Crossing": null, "Grade": null, "Comments": null, "_layer": "sidewalk"}}, {"type": "Feature", "id": 14, "geometry": {"type": "LineString", "coordinates": [[-94.5012933768705, 37.08050398370885], [-94.50148264055375, 37.080796722209364], [-94.50164035971915, 37.08097994642627], [-94.50186510974342, 37.0811916007315], [-94.50212171234277, 37.08138201816923], [-94.5022180760321, 37.0814350682316], [-94.5023776976453, 37.081536856012654], [-94.50243489819108, 37.081598183491884], [-94.50248284607852, 37.08166894499497], [-94.5025181784441, 37.08178486112461], [-94.50252490949956, 37.08184079729758]]}, "properties": {"Shape_Length": 618.9750220299868, "OBJECTID": 14, "TravelDirection": "N", "LaneWidth_ft": 5, "LaneID": 11, "StreetName": "S Murphy Blvd.", "LaneType": "One-Way A", "SurfaceType": "Concrete", "Status": "Pre-Existing", "StartDate": null, "EndDate": null, "MaintBy": "City of Joplin", "SpeedLimit_mph": null, "Crossing": null, "Grade": null, "Comments": null, "_layer": "sidewalk"}}, {"type": "Feature", "id": 15, "geometry": {"type": "LineString", "coordinates": [[-94.50254154522783, 37.08184017606858], [-94.50252792735118, 37.08174591888172], [-94.50249424130286, 37.081656010034486], [-94.50242765846895, 37.08156553775086], [-94.5023737369541, 37.08151875252777], [-94.50216232029886, 37.08138720970793], [-94.50194863091039, 37.081239248080955], [-94.50181171463362, 37.081120843561884], [-94.50159795002172, 37.08091104982502], [-94.50149937606255, 37.08079108817645], [-94.50136197949402, 37.08058609329703], [-94.50130610727064, 37.080498506541986]]}, "properties": {"Shape_Length": 620.807398218944, "OBJECTID": 15, "TravelDirection": "S", "LaneWidth_ft": 5, "LaneID": 12, "StreetName": "S Murphy Blvd.", "LaneType": "One-Way B", "SurfaceType": "Concrete", "Status": "Pre-Existing", "StartDate": null, "EndDate": null, "MaintBy": "City of Joplin", "SpeedLimit_mph": null, "Crossing": null, "Grade": null, "Comments": null, "_layer": "sidewalk"}}, {"type": "Feature", "id": 16, "geometry": {"type": "LineString", "coordinates": [[-94.50508394955757, 37.08536903196749], [-94.50486743077825, 37.08512359418008], [-94.50481696802316, 37.08507074179436], [-94.50469961716115, 37.084973756871506], [-94.50452646849202, 37.0848646709949], [-94.50439253346995, 37.084803241092054], [-94.50427600469867, 37.08476741671278], [-94.50410443187097, 37.08472273519905], [-94.50400147022626, 37.08470784406014], [-94.50355260284687, 37.084655894211274], [-94.50328211398107, 37.08462230364373], [-94.50296329540818, 37.08455819805733], [-94.5028857790697, 37.084527289657416], [-94.50273762704646, 37.08444278047453], [-94.50264772029865, 37.08437166951472], [-94.50258122893776, 37.08430113830182], [-94.50253474243843, 37.08422525395604], [-94.50249444802382, 37.084155931436904], [-94.50246259472448, 37.084044446996295], [-94.50252649659639, 37.082352858645116], [-94.50253292930844, 37.08199254805822]]}, "properties": {"Shape_Length": 1714.6113509786098, "OBJECTID": 16, "TravelDirection": "S", "LaneWidth_ft": 5, "LaneID": 13, "StreetName": "SE Murphy Blvd.", "LaneType": "One-Way B", "SurfaceType": "Concrete", "Status": "Pre-Existing", "StartDate": null, "EndDate": null, "MaintBy": "City of Joplin", "SpeedLimit_mph": null, "Crossing": null, "Grade": null, "Comments": null, "_layer": "sidewalk"}}, {"type": "Feature", "id": 17, "geometry": {"type": "LineString", "coordinates": [[-94.51481826993681, 37.102656093915144], [-94.51477639857795, 37.102638506575474], [-94.51493077136712, 37.10247104473613], [-94.5150610803826, 37.102366264952], [-94.51443139956247, 37.10168336095584], [-94.51391103024568, 37.101070399228725], [-94.51377156463381, 37.1008972724721], [-94.51366912909617, 37.10077457698259], [-94.51359587181398, 37.1006893727722], [-94.51355110705525, 37.10063309032155], [-94.51347032626185, 37.10053632822155], [-94.51341989132054, 37.10047787376284], [-94.51338748361084, 37.100439875381916], [-94.51335057402139, 37.100410108331346], [-94.51331297957853, 37.10040100042946], [-94.51327459548565, 37.100405291361355], [-94.51321965723089, 37.100429876454704], [-94.51319408462113, 37.10046689552094], [-94.51318582379302, 37.10051894424481], [-94.51316645780916, 37.10095288534536], [-94.51313961913621, 37.10132731095804], [-94.51312904813031, 37.10146178448246], [-94.51311508609476, 37.101529814287616], [-94.51308787971496, 37.101567813923424], [-94.51302723925565, 37.101613634447], [-94.51291480716439, 37.10153107620901], [-94.51288475935064, 37.101492005107524], [-94.51286446076064, 37.101445383356655], [-94.5128653154873, 37.10138383856197], [-94.51259668088144, 37.10129402302021], [-94.51254745784468, 37.10122936836259], [-94.51251911571065, 37.10124415243171], [-94.51249705335711, 37.101245217179354], [-94.51244242667978, 37.10121970680522], [-94.51241906573027, 37.10120488312407], [-94.51232119816898, 37.101143554984624], [-94.51220047335032, 37.10106395530152], [-94.51215362149792, 37.101015358195546], [-94.51214217157869, 37.1009401680978], [-94.51238967793877, 37.1007191031175], [-94.51240464010034, 37.10064111680627], [-94.51244782449638, 37.10031218896739], [-94.51242804227394, 37.099993355752126], [-94.51232475862733, 37.0997533459154], [-94.51227532370315, 37.0997274726677], [-94.51219604449845, 37.09971119670091], [-94.5118595821854, 37.09985152715677], [-94.5117589737953, 37.0998537467223], [-94.51168775624157, 37.09980827331667], [-94.51159514723764, 37.09972635975222], [-94.51147248437832, 37.09965868762874], [-94.51119193358274, 37.09972027808033], [-94.51108312802005, 37.09972552831366], [-94.51102930451482, 37.09968099455549], [-94.51100741845954, 37.09962239132322], [-94.5110861816894, 37.09947387123363], [-94.51108418409889, 37.099445567227974], [-94.51101166082938, 37.09921854209629], [-94.51091850031827, 37.09892083672382], [-94.51081746385069, 37.098586009419606], [-94.5107959685817, 37.09843979105007], [-94.51078709521816, 37.09835511535874], [-94.5107967679673, 37.09758813555296], [-94.5108187516594, 37.09726262711528], [-94.51083184614738, 37.09701030129006], [-94.51082135357751, 37.09661330716165], [-94.5108182630367, 37.096555576234735], [-94.51075257941227, 37.09616039473985], [-94.5107153576592, 37.095968783752724], [-94.51065358128328, 37.09572964442854], [-94.51058363515749, 37.095669723441745], [-94.5105670273228, 37.095617074224826], [-94.51061155619438, 37.09553535929905], [-94.5107667488211, 37.09537150258499], [-94.51075855121019, 37.095353383586975], [-94.51071174959853, 37.0953025204412], [-94.51067629023075, 37.095248953793956], [-94.51065134663567, 37.09521135946375], [-94.51062476803807, 37.09512974370772], [-94.51059741639487, 37.09463407637446], [-94.51057436352299, 37.094431029699955], [-94.51047170919153, 37.09387647168323], [-94.51028489881763, 37.0933554578866], [-94.51011272835022, 37.09287104605461], [-94.51003023829779, 37.09272551113434], [-94.50997075130442, 37.092640677367754], [-94.50991297627982, 37.0925886226216], [-94.50972352838114, 37.09248193020282], [-94.5096390323433, 37.092422276549684], [-94.5095696902796, 37.092376580887134], [-94.50947181854062, 37.0922714098413], [-94.50925917407744, 37.09196371705624], [-94.50917678719559, 37.091831172080546], [-94.50916166512111, 37.09174320125447], [-94.50915186003535, 37.091652833932635], [-94.50918379443235, 37.09142453049773], [-94.50901385623152, 37.09112416273674], [-94.50794058320295, 37.09011360975734], [-94.5069061705726, 37.08896057904695], [-94.50652367037613, 37.088492045166156], [-94.50635854715698, 37.08823925333551], [-94.50629141179216, 37.08816216591658], [-94.50611663775251, 37.088017551260016], [-94.50602991009754, 37.08793074519502], [-94.50591036160016, 37.08772524038333], [-94.50588537341741, 37.08758687520997], [-94.50616012805897, 37.08757968652408], [-94.50625018853457, 37.08758756212664], [-94.50676987312463, 37.08759451459833], [-94.50688972833811, 37.0876111343033]]}, "properties": {"Shape_Length": 7964.483443848709, "OBJECTID": 17, "TravelDirection": "S", "LaneWidth_ft": 5, "LaneID": 14, "StreetName": "Landreth Trail", "LaneType": "One-Way B", "SurfaceType": "Asphalt & Concrete", "Status": "Pre-Existing", "StartDate": null, "EndDate": null, "MaintBy": "City of Joplin", "SpeedLimit_mph": null, "Crossing": null, "Grade": null, "Comments": null, "_layer": "sidewalk"}}, {"type": "Feature", "id": 20, "geometry": {"type": "LineString", "coordinates": [[-94.50676146070215, 37.087303254344015], [-94.50555715159345, 37.08587536230619]]}, "properties": {"Shape_Length": 627.4248117579116, "OBJECTID": 20, "TravelDirection": "S", "LaneWidth_ft": 5, "LaneID": 15, "StreetName": "SE Murphy Blvd.", "LaneType": "One-Way B", "SurfaceType": "Concrete", "Status": "Pre-Existing", "StartDate": null, "EndDate": null, "MaintBy": "City of Joplin", "SpeedLimit_mph": null, "Crossing": null, "Grade": null, "Comments": null, "_layer": "sidewalk"}}, {"type": "Feature", "id": 22, "geometry": {"type": "LineString", "coordinates": [[-94.50675899676298, 37.08730890271884], [-94.50678507182357, 37.08733307113169], [-94.50679182543476, 37.087361636321035], [-94.50682772938677, 37.08740207662685], [-94.50685970541758, 37.087428430805694], [-94.5068746236918, 37.087465843636785], [-94.50690755246924, 37.08760370261274]]}, "properties": {"Shape_Length": 119.06735705061766, "OBJECTID": 22, "TravelDirection": "N/S", "LaneWidth_ft": 5, "LaneID": 16, "StreetName": "SE Murphy Blvd.", "LaneType": "Two-Way/Shared", "SurfaceType": "Concrete", "Status": "Pre-Existing", "StartDate": null, "EndDate": null, "MaintBy": "City of Joplin", "SpeedLimit_mph": null, "Crossing": null, "Grade": null, "Comments": "Currently under intersection construction", "_layer": "sidewalk"}}, {"type": "Feature", "id": 23, "geometry": {"type": "LineString", "coordinates": [[-94.50554664315793, 37.08588071726787], [-94.50675020195553, 37.08730910687329]]}, "properties": {"Shape_Length": 627.4524335155833, "OBJECTID": 23, "TravelDirection": "N", "LaneWidth_ft": 5, "LaneID": 17, "StreetName": "SE Murphy Blvd.", "LaneType": "One-Way A", "SurfaceType": "Concrete", "Status": "Pre-Existing", "StartDate": null, "EndDate": null, "MaintBy": "City of Joplin", "SpeedLimit_mph": null, "Crossing": null, "Grade": null, "Comments": null, "_layer": "sidewalk"}}, {"type": "Feature", "id": 24, "geometry": {"type": "LineString", "coordinates": [[-94.51801752789731, 37.061241729304996], [-94.5182931382404, 37.061251198513986], [-94.51838689726273, 37.06124450577297], [-94.51847723803175, 37.061219225959476], [-94.51859015519439, 37.061144996067355], [-94.51910860565384, 37.06075238038344], [-94.51932658434993, 37.06057315069782], [-94.51945327902378, 37.06044490151433], [-94.51958104871429, 37.06029239819902], [-94.5198034495921, 37.060009696855836], [-94.52014471085836, 37.05957830621267], [-94.52030443973575, 37.05936714414293], [-94.52038650526701, 37.05926109000553], [-94.52051402787325, 37.05917405614608], [-94.5205334496489, 37.05917081143397], [-94.52052994573901, 37.05912788237167], [-94.52053821549084, 37.05910663507956], [-94.5206321579105, 37.058977984764404], [-94.5208116167684, 37.05881106117055], [-94.52137093606878, 37.05827550237318], [-94.52154654859469, 37.05813655291833], [-94.52165553279109, 37.05808128499658], [-94.52176293699773, 37.05800994476793], [-94.52188219980397, 37.05792717146195], [-94.5220400837838, 37.057811345647366], [-94.52223247804703, 37.05762835218004], [-94.52233928672499, 37.05756233989857], [-94.52242281291981, 37.05753023411523], [-94.5225988542463, 37.05749215964463], [-94.52268075152509, 37.057457853437924], [-94.52273904789202, 37.05740676370797], [-94.52279513549345, 37.05732035650991], [-94.5228471137719, 37.057272557953524], [-94.52291627057093, 37.05722692236594], [-94.52298761796477, 37.05720134990236], [-94.52306365234789, 37.05718557894249], [-94.52334188536446, 37.057191712564496], [-94.52334188317565, 37.05719190810946]]}, "properties": {"Shape_Length": 2243.7714721105126, "OBJECTID": 24, "TravelDirection": "W", "LaneWidth_ft": 5, "LaneID": 18, "StreetName": "Mohaska", "LaneType": "One-Way A", "SurfaceType": "Concrete", "Status": "Pre-Existing", "StartDate": null, "EndDate": null, "MaintBy": "City of Joplin", "SpeedLimit_mph": null, "Crossing": null, "Grade": null, "Comments": null, "_layer": "sidewalk"}}, {"type": "Feature", "id": 25, "geometry": {"type": "LineString", "coordinates": [[-94.52335501947353, 37.05718231753457], [-94.5233550194644, 37.05718228779738], [-94.52306961311085, 37.05717252766459], [-94.52298832852959, 37.057186345101634], [-94.52290948190655, 37.057212650729056], [-94.52283175528848, 37.05726588986836], [-94.52277495801422, 37.057313727190575], [-94.52272837344262, 37.05738490621927], [-94.52267659334994, 37.05744177182276], [-94.5225796203427, 37.05747883474044], [-94.52242988614229, 37.0575106603042], [-94.52232528611331, 37.057550659425246], [-94.52222313251907, 37.057613553824844], [-94.52214524205706, 37.057690273201736], [-94.52201545144842, 37.057812316228805], [-94.52186946947968, 37.057914615707176], [-94.52168415013449, 37.058045274350576], [-94.52154748726869, 37.05811604941203], [-94.52134317797237, 37.05827702576869], [-94.52105355997088, 37.05855068930923], [-94.52093098456588, 37.05867238381925], [-94.52063502474167, 37.058947639729496], [-94.52051510960827, 37.059120043334886], [-94.52051228541886, 37.05916280498132], [-94.52038105968565, 37.05924363161462], [-94.52027609198196, 37.059376899180116], [-94.52016450024848, 37.05951914299572], [-94.5200003194397, 37.05973555288171], [-94.5196895402891, 37.060123434364066], [-94.51939865837853, 37.06047859275892], [-94.51928268039262, 37.06058505270959], [-94.51914795955057, 37.0607014063341], [-94.51894265454754, 37.06085847677157], [-94.51850696464541, 37.0611838935728], [-94.51841249840123, 37.06122295407184], [-94.51830314586361, 37.06123377279358], [-94.51822305934625, 37.06122934887803], [-94.5180015851331, 37.06122414264227], [-94.51800158178794, 37.061224261591455]]}, "properties": {"Shape_Length": 2249.351360435356, "OBJECTID": 25, "TravelDirection": "E", "LaneWidth_ft": 5, "LaneID": 19, "StreetName": "Mohaska", "LaneType": "One-Way B", "SurfaceType": "Concrete", "Status": "Pre-Existing", "StartDate": null, "EndDate": null, "MaintBy": "City of Joplin", "SpeedLimit_mph": null, "Crossing": null, "Grade": null, "Comments": null, "_layer": "sidewalk"}}, {"type": "Feature", "id": 26, "geometry": {"type": "LineString", "coordinates": [[-94.52904694833265, 37.053975649637536], [-94.52906743780702, 37.054046544415186], [-94.52910364715966, 37.054063693002114], [-94.52915023505477, 37.054213144339705], [-94.52921131214515, 37.054429959461004], [-94.52928568709973, 37.0546940804397], [-94.52946982655854, 37.05530606328973], [-94.52957036630667, 37.05565082301425], [-94.52968116211177, 37.055961059694205], [-94.5297102104421, 37.05603004360828], [-94.52974172580684, 37.0561167682842], [-94.52980673047563, 37.05630874518263], [-94.52982261712978, 37.056379735576336], [-94.52983745417299, 37.05648645951861], [-94.52983543337761, 37.056672248968574], [-94.52981933407857, 37.05677635570121], [-94.52979785093608, 37.05687368911034], [-94.52974948464934, 37.05701476364812], [-94.52969879644851, 37.05711271982497], [-94.52965117539878, 37.05719342674346], [-94.52958357581291, 37.05728645883115], [-94.52949676218466, 37.05738319207983], [-94.52935999908654, 37.057504577145046], [-94.52922476358007, 37.05760255310391], [-94.52908952085544, 37.057679585821944], [-94.52890047542894, 37.05775847971473], [-94.52872679335766, 37.057814577387646], [-94.52847471753302, 37.05787870105975], [-94.52830103693316, 37.05794034274068], [-94.52817270205074, 37.05799642877439], [-94.52803054158029, 37.05807962202505], [-94.52789837895052, 37.05817882757696], [-94.52778620395121, 37.058290349405205], [-94.52767788135766, 37.058428357943285], [-94.5275711150086, 37.058620572388264], [-94.52754040185096, 37.058708667351446], [-94.52751507168749, 37.058801688417226], [-94.52750280012555, 37.058873146996184], [-94.52748830087266, 37.05916205153005], [-94.5274623044254, 37.059540894737474], [-94.52744627759218, 37.059859983718106], [-94.52742021997757, 37.06006696406229], [-94.52740665784593, 37.0601899249904]]}, "properties": {"Shape_Length": 2616.04557320102, "OBJECTID": 26, "TravelDirection": "N", "LaneWidth_ft": 5, "LaneID": 20, "StreetName": "St Johns", "LaneType": "One-Way A", "SurfaceType": "Concrete", "Status": "Pre-Existing", "StartDate": null, "EndDate": null, "MaintBy": "City of Joplin", "SpeedLimit_mph": null, "Crossing": null, "Grade": null, "Comments": null, "_layer": "sidewalk"}}, {"type": "Feature", "id": 27, "geometry": {"type": "LineString", "coordinates": [[-94.52742541346632, 37.060175989242204], [-94.52745782646416, 37.059913571935155], [-94.52746931361789, 37.05979591460502], [-94.52748305397613, 37.059534729831796], [-94.52752604580922, 37.05887684703741], [-94.52753429380957, 37.05881954789089], [-94.52755654877716, 37.058726527535654], [-94.52758802630558, 37.05862857676904], [-94.5277308970554, 37.058379682020394], [-94.5278131016572, 37.05828233478965], [-94.5279344995987, 37.05817019529498], [-94.52807665353427, 37.05806852275701], [-94.52820190956821, 37.05799888551523], [-94.52831180192135, 37.05795019579502], [-94.52851699059454, 37.05787930727659], [-94.52869144899262, 37.05784169003065], [-94.52888895576129, 37.05778373839962], [-94.52902958735703, 37.057725800369944], [-94.52915407660801, 37.057662937878774], [-94.5292739504404, 37.057592068982856], [-94.52938997456674, 37.05750456972294], [-94.5294875497874, 37.05741091393137], [-94.52959357236367, 37.05730062475484], [-94.52965272509873, 37.05722607418101], [-94.52970034544684, 37.05714351905138], [-94.52975026982007, 37.057056035061024], [-94.52978942847571, 37.05695438623558], [-94.52982627808792, 37.05684534603224], [-94.52985082341918, 37.05672090865336], [-94.52985309615994, 37.05663590027483], [-94.52985921288119, 37.05655335550976], [-94.52984762929559, 37.05641414422551], [-94.52983146013854, 37.056339612477686], [-94.52977143429077, 37.05614558878625], [-94.52964372184687, 37.05581421598822], [-94.52957139622883, 37.05561033962409], [-94.52953522046953, 37.05547606177716], [-94.5294374793208, 37.05513359198344], [-94.52933358699403, 37.05478003704236], [-94.52912402268471, 37.05406568760351], [-94.52911744276683, 37.05405273821693], [-94.52908120444083, 37.05403920856856], [-94.52906183802153, 37.053973897804134]]}, "properties": {"Shape_Length": 2613.2456033647336, "OBJECTID": 27, "TravelDirection": "S", "LaneWidth_ft": 5, "LaneID": 21, "StreetName": "St Johns", "LaneType": "One-Way B", "SurfaceType": "Concrete", "Status": "Pre-Existing", "StartDate": null, "EndDate": null, "MaintBy": "City of Joplin", "SpeedLimit_mph": null, "Crossing": null, "Grade": null, "Comments": null, "_layer": "sidewalk"}}, {"type": "Feature", "id": 28, "geometry": {"type": "LineString", "coordinates": [[-94.52761251714064, 37.06019447660315], [-94.52761331209499, 37.06019448362713], [-94.52758972989125, 37.06037422507451], [-94.52748529195888, 37.06062695938244], [-94.52766271865397, 37.06065385370929], [-94.52767988489103, 37.06066595183147], [-94.52766210185061, 37.06106095026319], [-94.52764678239905, 37.06118061348583], [-94.52762275797902, 37.06121432030181], [-94.52758460257787, 37.061240677209426], [-94.5275278253404, 37.06126299146936], [-94.52724930787748, 37.06126486613329], [-94.52724431024741, 37.06134775737523]]}, "properties": {"Shape_Length": 568.7884365926114, "OBJECTID": 28, "TravelDirection": "N", "LaneWidth_ft": 5, "LaneID": 22, "StreetName": "Mercy Park", "LaneType": "One-Way A", "SurfaceType": "Concrete", "Status": "Pre-Existing", "StartDate": null, "EndDate": null, "MaintBy": "City of Joplin", "SpeedLimit_mph": null, "Crossing": null, "Grade": null, "Comments": null, "_layer": "sidewalk"}}, {"type": "Feature", "id": 30, "geometry": {"type": "LineString", "coordinates": [[-94.52317187167539, 37.05997341746418], [-94.52319386989052, 37.05998980195156], [-94.52330448040891, 37.05999740110089], [-94.52337027631536, 37.06001036708142], [-94.5236432848501, 37.060017723849676], [-94.52385289114225, 37.0600188894002], [-94.52398989242765, 37.06001900235095], [-94.52422886994823, 37.06001560429788], [-94.52459397860629, 37.05999318844312], [-94.52469471043163, 37.05996995900689], [-94.52482072894341, 37.059971404247506], [-94.52521884972091, 37.05993936093465], [-94.52532111012512, 37.05992864368286], [-94.52534104254624, 37.060040896348426], [-94.5255163418427, 37.060037085757415], [-94.52559940968729, 37.06004225834975], [-94.52576229670026, 37.06006495850838], [-94.5260745422444, 37.06013338851227], [-94.52621503064749, 37.060156794947176], [-94.52637101640752, 37.060172689586715], [-94.52652473665431, 37.060175923702026], [-94.52737771892791, 37.06019249537688], [-94.52761251714064, 37.06019447660315]]}, "properties": {"Shape_Length": 1342.1041554131352, "OBJECTID": 30, "TravelDirection": "E", "LaneWidth_ft": 5, "LaneID": 23, "StreetName": "E 28th St.", "LaneType": "One-Way A", "SurfaceType": "Concrete", "Status": "Pre-Existing", "StartDate": null, "EndDate": null, "MaintBy": "City of Joplin", "SpeedLimit_mph": null, "Crossing": null, "Grade": null, "Comments": null, "_layer": "sidewalk"}}, {"type": "Feature", "id": 32, "geometry": {"type": "LineString", "coordinates": [[-94.52334188317565, 37.05719190810946], [-94.5233394553657, 37.05744416011709], [-94.52329132501525, 37.05830917735063], [-94.52327176316496, 37.05836440763839], [-94.52324005899243, 37.058437527665696], [-94.52317125986418, 37.059972961613724], [-94.52317187167539, 37.05997341746418]]}, "properties": {"Shape_Length": 1015.8053497570565, "OBJECTID": 32, "TravelDirection": "S", "LaneWidth_ft": 5, "LaneID": 24, "StreetName": "Jackson", "LaneType": "One-Way A", "SurfaceType": "Concrete", "Status": "Pre-Existing", "StartDate": null, "EndDate": null, "MaintBy": "City of Joplin", "SpeedLimit_mph": null, "Crossing": null, "Grade": null, "Comments": null, "_layer": "sidewalk"}}, {"type": "Feature", "id": 34, "geometry": {"type": "LineString", "coordinates": [[-94.51470520957633, 37.06213401266553], [-94.51535022210578, 37.062145657314105], [-94.5154931901568, 37.0621462550994], [-94.51553700195261, 37.062143784789775], [-94.51567613037452, 37.06216224678113], [-94.5157299346252, 37.062163471498685], [-94.51588135589265, 37.062157291226804], [-94.51612347914005, 37.06216095498626], [-94.51655468936818, 37.06217198305239], [-94.51665384067371, 37.06215718530024], [-94.51677682380891, 37.062160864391274], [-94.51686675766209, 37.06216947541571], [-94.51738405586453, 37.062181720035596], [-94.5178021995236, 37.062193361851136], [-94.51783755782972, 37.06219582111983], [-94.51798667249098, 37.062188406668064], [-94.51798667584279, 37.062188315653856]]}, "properties": {"Shape_Length": 959.2334170978801, "OBJECTID": 34, "TravelDirection": "W", "LaneWidth_ft": 5, "LaneID": 25, "StreetName": "E 26th St.", "LaneType": "One-Way A", "SurfaceType": "Concrete", "Status": "Pre-Existing", "StartDate": null, "EndDate": null, "MaintBy": "City of Joplin", "SpeedLimit_mph": null, "Crossing": null, "Grade": null, "Comments": null, "_layer": "sidewalk"}}, {"type": "Feature", "id": 36, "geometry": {"type": "LineString", "coordinates": [[-94.51798667584279, 37.062188315653856], [-94.51801749079134, 37.061241728409506], [-94.51801752789731, 37.061241729304996]]}, "properties": {"Shape_Length": 344.7629742547344, "OBJECTID": 36, "TravelDirection": "S", "LaneWidth_ft": 5, "LaneID": 26, "StreetName": "Pearl Ave.", "LaneType": "One-Way A", "SurfaceType": "Concrete", "Status": "Pre-Existing", "StartDate": null, "EndDate": null, "MaintBy": "City of Joplin", "SpeedLimit_mph": null, "Crossing": null, "Grade": null, "Comments": null, "_layer": "sidewalk"}}, {"type": "Feature", "id": 39, "geometry": {"type": "LineString", "coordinates": [[-94.52726719170614, 37.06134962465845], [-94.52726964044864, 37.06127669234726], [-94.52753206091373, 37.061278256465606], [-94.5276014104413, 37.0612533151997], [-94.52765490430048, 37.06120607201307], [-94.52767189355423, 37.06116395932407], [-94.52769672692692, 37.06071103935952], [-94.52769804975618, 37.060662990996384], [-94.52767528199354, 37.06064546669994], [-94.52750389006033, 37.06061871337088], [-94.52760389220585, 37.06038166238027], [-94.52762915678359, 37.060181043242615]]}, "properties": {"Shape_Length": 571.8881155265146, "OBJECTID": 39, "TravelDirection": "S", "LaneWidth_ft": 5, "LaneID": 27, "StreetName": "Mercy Park", "LaneType": "One-Way B", "SurfaceType": "Concrete", "Status": "Pre-Existing", "StartDate": null, "EndDate": null, "MaintBy": "City of Joplin", "SpeedLimit_mph": null, "Crossing": null, "Grade": null, "Comments": null, "_layer": "sidewalk"}}, {"type": "Feature", "id": 40, "geometry": {"type": "LineString", "coordinates": [[-94.52762915678359, 37.060181043242615], [-94.52762916014764, 37.06018101801029], [-94.52736334745103, 37.06017857088332], [-94.52632737783362, 37.06015477497425], [-94.52620651632841, 37.060139414100384], [-94.52600974760522, 37.06010722501423], [-94.52575177554702, 37.06004123413453], [-94.52562123605112, 37.06002413288709], [-94.52552089434991, 37.06001974890838], [-94.52536094586415, 37.060024992621], [-94.52534193317176, 37.059912730750725], [-94.52480753174522, 37.05995716740828], [-94.52470086973281, 37.05995561719884], [-94.52459064274274, 37.05997995429102], [-94.52412311967586, 37.0599996038208], [-94.52381559488153, 37.06000825098582], [-94.52377135635064, 37.06001485069695], [-94.52369022627971, 37.059999732507634], [-94.52338131243289, 37.05999618027598], [-94.52329078752103, 37.05998280824539], [-94.5232101708692, 37.05998061628529], [-94.52318768672238, 37.05996729933025], [-94.52318768783826, 37.05996727139511]]}, "properties": {"Shape_Length": 1342.9607287144208, "OBJECTID": 40, "TravelDirection": "E", "LaneWidth_ft": 5, "LaneID": 28, "StreetName": "E 28th St.", "LaneType": "One-Way B", "SurfaceType": "Concrete", "Status": "Pre-Existing", "StartDate": null, "EndDate": null, "MaintBy": "City of Joplin", "SpeedLimit_mph": null, "Crossing": null, "Grade": null, "Comments": null, "_layer": "sidewalk"}}, {"type": "Feature", "id": 42, "geometry": {"type": "LineString", "coordinates": [[-94.52318768783826, 37.05996727139511], [-94.52323547044034, 37.05892434689858], [-94.52323477548966, 37.05886876464605], [-94.52324255402667, 37.05881367815505], [-94.52324503945937, 37.058797053684664], [-94.52326023776162, 37.05844359189793], [-94.52328420714625, 37.058377180469385], [-94.52330916052826, 37.05830778701376], [-94.52334516404628, 37.057595619483756], [-94.52335411455539, 37.05744342011055], [-94.52335501947353, 37.05718231753457]]}, "properties": {"Shape_Length": 1016.7483223889607, "OBJECTID": 42, "TravelDirection": "S", "LaneWidth_ft": 5, "LaneID": 29, "StreetName": "Jackson", "LaneType": "One-Way B", "SurfaceType": "Concrete", "Status": "Pre-Existing", "StartDate": null, "EndDate": null, "MaintBy": "City of Joplin", "SpeedLimit_mph": null, "Crossing": null, "Grade": null, "Comments": null, "_layer": "sidewalk"}}, {"type": "Feature", "id": 44, "geometry": {"type": "LineString", "coordinates": [[-94.5179720695491, 37.06217904888453], [-94.51797206620408, 37.06217916873483], [-94.517831403848, 37.06217672628204], [-94.51758851177263, 37.06216998607356], [-94.51731026132522, 37.062160171384434], [-94.51697513233111, 37.06215344424395], [-94.51681986554574, 37.06214915447092], [-94.51676375372615, 37.062141770475804], [-94.51664922588517, 37.06214117023385], [-94.5165577594116, 37.062152886860886], [-94.51611732585133, 37.06214309189866], [-94.51586598008528, 37.06213942936037], [-94.51572301344268, 37.06214560849244], [-94.51564999218704, 37.062141922629614], [-94.51554699325516, 37.06213639154346], [-94.51549933553379, 37.0621314704219], [-94.51532024319633, 37.06213210915393], [-94.51470686330468, 37.06211493922547]]}, "properties": {"Shape_Length": 953.9595520016685, "OBJECTID": 44, "TravelDirection": "E", "LaneWidth_ft": 5, "LaneID": 30, "StreetName": "E 26th St.", "LaneType": "One-Way B", "SurfaceType": "Concrete", "Status": "Pre-Existing", "StartDate": null, "EndDate": null, "MaintBy": "City of Joplin", "SpeedLimit_mph": null, "Crossing": null, "Grade": null, "Comments": null, "_layer": "sidewalk"}}, {"type": "Feature", "id": 46, "geometry": {"type": "LineString", "coordinates": [[-94.51800158178794, 37.061224261591455], [-94.5179720695491, 37.06217904888453]]}, "properties": {"Shape_Length": 347.7270003780122, "OBJECTID": 46, "TravelDirection": "N", "LaneWidth_ft": 5, "LaneID": 31, "StreetName": "Pearl Ave.", "LaneType": "One-Way B", "SurfaceType": "Concrete", "Status": "Pre-Existing", "StartDate": null, "EndDate": null, "MaintBy": "City of Joplin", "SpeedLimit_mph": null, "Crossing": null, "Grade": null, "Comments": null, "_layer": "sidewalk"}}, {"type": "Feature", "id": 47, "geometry": {"type": "LineString", "coordinates": [[-94.50262286652726, 37.09514773091427], [-94.5025228434888, 37.095864876735085], [-94.50244715751867, 37.096470051309055], [-94.50235884793733, 37.096913509984795], [-94.50231738434358, 37.09701073092329], [-94.5022789336514, 37.09704616914446], [-94.50221650270382, 37.09709055052609], [-94.50208543827253, 37.09716176036741], [-94.50202590006958, 37.09719057563679], [-94.50198910741996, 37.097358822713524], [-94.50187472926577, 37.097909084921305], [-94.50172333007158, 37.0986036592662], [-94.50164763012924, 37.09898288519997], [-94.50151035337717, 37.099404966445434], [-94.501335724786, 37.0997841933467], [-94.50109043308699, 37.10027662207322], [-94.50095113183208, 37.10063239907147], [-94.50086230232455, 37.100965535785114], [-94.50084716226574, 37.10118951291864], [-94.50086129952352, 37.10152507373491], [-94.50086735721258, 37.101678703853985], [-94.50095215910193, 37.10208380262587], [-94.5011389220301, 37.10257299288898], [-94.50136203015226, 37.10310665357266], [-94.50158413130099, 37.10364920875524], [-94.50180421679651, 37.10417154958549], [-94.50205156559427, 37.10478121519285], [-94.50235747431383, 37.10551944449589], [-94.50254930057011, 37.10597143664593], [-94.5026919747182, 37.10634358319172], [-94.50277558722, 37.10661268704305], [-94.50282923116977, 37.10693990832917], [-94.50283081935956, 37.10723049131851], [-94.50280717135446, 37.107576665837506], [-94.50272200226466, 37.10795316351693], [-94.50256111652071, 37.10835619351792], [-94.50228980758467, 37.10879460158596], [-94.50202795620875, 37.109087716025115], [-94.50170615826414, 37.10938209501858], [-94.50145061062577, 37.109584243716974], [-94.5011051454798, 37.10979144620366], [-94.50072812814999, 37.10996453602127], [-94.50037161682852, 37.110098458345234], [-94.49903232030556, 37.11053559399086], [-94.49808107884739, 37.11083879983986], [-94.49659820125942, 37.11131633421131], [-94.49543554776137, 37.11168647285851], [-94.49509637499905, 37.11176352747813], [-94.4947493147567, 37.11183173629897], [-94.49435335092045, 37.111898678415706], [-94.4941829752182, 37.111925201810784], [-94.49396527378157, 37.11195172256127], [-94.49319700710454, 37.1120628609658], [-94.49243820198339, 37.112173994994016], [-94.49215581808905, 37.11222956574413], [-94.49179770734696, 37.112317979978634], [-94.4913417812228, 37.112474610605425], [-94.49089215700492, 37.11268303894867], [-94.49044883525458, 37.11293189476304], [-94.4903951926327, 37.112982426949394], [-94.49026582128971, 37.11307211822425], [-94.49007018641191, 37.113213602809964], [-94.48974989338556, 37.1135736462021], [-94.48946903820415, 37.113929902113405], [-94.48893413406059, 37.11467020936829], [-94.48838502096181, 37.11540672262309], [-94.48789901292979, 37.1160762785316], [-94.4875565883409, 37.116577815192116], [-94.48750293906123, 37.11663466287357], [-94.48730410243235, 37.11696944394653], [-94.48701252143609, 37.11754072369184], [-94.486760795187, 37.11815572123649], [-94.48662020926551, 37.118588027404655], [-94.48622311556758, 37.119750709041945], [-94.48576434500849, 37.12110881421096], [-94.48551029159223, 37.12183918927299], [-94.48523649247323, 37.122664315485515], [-94.48488129023612, 37.12370657900453], [-94.48485168841135, 37.12380133035144], [-94.48431639770283, 37.125380515317765], [-94.483877293585, 37.126681367470475], [-94.48334697083106, 37.12822773201967], [-94.48275234313586, 37.129952236843025], [-94.4822441037458, 37.13145837481428], [-94.48173090618819, 37.132990171418335], [-94.48113133837916, 37.13473515100027], [-94.48063290083435, 37.136229437243884], [-94.48007769912546, 37.1378441292269], [-94.47962365374642, 37.139152855917274], [-94.47917944812912, 37.14049119291688], [-94.47889071808135, 37.14131630013252], [-94.47882406947741, 37.14156896872261], [-94.47844403017267, 37.14262107506093], [-94.47810591948317, 37.14360607009479], [-94.47785672110882, 37.14408769427433], [-94.47764835254995, 37.14441229935312], [-94.47749120817657, 37.1446197825462], [-94.47734566749811, 37.14479641181368], [-94.47712136026506, 37.14504541036154], [-94.47693444630316, 37.14521921784158], [-94.47613649870607, 37.145988273674625]]}, "properties": {"Shape_Length": 21868.243092191104, "OBJECTID": 47, "TravelDirection": "N", "LaneWidth_ft": 5, "LaneID": 32, "StreetName": "Frisco Trail", "LaneType": "One-Way A", "SurfaceType": "Mixed", "Status": "Pre-Existing", "StartDate": null, "EndDate": null, "MaintBy": "City of Joplin", "SpeedLimit_mph": null, "Crossing": null, "Grade": null, "Comments": null, "_layer": "sidewalk"}}, {"type": "Feature", "id": 48, "geometry": {"type": "LineString", "coordinates": [[-94.4761478474672, 37.14599622467954], [-94.4763504494021, 37.1457996594716], [-94.47665355989083, 37.145511058711385], [-94.47704557897866, 37.145134339211566], [-94.47713650949756, 37.14504864738097], [-94.47732444387505, 37.14483602881442], [-94.47748509913006, 37.14464685263832], [-94.47768516889607, 37.144378443343825], [-94.47787110263516, 37.14408658228269], [-94.47811061648483, 37.14362654696842], [-94.47830975524167, 37.14306543213024], [-94.47850687239966, 37.1424978483421], [-94.47871308066924, 37.14191328521332], [-94.47884043827747, 37.14157208859916], [-94.47891120821902, 37.14132144283321], [-94.4790547486476, 37.14089130616873], [-94.47929127269316, 37.14022022945159], [-94.47994423542629, 37.1383023991498], [-94.47999174552092, 37.13814716046918], [-94.4800523923478, 37.13795958027272], [-94.48023229673252, 37.13745910163663], [-94.48036166343927, 37.13710173296141], [-94.48040412331692, 37.13694002414457], [-94.48048801062174, 37.13669908261097], [-94.48057897127416, 37.13644520396133], [-94.48076089229006, 37.13592693671716], [-94.48084781651515, 37.135653651663404], [-94.4810135641542, 37.135178234770926], [-94.48141681655153, 37.133985647663295], [-94.4815441589281, 37.13360240254687], [-94.48172101453703, 37.133097069200794], [-94.48187866902062, 37.132636204458876], [-94.48208079461, 37.132012013621946], [-94.4823192927271, 37.131305353203786], [-94.48255070839535, 37.13063345982533], [-94.48277302877555, 37.129971266910324], [-94.48343426041949, 37.12804351828366], [-94.4843266833491, 37.12543600833089], [-94.48471688829339, 37.12428803950413], [-94.4848808247982, 37.12378916809431], [-94.48493134689932, 37.12361937259756], [-94.485736341753, 37.12124141022738], [-94.48585660681998, 37.120887979466566], [-94.48687917867832, 37.11790376119433], [-94.48707715718348, 37.11744612691644], [-94.48739328841992, 37.11685751571474], [-94.48753872312425, 37.11661819150347], [-94.48775383080572, 37.11633278574816], [-94.48831432338567, 37.11553962517088], [-94.48873544037542, 37.1149680002687], [-94.48952027249743, 37.113883509878484], [-94.48980419161951, 37.1135405987671], [-94.49005536285206, 37.11326808588447], [-94.49039098288642, 37.1130037362552], [-94.49049341934874, 37.112923423328205], [-94.49118901701812, 37.112556299253065], [-94.49153384295812, 37.11242255695168], [-94.49198573827726, 37.112284767699705], [-94.49243455645862, 37.11218505869416], [-94.49300866282205, 37.11210159540032], [-94.4940005053307, 37.111961611421854], [-94.49476375728189, 37.11184931595819], [-94.49510346949975, 37.111775637002424], [-94.49549227965363, 37.11168504134974], [-94.49997181670561, 37.110245481858534], [-94.5004060843421, 37.110100696611575], [-94.50090805144622, 37.10990532766993], [-94.50122937631137, 37.10973780498083], [-94.50132425775352, 37.10967676667373], [-94.50146370497707, 37.10958812287296], [-94.50202856807324, 37.10912231087243], [-94.50232733864655, 37.10877255047353], [-94.50256880448686, 37.10839156047275], [-94.50263601561606, 37.10823557979193], [-94.50273950618481, 37.10797065293513], [-94.50282198121266, 37.10761097559902], [-94.50283718463074, 37.107457825523845], [-94.50286179526273, 37.10704436168997], [-94.50282852750625, 37.106836170591954], [-94.50278084421036, 37.10653627830778], [-94.50242800975742, 37.1056327146944], [-94.50114479531553, 37.102540864301695], [-94.50099378086027, 37.10212282889168], [-94.50092972478502, 37.10187588647576], [-94.50089911174773, 37.101668772373245], [-94.5008729044298, 37.101364317424974], [-94.50086948803575, 37.101190008373315], [-94.50088716832524, 37.10096928606413], [-94.50099218497051, 37.100608052268576], [-94.50108877814174, 37.10034972547221], [-94.50155172479138, 37.09936210321698], [-94.5016673445975, 37.09900192379838], [-94.5020570084797, 37.09719893750224], [-94.50226936116958, 37.09707322638078], [-94.50234249623378, 37.097002205827366], [-94.5023686267482, 37.09693919984311], [-94.50239179964022, 37.09683710148868], [-94.50246688559552, 37.096436954532756], [-94.50264278563442, 37.09515319036484]]}, "properties": {"Shape_Length": 21863.96875516762, "OBJECTID": 48, "TravelDirection": null, "LaneWidth_ft": 5, "LaneID": 33, "StreetName": "Frisco Trail", "LaneType": "One-Way B", "SurfaceType": "Mixed", "Status": "Pre-Existing", "StartDate": null, "EndDate": null, "MaintBy": "City of Joplin", "SpeedLimit_mph": null, "Crossing": null, "Grade": null, "Comments": null, "_layer": "sidewalk"}}, {"type": "Feature", "id": 49, "geometry": {"type": "LineString", "coordinates": [[-94.48524127290929, 37.098325323443], [-94.48537616901612, 37.09829947078627], [-94.48552538697365, 37.09828530275365], [-94.48592253512297, 37.09828620302842], [-94.48624627135355, 37.098294134837076], [-94.48651679209286, 37.0983098066565], [-94.4869997452233, 37.09832795509083], [-94.48743398704946, 37.098335820927964], [-94.48763058685458, 37.098329958183314], [-94.48771190820388, 37.09831665528525], [-94.48776982679883, 37.09829693123788], [-94.48782981198703, 37.09825570573563], [-94.48785934177045, 37.098216615447626], [-94.48788141170492, 37.09816460772693], [-94.48788816378128, 37.0980724102603], [-94.48787906316078, 37.097985707107256], [-94.48777647843782, 37.09764744561457], [-94.48776452865013, 37.09758072270217], [-94.48777630994816, 37.09750582636833], [-94.48782331248732, 37.097451019635464], [-94.48786899758497, 37.097424788188164], [-94.48790648899016, 37.09742383502759], [-94.48795163895778, 37.09743065029429], [-94.48799196318245, 37.09746413282189], [-94.48802854846423, 37.097516753861065], [-94.48811266905955, 37.09758151415488], [-94.48827370719032, 37.09766982830359], [-94.48835233858495, 37.09771119569097], [-94.48842875874307, 37.09777250551187], [-94.48851890619211, 37.0978607348893], [-94.48871809297884, 37.098152329613974], [-94.48877641279344, 37.0982012777125], [-94.48883789769278, 37.09823923691414], [-94.48895634703939, 37.09828004714169], [-94.48909353295332, 37.09829623495415], [-94.48921376529303, 37.098299500799776], [-94.48934158407384, 37.09827299237888], [-94.48946391438754, 37.098227934666006], [-94.4897269324537, 37.0980989749446], [-94.48991717806548, 37.09802236718495], [-94.49005822689584, 37.09799503278696], [-94.49015473309342, 37.097991960808905], [-94.49026577012772, 37.097999712405], [-94.49034625093884, 37.09803471670815], [-94.49042377247675, 37.098102096179524], [-94.49045169691179, 37.09815971067736], [-94.49047840428281, 37.098252451652726], [-94.49050932809446, 37.098309065231405], [-94.49055960477556, 37.09834717583256], [-94.49061537887764, 37.09836065111172], [-94.49069185772437, 37.09833949702643], [-94.49074653610592, 37.09829766047474], [-94.4908146476212, 37.09825579880641], [-94.49090269392342, 37.09822842864923], [-94.49096712004628, 37.09823282203212], [-94.49112822259686, 37.098291295295816], [-94.49123933188417, 37.09833079336508], [-94.49130227092827, 37.09834486449107], [-94.49138545817125, 37.098349640195316], [-94.4914763255958, 37.098334026737966], [-94.49166015810562, 37.098254095995536], [-94.49171494803171, 37.09824653763249], [-94.49183110483547, 37.09823771741338], [-94.49230057810328, 37.098258193452665], [-94.49260775650697, 37.098254880657706], [-94.49276447145965, 37.098258618260544], [-94.4934167190582, 37.09826694387571], [-94.494130940592, 37.09838344400902], [-94.4944434136856, 37.0984085237341], [-94.49454519324316, 37.09841699448826], [-94.49467324049006, 37.098767036084226], [-94.49474929281533, 37.09904741411122], [-94.49480550013419, 37.09947318789116], [-94.4948100017989, 37.099761002339186], [-94.49478585548454, 37.100559623665426], [-94.49473705323099, 37.10151683462047], [-94.4946951142137, 37.10193194452858], [-94.49467608069396, 37.10198681107253], [-94.49466647939994, 37.102040413766176], [-94.4946275275824, 37.10236271019295], [-94.49481018804077, 37.10239016644406], [-94.49508127550352, 37.10243667128594], [-94.49527047450377, 37.10243517681759], [-94.49537135002299, 37.102433319986176], [-94.49556171199067, 37.10243687767821], [-94.4956548462766, 37.102453460834596], [-94.49574312151681, 37.10249191752939], [-94.49606695763532, 37.10267459744307], [-94.4962531584897, 37.102774926056796], [-94.49664322413135, 37.10291192418978], [-94.49681727824536, 37.102984517802426], [-94.49692183835177, 37.10305278940584], [-94.49700315355639, 37.103139565728426], [-94.49719580926265, 37.10341237996907], [-94.49748911809804, 37.10379672855426], [-94.4977457219651, 37.10417296561924], [-94.49791943367873, 37.104403502245624], [-94.49823400079181, 37.10475932525502], [-94.49828894868764, 37.10481044837897], [-94.49838730350005, 37.10487445808591], [-94.49846315125167, 37.10490021309192], [-94.49854966152253, 37.10491272532674], [-94.49869737147024, 37.10494646676232], [-94.49881289885883, 37.10499690273813], [-94.49889023262186, 37.10505443096148], [-94.49916262609891, 37.1052868679779], [-94.49928684070768, 37.105364795805755], [-94.49946221475189, 37.10544251648849], [-94.49994236857721, 37.10562343365744], [-94.50011902421222, 37.1056952456267], [-94.50026754867093, 37.10572665300389], [-94.50037694527495, 37.10573107179736], [-94.50064278095144, 37.10570410555745], [-94.50083255485245, 37.10568852942944], [-94.50097791553866, 37.105693008686956], [-94.50112010290964, 37.10573151046299], [-94.50129903250655, 37.10580021809719], [-94.5015450005317, 37.10589051182401], [-94.50172696706447, 37.10594131442897], [-94.50193115157106, 37.10597988099503], [-94.50216544862734, 37.10600503169852], [-94.50256679931879, 37.10601708067095]]}, "properties": {"Shape_Length": 7621.024531095688, "OBJECTID": 49, "TravelDirection": null, "LaneWidth_ft": 5, "LaneID": 34, "StreetName": "Turkey Creek Trail", "LaneType": "One-Way A", "SurfaceType": "Mixed", "Status": "Pre-Existing", "StartDate": null, "EndDate": null, "MaintBy": "City of Joplin", "SpeedLimit_mph": null, "Crossing": null, "Grade": null, "Comments": null, "_layer": "sidewalk"}}, {"type": "Feature", "id": 50, "geometry": {"type": "LineString", "coordinates": [[-94.50257180762324, 37.10600096494266], [-94.50234272371283, 37.106001222001574], [-94.5020254903838, 37.105976445255706], [-94.50183156904575, 37.10594837132878], [-94.50167464024643, 37.10591413291123], [-94.50142026111224, 37.10583381404589], [-94.50124117261498, 37.10576042528107], [-94.50100651924927, 37.10568081540023], [-94.50090145076798, 37.105670458777404], [-94.5006063442397, 37.10569505310284], [-94.50032373370905, 37.10571760202029], [-94.50023840470155, 37.10571084472695], [-94.50012121245778, 37.10568087907672], [-94.49939717816716, 37.10540068350388], [-94.4992051343943, 37.10529971192756], [-94.49897613620537, 37.10510578563807], [-94.49886527142382, 37.10501418221924], [-94.49880785432502, 37.10498095196978], [-94.49870889795633, 37.104933517799985], [-94.49863244691161, 37.10491573605054], [-94.49843407556544, 37.104880140272265], [-94.49832590108882, 37.10482013233805], [-94.49820921349598, 37.104710627477694], [-94.49812687482387, 37.104623241029884], [-94.49797187027059, 37.10444383186414], [-94.49783354287598, 37.10427234003396], [-94.49764925411375, 37.10400203845592], [-94.49750202729365, 37.10378386173791], [-94.49737727281557, 37.10363366850896], [-94.49716753836904, 37.10334568922082], [-94.49698640578883, 37.10309499231076], [-94.49691416096522, 37.1030287743615], [-94.49682740063176, 37.10297350548763], [-94.49669648192648, 37.10291464166128], [-94.49632767086203, 37.102788294700154], [-94.49619560986169, 37.10272883554443], [-94.4957534049913, 37.10247876605234], [-94.49566873648011, 37.102442291059766], [-94.49554681421196, 37.1024209327028], [-94.4952570494447, 37.102419227358915], [-94.49511078554254, 37.102427008896036], [-94.49478449363531, 37.10237324318445], [-94.4947795606714, 37.102352937129695], [-94.49482515734913, 37.10201382063615], [-94.4948284433837, 37.10176777265255], [-94.49484284731064, 37.10144730163257], [-94.4948735675964, 37.1007352242864], [-94.49490205650098, 37.10034135215768], [-94.49492529922104, 37.09998221435627], [-94.49494575951346, 37.09992969793643], [-94.49495966803381, 37.09978951123384], [-94.49494375181165, 37.099737468151034], [-94.49493836594858, 37.09950914383703], [-94.49491010404661, 37.09922480939228], [-94.49488186568601, 37.09906189190329], [-94.49483489530884, 37.098868923021776], [-94.49468826232807, 37.09841118605309], [-94.49449546321128, 37.09839845794174], [-94.4941230904889, 37.09837009351867], [-94.49403663215917, 37.09835885583243], [-94.49381360773013, 37.09831839670648], [-94.49340041078918, 37.098250156894444], [-94.4931116413867, 37.0982529916152], [-94.49273287269509, 37.09824327835422], [-94.49231996580488, 37.098246280994516], [-94.49183709896879, 37.0982241712801], [-94.49167111624818, 37.09823471366155], [-94.49150159995894, 37.09830579193834], [-94.49140115889307, 37.09833340584529], [-94.49128502057016, 37.098326492980036], [-94.49118051478467, 37.09829687172669], [-94.49102451058978, 37.09823777444352], [-94.49095338069168, 37.09821539601541], [-94.49090461475406, 37.09821468220169], [-94.49085259093826, 37.098223210009586], [-94.49078846475312, 37.098250342292225], [-94.4906661130697, 37.09832896991412], [-94.49060432960044, 37.09834137256393], [-94.49056833865386, 37.09833184936748], [-94.49051737767454, 37.09828732634101], [-94.49048839708087, 37.098218486515734], [-94.49046969110042, 37.098156374374234], [-94.49045835226701, 37.09812320321226], [-94.49042073171125, 37.09807525155036], [-94.49035479267893, 37.09801763215598], [-94.49030364385128, 37.09799323825298], [-94.49023267952633, 37.097981464694136], [-94.49012020095469, 37.097977519280526], [-94.49003996971297, 37.09797945448331], [-94.4898908606369, 37.09801472794672], [-94.48968031435558, 37.09810506427418], [-94.489412499314, 37.098234252348455], [-94.48925787829133, 37.09827720026733], [-94.48913054793894, 37.09828634945559], [-94.48901784382087, 37.098275720265526], [-94.48890293790132, 37.098251577557726], [-94.48877917808474, 37.09818512268386], [-94.48871540096317, 37.09812944990527], [-94.48863250744125, 37.098013758824266], [-94.48854748154449, 37.09787369306446], [-94.4884539693154, 37.09777054622966], [-94.48836344125709, 37.09770066628474], [-94.4881403618857, 37.097582529787545], [-94.48808112882007, 37.09753787511959], [-94.48804418094278, 37.09750157245535], [-94.48800345377278, 37.09744776242368], [-94.48795634656193, 37.097418443290024], [-94.48790753108729, 37.097407211258655], [-94.48785289517569, 37.09741683775376], [-94.48780222415338, 37.09744393195572], [-94.48776390832755, 37.097492730002976], [-94.48774667940185, 37.097564322264425], [-94.48775951586882, 37.09767154884328], [-94.48779880356969, 37.09780625151057], [-94.48786441691222, 37.09799526109248], [-94.48787172424312, 37.09806839048307], [-94.48786249862314, 37.09815185673798], [-94.4878352385783, 37.098221985458345], [-94.48778913866781, 37.098271337798735], [-94.48770013786807, 37.098301698166416], [-94.48764153101925, 37.0983129813114], [-94.48757608405775, 37.098319275107336], [-94.48729236452716, 37.09831981274672], [-94.48712001965993, 37.09832154412765], [-94.4867414814898, 37.0983083694742], [-94.48627014241306, 37.09828543998752], [-94.48608183324302, 37.09827482896569], [-94.48552881654783, 37.0982757936466], [-94.48540918861845, 37.09828369352898], [-94.48522574772296, 37.09831141451559]]}, "properties": {"Shape_Length": 7627.665185440349, "OBJECTID": 50, "TravelDirection": null, "LaneWidth_ft": 5, "LaneID": 35, "StreetName": "Turkey Creek Trail", "LaneType": "One-Way B", "SurfaceType": "Mixed", "Status": "Pre-Existing", "StartDate": null, "EndDate": null, "MaintBy": "City of Joplin", "SpeedLimit_mph": null, "Crossing": null, "Grade": null, "Comments": null, "_layer": "sidewalk"}}, {"type": "Feature", "id": 51, "geometry": {"type": "LineString", "coordinates": [[-94.46324525921939, 37.093788007639446], [-94.46335699048156, 37.093762954100335], [-94.46355284352582, 37.09377349900235], [-94.46452506744411, 37.093853317775384], [-94.46459754212614, 37.09384908073494], [-94.46465878230605, 37.09383786562433], [-94.46471535407315, 37.09381466598287], [-94.46480979781956, 37.09376938567041], [-94.46509438222628, 37.093595213652975], [-94.4651667906127, 37.093570550529], [-94.46524008950205, 37.09356146530526], [-94.4653406061461, 37.09356509019976], [-94.46680034461181, 37.09358497477684], [-94.46688298171817, 37.093592491607794], [-94.46692691292343, 37.093611600430116], [-94.46696756321582, 37.09365055551823], [-94.46720301562235, 37.09399647390601], [-94.46723244275914, 37.09402321019725], [-94.4672740307975, 37.094056173881874], [-94.46732497468433, 37.09407341286166], [-94.4674348142876, 37.09409778235953], [-94.46756335415523, 37.09411466855494], [-94.46761477406484, 37.09411056358363], [-94.46765498233388, 37.094092600794], [-94.4676844446575, 37.09406078032431], [-94.46772232375714, 37.09402297058342], [-94.46777141589962, 37.093998269785104], [-94.46784481184635, 37.09398069081211], [-94.46816224437127, 37.093888660244325], [-94.46872884960658, 37.09373453635086], [-94.46878167839476, 37.093714703975365], [-94.46887892708088, 37.09366455240114], [-94.46993179502834, 37.093689113759496], [-94.4699774461925, 37.093681811825604], [-94.47011099385821, 37.09361876617042], [-94.47064765915461, 37.092853719342266]]}, "properties": {"Shape_Length": 2497.691533803203, "OBJECTID": 51, "TravelDirection": null, "LaneWidth_ft": 5, "LaneID": 36, "StreetName": "MSSU Trail", "LaneType": "One-Way A", "SurfaceType": "Concrete", "Status": "Pre-Existing", "StartDate": null, "EndDate": null, "MaintBy": "City of Joplin", "SpeedLimit_mph": null, "Crossing": null, "Grade": null, "Comments": null, "_layer": "sidewalk"}}, {"type": "Feature", "id": 52, "geometry": {"type": "LineString", "coordinates": [[-94.47062794217314, 37.09284794007441], [-94.47056667122598, 37.09294303644337], [-94.47047125984366, 37.09308156013493], [-94.47012180944573, 37.093587959559294], [-94.47010265620928, 37.093607126988445], [-94.46994945860476, 37.0936737108654], [-94.46992582463974, 37.09367346517578], [-94.46884585761006, 37.09364754406521], [-94.46876356733756, 37.093698807031586], [-94.4686902615371, 37.09372538879933], [-94.4677633446658, 37.093985161684316], [-94.46771636724039, 37.09400480055607], [-94.46765591149858, 37.094063498437045], [-94.4676235911648, 37.0940864961428], [-94.46758409709672, 37.09409678967448], [-94.46753892297632, 37.09409749641208], [-94.46743033570485, 37.094074939509326], [-94.4672993145037, 37.09404734356099], [-94.46724936891037, 37.09401329983635], [-94.46722125723105, 37.09398812825933], [-94.46718089493278, 37.09393275851583], [-94.46697551986425, 37.093629213775905], [-94.46694281160424, 37.09359999751997], [-94.46689514045416, 37.09358013792658], [-94.46681007135511, 37.09357000356728], [-94.46523573935585, 37.09354708573896], [-94.46516935931844, 37.09355455457858], [-94.4651034413851, 37.09357475636067], [-94.46501039743573, 37.093624905178665], [-94.46479484508656, 37.09375852182016], [-94.46470180400921, 37.09380155604308], [-94.46464663656116, 37.093821385903354], [-94.46455361049765, 37.09383184267926], [-94.46442787072164, 37.09382656320584], [-94.4633686845635, 37.0937449839489], [-94.46330137046476, 37.09375020585993], [-94.46324760670224, 37.09376741414219]]}, "properties": {"Shape_Length": 2489.7212680308044, "OBJECTID": 52, "TravelDirection": null, "LaneWidth_ft": 5, "LaneID": 37, "StreetName": "MSSU Trail", "LaneType": "One-Way B", "SurfaceType": "Concrete", "Status": "Pre-Existing", "StartDate": null, "EndDate": null, "MaintBy": "City of Joplin", "SpeedLimit_mph": null, "Crossing": null, "Grade": null, "Comments": null, "_layer": "sidewalk"}}, {"type": "Feature", "id": 53, "geometry": {"type": "LineString", "coordinates": [[-94.53165358258896, 37.036839255288676], [-94.53157810966086, 37.03673791359985], [-94.53148828289687, 37.03667228294542], [-94.53139773914144, 37.036606652411926], [-94.53124972504557, 37.03654391606785], [-94.53109308948306, 37.036480605975775], [-94.53098458995929, 37.03642419478371], [-94.5309213509742, 37.03637180246067], [-94.53081428058756, 37.03629638500641], [-94.5306641091025, 37.03622731354453], [-94.53059800529309, 37.03619450334304], [-94.53052111219397, 37.03613174772477], [-94.53039247859651, 37.03602465980878], [-94.53029977308609, 37.035940024150655], [-94.53018408432239, 37.03586633578872], [-94.53003679160446, 37.03580532610727], [-94.5299570403373, 37.035778277221304], [-94.52985932063483, 37.03572934886013], [-94.5297601517249, 37.03564759351292], [-94.52967464903199, 37.03560614852289], [-94.52952304653907, 37.03554513927858], [-94.52937143408576, 37.03545763751748], [-94.52904017089818, 37.03521986394303], [-94.52880305408881, 37.03508055023779], [-94.52867299960137, 37.0350068638775], [-94.52838058073735, 37.03489750903248], [-94.52828861139524, 37.034851458006855], [-94.52815354022957, 37.03480541624249], [-94.52808311954463, 37.034752448273295], [-94.52807160829578, 37.03470637800957], [-94.52794450199963, 37.034564258315584], [-94.52786981310307, 37.03451869671131], [-94.5277094232169, 37.03447927828327], [-94.52756177273255, 37.03446978862372], [-94.52721303145582, 37.03450456353031], [-94.52721131112413, 37.034439937563654], [-94.52730038336699, 37.0343684872089], [-94.52731543075308, 37.03432803200638], [-94.52728125780138, 37.034266936023165], [-94.52689636429909, 37.034052928835706], [-94.52686411031316, 37.03402640506201], [-94.52674186104622, 37.03385908285196], [-94.52667650426343, 37.03380467559491], [-94.52633446187836, 37.03357073473496], [-94.5261417965484, 37.033432679996395], [-94.52594914140528, 37.033322516729854], [-94.52572254001059, 37.03319671328183], [-94.52551290428812, 37.033051858556256], [-94.5250927861618, 37.03276418922279], [-94.52472529136449, 37.03251256166968], [-94.52451821968847, 37.032412603468075], [-94.52439940720375, 37.03235344350048], [-94.52411170569258, 37.03218887385054], [-94.52395640143499, 37.032112033453586], [-94.52382787539212, 37.032064155224816], [-94.52375187804004, 37.03201683496757], [-94.52365477657803, 37.03191794085301], [-94.52348749535025, 37.03179464803667], [-94.52339997979406, 37.03175427304318], [-94.52331601153253, 37.03172833340205], [-94.52280294037313, 37.031407013283285], [-94.5224348800156, 37.031232888550264], [-94.52204258254574, 37.0310342447017], [-94.52186445503342, 37.03092262303911], [-94.52137065573561, 37.030677748678656], [-94.52112943279394, 37.03059001902258], [-94.5210929348646, 37.03056773424056], [-94.52107137813546, 37.03053848015216], [-94.52106561415562, 37.03050486358595], [-94.52112694180386, 37.0303779716481], [-94.52113372950141, 37.03034179453832], [-94.52112066909116, 37.03031750687918], [-94.52107025679014, 37.030250920461995], [-94.52100385884427, 37.03018963009629], [-94.52090625728096, 37.03012687815293], [-94.52089370038225, 37.03010621653022], [-94.52086799738623, 37.03006392286618]]}, "properties": {"Shape_Length": 4193.80310038847, "OBJECTID": 53, "TravelDirection": null, "LaneWidth_ft": 4, "LaneID": 38, "StreetName": "Wild Cat Trail", "LaneType": "One-Way B", "SurfaceType": "Asphalt", "Status": "Pre-Existing", "StartDate": null, "EndDate": null, "MaintBy": "City of Joplin", "SpeedLimit_mph": null, "Crossing": null, "Grade": null, "Comments": null, "_layer": "sidewalk"}}, {"type": "Feature", "id": 54, "geometry": {"type": "LineString", "coordinates": [[-94.52084144398911, 37.03007659202733], [-94.52087760671799, 37.03014011630512], [-94.52103271608713, 37.030253388110154], [-94.52109977370806, 37.030346575673406], [-94.52110487259812, 37.03037718708551], [-94.52104720518231, 37.03048604222771], [-94.52103194608819, 37.03053842677156], [-94.52105911158284, 37.030584681508536], [-94.5211162048605, 37.03061847278278], [-94.52121741068851, 37.030648995858904], [-94.52135696857273, 37.03069959545635], [-94.52162089062281, 37.03083084243184], [-94.52183644193414, 37.030936927341344], [-94.52204518097201, 37.03106856919318], [-94.5222136710368, 37.031149384526124], [-94.52244890949375, 37.0312711830546], [-94.52271949722409, 37.03139492620086], [-94.52298723117822, 37.031549340166336], [-94.52330294877036, 37.031747227272255], [-94.52341765955114, 37.031789319935704], [-94.52347425250994, 37.03181631023468], [-94.52362710461945, 37.03193056309661], [-94.52372080699627, 37.03202541994659], [-94.52378686505138, 37.03207315132974], [-94.52385615825443, 37.03210005419247], [-94.52399794086354, 37.032159208261405], [-94.52415104743095, 37.032238242402606], [-94.52438594836691, 37.03237400375984], [-94.52460827011711, 37.032484477027836], [-94.52470455215028, 37.03253209889586], [-94.52501946201335, 37.03274298578382], [-94.52557725013685, 37.03312606361527], [-94.52574838090652, 37.03324017731111], [-94.52587132558405, 37.03330647016901], [-94.52604222645446, 37.03340317905391], [-94.52612274221359, 37.03345843039064], [-94.52669910437002, 37.0338548869043], [-94.52672086352801, 37.03387881512846], [-94.52678671361464, 37.033974162404085], [-94.5268406034361, 37.03404779330365], [-94.52725948499778, 37.03428110769664], [-94.52728780712462, 37.03433825447629], [-94.52727506640059, 37.03437295002125], [-94.5271925937922, 37.03444274076503], [-94.52719123661124, 37.0345233462794], [-94.52754559520791, 37.034486801214385], [-94.52769162774649, 37.03449798629769], [-94.52784488505031, 37.03453244570137], [-94.52792705318294, 37.0345810342601], [-94.52795505615158, 37.03461828940307], [-94.52804882587328, 37.034719828260286], [-94.52806268090553, 37.03477866158068], [-94.528103406958, 37.03480393765693], [-94.52814306774339, 37.034826936815634], [-94.52827816071, 37.0348771228845], [-94.52834426414599, 37.03491166185281], [-94.5285526215916, 37.03498878559355], [-94.52865464579344, 37.035029074862685], [-94.52899882428567, 37.035228259070855], [-94.52906174189168, 37.03527210618929], [-94.52939915763744, 37.03550802094798], [-94.52949009746936, 37.03555929161014], [-94.52952490093162, 37.03557638009736], [-94.52972585643434, 37.03566271766561], [-94.52983589428729, 37.035751777572834], [-94.52995714358605, 37.03580933914928], [-94.53015585191974, 37.0358866778681], [-94.5302726179594, 37.03595863851617], [-94.5305589466973, 37.03620243073668], [-94.53060049104104, 37.03623211496794], [-94.53065662524179, 37.03625819720388], [-94.53075654393754, 37.03630226544086], [-94.5308272764709, 37.036342741165015], [-94.53089213812176, 37.03638588481892], [-94.53096189686484, 37.036438943193744], [-94.53105990405625, 37.03649152284522], [-94.5313749017182, 37.036625709240965], [-94.53155518458557, 37.03675429863625], [-94.53163062893944, 37.036854534660606]]}, "properties": {"Shape_Length": 4197.171974917225, "OBJECTID": 54, "TravelDirection": null, "LaneWidth_ft": 4, "LaneID": 39, "StreetName": "Wild Cat Trail", "LaneType": "One-Way A", "SurfaceType": "Asphalt", "Status": "Pre-Existing", "StartDate": null, "EndDate": null, "MaintBy": "City of Joplin", "SpeedLimit_mph": null, "Crossing": null, "Grade": null, "Comments": null, "_layer": "sidewalk"}}, {"type": "Feature", "id": 1, "geometry": {"type": "LineString", "coordinates": [[-94.53180955835106, 37.065113457140995], [-94.53180264393191, 37.06522113449384], [-94.5317904471565, 37.0654969759074], [-94.53178088307618, 37.065668572598646], [-94.53176545887786, 37.06590666400311], [-94.53175484451137, 37.06612973865501], [-94.53174850921413, 37.06634037301699], [-94.53173735452698, 37.06654886308109], [-94.53172515993333, 37.06683371297568], [-94.53171403154302, 37.06710569269862], [-94.53170288539924, 37.06733520327964], [-94.53169763908308, 37.06759345366398], [-94.53169560047162, 37.06783969208196], [-94.53169516159, 37.06807134445032], [-94.53169313027665, 37.06833517100669], [-94.53169108966912, 37.068576690202164], [-94.53169976336244, 37.06883665345596], [-94.53169879772828, 37.0690914711468], [-94.53169569620118, 37.06935615581465], [-94.53165438168114, 37.07041919324118], [-94.53158843181164, 37.07146464797353], [-94.53130192890235, 37.07646325934836], [-94.53127380120995, 37.076985314847754]]}, "properties": {"Shape_Length": 4325.778812219077, "OBJECTID": 1, "Type": "Dedicated", "RoadName": "Maiden Lane", "Lane_Designator": "A", "_layer": "road"}}, {"type": "Feature", "id": 2, "geometry": {"type": "LineString", "coordinates": [[-94.53147624677821, 37.0769845908616], [-94.53150697251525, 37.07643628668763], [-94.53179932247836, 37.07136882099834], [-94.53189350603473, 37.06855961099589], [-94.53198093773668, 37.06562103492478], [-94.53201746762994, 37.064970844035265]]}, "properties": {"Shape_Length": 4377.074070574638, "OBJECTID": 2, "Type": "Dedicated", "RoadName": "Maiden Lane", "Lane_Designator": "B", "_layer": "road"}}, {"type": "Feature", "id": 3, "geometry": {"type": "LineString", "coordinates": [[-94.50356108398003, 37.091807445215814], [-94.50326906787667, 37.09180075108015], [-94.50286158651286, 37.091798080772506], [-94.50248589955369, 37.091794737067204], [-94.50221312905808, 37.091791391197795], [-94.5018684019032, 37.09178804585592], [-94.50153204047571, 37.09178738024099], [-94.50100239851058, 37.09177934248478], [-94.50051793811042, 37.091773313478214], [-94.50018743506806, 37.091771303154985], [-94.4995557127212, 37.09176661032552], [-94.49924278018673, 37.09176258703202], [-94.49862360934019, 37.09175252764346], [-94.49833326758187, 37.091750512612535], [-94.49780613571333, 37.09174514145356], [-94.49749153066, 37.09174178394249], [-94.49701794813909, 37.09173842170451], [-94.49661297699767, 37.09173371868639], [-94.49611345639072, 37.091727671255846], [-94.4956649765148, 37.091724973968546], [-94.49506003026093, 37.091716906895996], [-94.4943571888435, 37.091698778305414], [-94.49425092651589, 37.09169274019165], [-94.49377483371607, 37.091703441301576], [-94.4934175548874, 37.09170074026823], [-94.49297325889403, 37.09169535219708], [-94.49260259315969, 37.09169197838111], [-94.49221101056486, 37.091688602034466], [-94.49184620236478, 37.091682545402215], [-94.49148725110236, 37.09167916800402], [-94.49090238645182, 37.0916737629009], [-94.49044219289281, 37.09166970499552], [-94.48998116177694, 37.09167100690717], [-94.48961886454154, 37.09166494363539], [-94.48893610503934, 37.0916534872154], [-94.48865245779801, 37.091652789976955], [-94.48809436873898, 37.091647372683596], [-94.48777139675467, 37.09164331811186], [-94.48713549253519, 37.09164056999394], [-94.48690623342917, 37.0916351823265], [-94.48631969637157, 37.091625731831314], [-94.48627200331583, 37.09162505588518]]}, "properties": {"Shape_Length": 5043.338913162345, "OBJECTID": 3, "Type": "Dedicated", "RoadName": "Broadway", "Lane_Designator": "A", "_layer": "road"}}, {"type": "Feature", "id": 4, "geometry": {"type": "LineString", "coordinates": [[-94.48630963664854, 37.09173230632223], [-94.48665352790294, 37.09173100555765], [-94.48715723081195, 37.09173910459057], [-94.48767181017172, 37.091747202615366], [-94.48805502743406, 37.09174925223877], [-94.48858885169572, 37.091753996950224], [-94.48909924953233, 37.0917587371076], [-94.4896790941486, 37.09176616196982], [-94.49005812679134, 37.09177021605953], [-94.490578564275, 37.09177495069151], [-94.49103792262197, 37.091779678439], [-94.49149142286394, 37.091783063118115], [-94.49197839232768, 37.09178778920079], [-94.49247038220486, 37.091791843168295], [-94.49273143802243, 37.091793869860254], [-94.49322426464266, 37.091800602489336], [-94.493763110893, 37.09180666416437], [-94.49431869229687, 37.09180736252063], [-94.49474960188877, 37.09181408582808], [-94.49568003302201, 37.09180138782711], [-94.49628330634029, 37.09180676994663], [-94.49748818053183, 37.091818197180444], [-94.49876836052051, 37.09183095294733], [-94.49939422502578, 37.091836989908806], [-94.49947455077887, 37.09183699029257], [-94.50004351952242, 37.09184101315898], [-94.50116890599486, 37.091855083835824], [-94.50216460203822, 37.091863113261255], [-94.5030967074275, 37.091877168111694], [-94.50323058282737, 37.09188185668149], [-94.50347406808224, 37.09189324448308], [-94.50355941446959, 37.09189927496185]]}, "properties": {"Shape_Length": 5031.83835552732, "OBJECTID": 4, "Type": "Dedicated", "RoadName": "Broadway", "Lane_Designator": "B", "_layer": "road"}}, {"type": "Feature", "id": 6, "geometry": {"type": "LineString", "coordinates": [[-94.49467582213265, 37.092146495468874], [-94.49463525778242, 37.09294838181696], [-94.49443842681764, 37.09754534183334], [-94.49443088847008, 37.097730250546036], [-94.49443068452253, 37.097873066448905], [-94.49445422780057, 37.098071523155284], [-94.49449430681015, 37.098257681224204], [-94.49454393029536, 37.09841156968426], [-94.4945993296036, 37.09854911205581], [-94.49472515572602, 37.09894456455343], [-94.49478367558197, 37.099274980987495], [-94.49480937985686, 37.09954410443551], [-94.49481214934121, 37.09967934110182], [-94.49480856403859, 37.09981087027769], [-94.49479846073295, 37.1001534523602], [-94.49475616183346, 37.10113749272481], [-94.49473510902735, 37.10150322671936], [-94.49471350414264, 37.10173216252681], [-94.49469389481293, 37.10194636960369], [-94.49467456075035, 37.10198742827147], [-94.49464146877321, 37.10225250204698], [-94.4946454559939, 37.102362381194105], [-94.4945859906388, 37.10259865665328], [-94.49450590473984, 37.10285881079692], [-94.49442278974297, 37.10322574383115], [-94.4943799304726, 37.10354353883467], [-94.49432983971245, 37.10448621311676], [-94.49431761626644, 37.104723337658896], [-94.49428217737606, 37.105689728096486], [-94.49429612080097, 37.10596958222744], [-94.49430049944662, 37.10640704887192], [-94.49397181515668, 37.1126372640869]]}, "properties": {"Shape_Length": 7485.867828956782, "OBJECTID": 6, "Type": "Dedicated", "RoadName": "St Louis", "Lane_Designator": "A", "_layer": "road"}}, {"type": "Feature", "id": 7, "geometry": {"type": "LineString", "coordinates": [[-94.49410070921637, 37.11264392623169], [-94.49414740971267, 37.111927012209655], [-94.494233170158, 37.11054324963523], [-94.49423896201786, 37.11038501526725], [-94.49424233270129, 37.11035853245177], [-94.49424527522305, 37.110265710152476], [-94.49424697636546, 37.11020716364672], [-94.49430877085273, 37.10892060585836], [-94.49433786802354, 37.10829558027977], [-94.49437349696683, 37.10761102249978], [-94.4943925870751, 37.10716169292335], [-94.49441587279682, 37.1066764935517], [-94.49441282714751, 37.105620264321615], [-94.49441082069953, 37.1053813504134], [-94.49443394393367, 37.104939755160395], [-94.4944528493492, 37.10454053031866], [-94.49450353933888, 37.103614182509375], [-94.49454759968992, 37.103264769928344], [-94.49456966766687, 37.103149389753135], [-94.49458732027773, 37.10305915692244], [-94.49473495659569, 37.102535190275304], [-94.49480093277961, 37.10223738655133], [-94.49481961164108, 37.10203750993847], [-94.49483041060978, 37.10165817040421], [-94.49484751350556, 37.101269777564674], [-94.49492601187353, 37.10000793506469], [-94.49494705272815, 37.09990368354808], [-94.49495572300336, 37.09978503880564], [-94.49494306989621, 37.0996893203587], [-94.49493519399509, 37.099467897617785], [-94.4949001751113, 37.09917267374013], [-94.49485284621383, 37.09892300725314], [-94.49478585233308, 37.09870173778623], [-94.49468437041743, 37.09842053770807], [-94.4946344170787, 37.09828187913139], [-94.4945991105165, 37.09813315658229], [-94.49457349636243, 37.097989789822975], [-94.49456072656386, 37.097806308455645], [-94.49480365078364, 37.09215864104923]]}, "properties": {"Shape_Length": 7483.610534856025, "OBJECTID": 7, "Type": "Dedicated", "RoadName": "St Louis", "Lane_Designator": "B", "_layer": "road"}}, {"type": "Feature", "id": 8, "geometry": {"type": "LineString", "coordinates": [[-94.50768623218075, 37.113542196606474], [-94.50712510834958, 37.11355862749654], [-94.50645204311145, 37.11347643808326], [-94.49657224834847, 37.113189041481604], [-94.49429777519823, 37.11307464342712], [-94.49376237770204, 37.1130548918857], [-94.49188157588159, 37.11303000085723], [-94.49113399728418, 37.11301774255998], [-94.49055475475286, 37.11299942945454]]}, "properties": {"Shape_Length": 5001.224297244121, "OBJECTID": 8, "Type": "Dedicated", "RoadName": "Zora", "Lane_Designator": "A", "_layer": "road"}}, {"type": "Feature", "id": 9, "geometry": {"type": "LineString", "coordinates": [[-94.49054866223821, 37.11315960455712], [-94.49127918070317, 37.113183970914676], [-94.49205786914177, 37.1131942713532], [-94.49301240052323, 37.11320473126384], [-94.49373938837279, 37.11321401645797], [-94.49440209474615, 37.113236327952066], [-94.49509186886564, 37.113277717145124], [-94.49638352936117, 37.113347580433434], [-94.50753876882513, 37.11367347737756]]}, "properties": {"Shape_Length": 4958.0157943855, "OBJECTID": 9, "Type": "Dedicated", "RoadName": "Zora", "Lane_Designator": "B", "_layer": "road"}}, {"type": "Feature", "id": 10, "geometry": {"type": "LineString", "coordinates": [[-94.4949227269198, 37.05683769628784], [-94.49488588831458, 37.05751275677311], [-94.49483599520433, 37.058617547693785], [-94.49480822426237, 37.05914442168939], [-94.49479485913034, 37.05931894949152], [-94.49473060993793, 37.06002528924115], [-94.49467355772077, 37.0606233723835], [-94.49463038091562, 37.06109550024329], [-94.49462575255976, 37.061163006105225], [-94.49461134481471, 37.061537169281266], [-94.49459642918231, 37.06184094544541], [-94.4945871667216, 37.062086271206184], [-94.49457276400813, 37.06238469647598], [-94.49455990022149, 37.0627032908022], [-94.494545499996, 37.06296384621841], [-94.49453161082515, 37.063262270561424], [-94.494517720332, 37.06356193033128], [-94.49450537565956, 37.063817546729005], [-94.49449817320473, 37.06397766744546], [-94.49449198553438, 37.06430120105845], [-94.49449248146638, 37.06454940896269], [-94.49449142959179, 37.06488282182369], [-94.49449192275719, 37.06516931042209], [-94.49449190028297, 37.0654800843176], [-94.49449239074511, 37.06580402997276], [-94.49448210699016, 37.065948508754474], [-94.4944635917603, 37.06628109799506], [-94.49444095140319, 37.06681826231357], [-94.49442191763265, 37.067208889353026], [-94.49440185695798, 37.06759992903056], [-94.49438437242335, 37.067867893117615], [-94.49436689020122, 37.06810292827315], [-94.49434529168683, 37.068434693599244], [-94.49432780279652, 37.06877098725304], [-94.4943159725298, 37.0689850291248], [-94.49429642483346, 37.06936001514968], [-94.49428355966718, 37.06966584914081], [-94.49425785156454, 37.06999349782658], [-94.49423574394459, 37.070248289817116], [-94.49421620622016, 37.070482501127856], [-94.49420694849464, 37.070635623410666], [-94.49418381206591, 37.070913055172404], [-94.49417352955409, 37.07102460400085], [-94.49416683746824, 37.07121312617634], [-94.49415551784475, 37.07144445604601], [-94.49414471238293, 37.07168648858845], [-94.49413750569843, 37.07188200794849], [-94.49412361151941, 37.07220348346135], [-94.4941225469907, 37.07267849318624], [-94.49412355262577, 37.072966627788475], [-94.49412455742954, 37.073251057854144], [-94.4941255632065, 37.07353754607428], [-94.49412554583586, 37.07376270190557], [-94.49412552570212, 37.074023669308914], [-94.494119346245, 37.07420972233106], [-94.49411574311058, 37.07431015695681], [-94.49409516290055, 37.07472877409202], [-94.49407920847007, 37.07509840902078], [-94.4940586253081, 37.0755495440568], [-94.4940395837149, 37.075987095589184], [-94.49403855447751, 37.07600397178765]]}, "properties": {"Shape_Length": 6984.51000326397, "OBJECTID": 10, "Type": "Dedicated", "RoadName": "Connecticut", "Lane_Designator": "A", "_layer": "road"}}, {"type": "Feature", "id": 11, "geometry": {"type": "LineString", "coordinates": [[-94.4942378697168, 37.076098654626854], [-94.49426823279848, 37.07537955461224], [-94.49429653456001, 37.07474154476724], [-94.49431763193276, 37.074280118813896], [-94.49432382135478, 37.07393888587213], [-94.49432538381232, 37.07364704691959], [-94.49432437533878, 37.07340172026641], [-94.49432337375616, 37.07304896154799], [-94.49432288724299, 37.07269620283321], [-94.49432496953251, 37.07232492070398], [-94.49433218683801, 37.07198080680282], [-94.49435122095149, 37.07160787908243], [-94.49436871797081, 37.0711690925618], [-94.49438157894996, 37.07091882739928], [-94.494388262531, 37.07083815001453], [-94.49439443281499, 37.07076405802406], [-94.49441345864882, 37.07049568232526], [-94.49444327577314, 37.07016227113249], [-94.49446846657601, 37.06988648663713], [-94.4944828651561, 37.06967038583174], [-94.49448697715027, 37.06963004716397], [-94.49449006311995, 37.06958024122919], [-94.4945168214703, 37.068925353462966], [-94.49453585113817, 37.06859111803082], [-94.49455230911308, 37.068300514939466], [-94.49457390387232, 37.06800826480979], [-94.49459498552757, 37.0677024310762], [-94.49461710066106, 37.06731386235164], [-94.49463253594026, 37.06694258048454], [-94.49464951500765, 37.0665391924637], [-94.4946675195742, 37.0661658533898], [-94.49467935485545, 37.0658596073155], [-94.4946906900987, 37.065353314021465], [-94.49469226167538, 37.06492399350168], [-94.49469383024578, 37.064521427374], [-94.49469333500575, 37.06425387410108], [-94.49469746622458, 37.06393157492546], [-94.4947123818174, 37.063644675141404], [-94.49472627188901, 37.06332402272335], [-94.4947447915731, 37.06291610725366], [-94.49476382063227, 37.062554292482915], [-94.49477925250832, 37.06220812017659], [-94.4947916023597, 37.061875942201816], [-94.49481320214048, 37.06146967221328], [-94.49482400791848, 37.06118688936183], [-94.49484200017946, 37.060947325726715], [-94.49485382098804, 37.06083289581621], [-94.49488260570487, 37.060501130281445], [-94.49490470799854, 37.06025127682401], [-94.49494016987497, 37.059905516134464], [-94.49496278625347, 37.05964660724293], [-94.49499105354926, 37.05935518052261], [-94.49501212878685, 37.05908515703736], [-94.4950255011702, 37.058808547779904], [-94.49503887394027, 37.05850724132973], [-94.49505790202141, 37.05812196450691], [-94.49507693334121, 37.05768358785935], [-94.49509338617553, 37.057404097754095], [-94.49510984295782, 37.05706121786344], [-94.49511858749125, 37.056861581670084]]}, "properties": {"Shape_Length": 7010.127604172971, "OBJECTID": 11, "Type": "Dedicated", "RoadName": "Connecticut", "Lane_Designator": "B", "_layer": "road"}}, {"type": "Feature", "id": 12, "geometry": {"type": "LineString", "coordinates": [[-94.51464532263851, 37.05756604429925], [-94.51458678402675, 37.05880651909948], [-94.5145262830163, 37.060037572574565], [-94.51447555032632, 37.06113358629826], [-94.5144091983253, 37.06252951266971], [-94.514387737057, 37.063016280112336], [-94.51438777441805, 37.06321412681608], [-94.51437998770685, 37.063482633546], [-94.51432143878539, 37.06471525636994], [-94.51424920492212, 37.066120602883416], [-94.51419845778533, 37.06718207072488], [-94.5141379436425, 37.068417833344505], [-94.51405393798036, 37.069780785037985], [-94.51400906088018, 37.07082654934751], [-94.5139817290246, 37.07138083619909], [-94.51398766939013, 37.071713719061215], [-94.5139759759584, 37.072062306980285], [-94.51391937469148, 37.0732980680088], [-94.51387055783329, 37.074252759984624]]}, "properties": {"Shape_Length": 6079.80758996879, "OBJECTID": 12, "Type": "Shared", "RoadName": "Main", "Lane_Designator": "A", "_layer": "road"}}, {"type": "Feature", "id": 13, "geometry": {"type": "LineString", "coordinates": [[-94.51400962117832, 37.073872753048185], [-94.51405059708493, 37.07291492146425], [-94.51410133379642, 37.071765522973955], [-94.51410719652155, 37.07168230071293], [-94.51412480404973, 37.07152527854694], [-94.51413849184989, 37.07137139635991], [-94.5141443474644, 37.07124420821771], [-94.51416578985473, 37.07064124596096], [-94.51417555216439, 37.07044810851428], [-94.51423215744013, 37.069267304581075], [-94.51427307954538, 37.06805038787886], [-94.5143316329764, 37.066824046616595], [-94.51438041715663, 37.06575786870884], [-94.51445264789264, 37.06434467052118], [-94.51449751906883, 37.06332559805198], [-94.51450925393812, 37.06321411202093], [-94.51452098907228, 37.063104195748025], [-94.5145366413577, 37.06298642838254], [-94.51458543938837, 37.06201446153315], [-94.51464985564664, 37.06076299564258], [-94.51469862637187, 37.05967012154368], [-94.51475592399672, 37.05843151235595], [-94.51481372059109, 37.057195405248464]]}, "properties": {"Shape_Length": 6076.797275438951, "OBJECTID": 13, "Type": "Shared", "RoadName": "Main", "Lane_Designator": "B", "_layer": "road"}}, {"type": "Feature", "id": 14, "geometry": {"type": "LineString", "coordinates": [[-94.55013142901355, 37.05589201111075], [-94.5501198367743, 37.05622831117526], [-94.55010467700116, 37.05660412804019], [-94.55009661419356, 37.056839990581395], [-94.55009156690367, 37.05697500493798], [-94.55008045628239, 37.05726108674223], [-94.55006827842587, 37.05748707194023], [-94.55006270832907, 37.0576068565591], [-94.55005356574893, 37.05776204164207], [-94.55004799124053, 37.05787688628021], [-94.55003429794043, 37.058141153751826], [-94.55002008233063, 37.058392660576764], [-94.55000226762505, 37.058639228930666], [-94.54998805397916, 37.05889402934722], [-94.5499728107049, 37.05914430112326], [-94.54996260242321, 37.059336385032395], [-94.54993852155364, 37.05977239887587], [-94.54991873665104, 37.060196248373025], [-94.54991333907091, 37.06053197965917], [-94.54990795829603, 37.06089343717102], [-94.54990418117184, 37.06125360717779], [-94.54989800462955, 37.06162599834276], [-94.54989183308307, 37.062006107626395], [-94.54988726169363, 37.06237785556559], [-94.54987778334264, 37.06261068256421], [-94.54987077326714, 37.062934837625214], [-94.54985657336145, 37.06331044817315], [-94.5498391836219, 37.063717574206464], [-94.54981624781713, 37.06423468312825], [-94.54980123907289, 37.064601932382104], [-94.54976802296018, 37.065355084555165], [-94.54975301712936, 37.06572747915875], [-94.54973482579922, 37.06613653555762], [-94.54971092452033, 37.06640667232831], [-94.54966800353044, 37.067047918466066], [-94.54965843883316, 37.06715018486825], [-94.54964569466566, 37.06730004552774], [-94.54961458171246, 37.06758819332983], [-94.54959147743592, 37.06785061154023], [-94.54959069211829, 37.06787762399582]]}, "properties": {"Shape_Length": 4367.259695329277, "OBJECTID": 14, "Type": "Dedicated", "RoadName": "Schifferdecker", "Lane_Designator": "A", "_layer": "road"}}, {"type": "Feature", "id": 15, "geometry": {"type": "LineString", "coordinates": [[-94.5498008863212, 37.067745045308186], [-94.54981922909845, 37.06756752676026], [-94.5498295670802, 37.06742023891114], [-94.54985830274127, 37.06717968587517], [-94.54987263681812, 37.067007956914566], [-94.54988219026012, 37.06688896831549], [-94.54988935226746, 37.06679635034891], [-94.5499020562688, 37.06658603316904], [-94.5499075870251, 37.06645289678131], [-94.5499251405505, 37.066295315909564], [-94.54993706889029, 37.06612680314351], [-94.54994811628124, 37.06583930704036], [-94.5499615477619, 37.06551450692706], [-94.54998211526754, 37.06505978491166], [-94.55000266381555, 37.06457483550739], [-94.55002479629361, 37.06405708351468], [-94.55004534641887, 37.06357534923717], [-94.5500697984067, 37.062926392241685], [-94.5500863259661, 37.06243115348697], [-94.55009316325521, 37.06184394715275], [-94.55010249282883, 37.06138601436185], [-94.55010785029582, 37.0609904699812], [-94.55011542597187, 37.06030743201511], [-94.55012244774856, 37.0600012858011], [-94.55012558555433, 37.059891303806985], [-94.55013272503726, 37.05976588562723], [-94.5501494420085, 37.05956006760207], [-94.55016853980601, 37.05931244350288], [-94.5501915421014, 37.058902098624195], [-94.55021138364363, 37.05856700452518], [-94.55023920456041, 37.05816180207802], [-94.55024076324108, 37.058092340775566], [-94.55024631273831, 37.05798943246679], [-94.55025654766322, 37.057689073602084], [-94.55026128667981, 37.057574588854145], [-94.55027392704429, 37.05727165532979], [-94.55029053910461, 37.05690826350778], [-94.55030394609223, 37.05655259117181], [-94.55031973751481, 37.05616090065983], [-94.55033477145587, 37.05583802860731], [-94.55033875037671, 37.05578850368391]]}, "properties": {"Shape_Length": 4356.7843141682715, "OBJECTID": 15, "Type": "Dedicated", "RoadName": "Schifferdecker", "Lane_Designator": "B", "_layer": "road"}}, {"type": "Feature", "id": 17, "geometry": {"type": "LineString", "coordinates": [[-94.53216991967805, 37.062658252626235], [-94.53219484950873, 37.06264742243891], [-94.53221874204424, 37.06264325275024], [-94.53228835210572, 37.06264739702643], [-94.53265302064511, 37.062665613498105], [-94.53289301846674, 37.062681366462165], [-94.5329647054801, 37.06268301184429], [-94.53333144575593, 37.062686239929455], [-94.53372831537993, 37.06268945831839], [-94.53419167755595, 37.062695154154724], [-94.53446699211314, 37.06269590622265], [-94.5348680170126, 37.06269995223164], [-94.53523475857035, 37.062703174432166], [-94.53612511818498, 37.06271040040367], [-94.53679522552956, 37.06271602203067], [-94.53757961497334, 37.06272326990664], [-94.5381292085764, 37.06272892211348], [-94.53891983173477, 37.06273532648329], [-94.539343712671, 37.0627376845801], [-94.54013953136041, 37.062744910836784], [-94.54075249867405, 37.06275053033073], [-94.54147039849933, 37.062757774400865], [-94.54196596690755, 37.0627617633261], [-94.54257581614127, 37.062764876580346], [-94.54311502010437, 37.062769677676854], [-94.54387655322533, 37.06277522603819], [-94.54435653777462, 37.06277837809909], [-94.54484171727107, 37.06278152625427], [-94.54552740894277, 37.06278626092241], [-94.54630660710727, 37.062795117464184], [-94.54704767987364, 37.062801635680145], [-94.54750448999991, 37.062802969324736], [-94.54809667818645, 37.062806061267324], [-94.54834602199958, 37.062808457832304]]}, "properties": {"Shape_Length": 4721.700834641196, "OBJECTID": 17, "Type": "Dedicated", "RoadName": "26th St", "Lane_Designator": "B", "_layer": "road"}}, {"type": "Feature", "id": 18, "geometry": {"type": "LineString", "coordinates": [[-94.54834492014724, 37.06270937948591], [-94.54757611392006, 37.06270469536708], [-94.54624732735049, 37.062694396512015], [-94.54540371779298, 37.06268722953129], [-94.54490607174317, 37.062683255753896], [-94.54358559707356, 37.06267375747803], [-94.54220486431014, 37.062662599774896], [-94.5413238553211, 37.062657082360545], [-94.54050102576608, 37.062649039732065], [-94.539658456626, 37.06264266417875], [-94.53888341949627, 37.06263709226413], [-94.53817487115157, 37.06263066126797], [-94.53705491002334, 37.06262102560105], [-94.53621130241794, 37.06261212796646], [-94.53526380192957, 37.06260408700051], [-94.53431007000745, 37.0625960411701], [-94.53345191800328, 37.062588792497365], [-94.5330952914345, 37.06259087860677], [-94.53298203017727, 37.06258801212912], [-94.53278283630085, 37.06254901524524], [-94.53272984740833, 37.06254153611282], [-94.53261140772494, 37.062534908508766], [-94.5321979072683, 37.0625100431478]]}, "properties": {"Shape_Length": 4713.91866377113, "OBJECTID": 18, "Type": "Dedicated", "RoadName": "26th St", "Lane_Designator": "A", "_layer": "road"}}, {"type": "Feature", "id": 19, "geometry": {"type": "LineString", "coordinates": [[-94.34537257983133, 37.1764681485042], [-94.34562952696882, 37.17631811837027], [-94.34588862635258, 37.17618798423145], [-94.3461806477567, 37.17604794583498], [-94.34642434582223, 37.17593943783811], [-94.34815264681508, 37.17529925183838], [-94.34907269202778, 37.174942414345715], [-94.3502579450264, 37.174502800418736], [-94.35056718949826, 37.174381350167586], [-94.35100930798413, 37.17423010620381], [-94.35147425073218, 37.17410058788164], [-94.35179756297897, 37.17402766500437], [-94.35218251879562, 37.17395757915199], [-94.3524802955895, 37.17392126792206], [-94.35284648746376, 37.17388253223809], [-94.35315070769748, 37.173864527030915], [-94.35383884230124, 37.17387204421668], [-94.35397107665972, 37.17387459788939], [-94.35419624303434, 37.1738919214241], [-94.35460673981015, 37.173930069606406], [-94.35485550352554, 37.173967438960226], [-94.35514800737648, 37.17403875555525], [-94.35574842729567, 37.174192611523495], [-94.3559800162532, 37.17426021862454], [-94.3563771135646, 37.17440883737893], [-94.3572635453675, 37.17475772181475], [-94.3577971730849, 37.17496854869077], [-94.35820100288936, 37.17513697395576], [-94.35903403238025, 37.175460448350364], [-94.35989696607396, 37.1757949160204], [-94.36108817743633, 37.176265101005114], [-94.36159870556841, 37.17647369124848], [-94.36190605986074, 37.176601921567475], [-94.36281477139104, 37.17694768874127], [-94.36366340075354, 37.17728340905986], [-94.3642633886676, 37.17751832825366], [-94.36492647309528, 37.17778570306185], [-94.36561833475471, 37.17806477433449], [-94.36626206464612, 37.17831040480618], [-94.36674935117324, 37.178463814101846], [-94.36713219584958, 37.17857470360148], [-94.37025632137673, 37.17941430971341], [-94.37050460165804, 37.17946957050445], [-94.37113253249382, 37.17963675274396], [-94.37183563755231, 37.179818207235684], [-94.37229756766214, 37.17993493984587], [-94.37292096394593, 37.18004729244116], [-94.3732080923186, 37.18009579757517], [-94.3736049910128, 37.18014200779464], [-94.37407751410197, 37.180184816098965], [-94.37440568124526, 37.1802002300154], [-94.37490441459161, 37.1802267031942], [-94.3786336044445, 37.18044914165196], [-94.38010700812039, 37.18054384503026], [-94.38057566907139, 37.18056870769467], [-94.38297446668825, 37.180714926023406], [-94.38398163250663, 37.18077769280022], [-94.38451971012273, 37.18080973377326], [-94.38535159398243, 37.180848826071326], [-94.38600509943021, 37.180885818987555], [-94.38671383345887, 37.180937347321006], [-94.38735440336018, 37.180976921023856], [-94.3879020604876, 37.18100241100084], [-94.38839674777095, 37.18107299585581], [-94.38882778671773, 37.18115225067571], [-94.3891515898881, 37.18122808938061], [-94.389432064357, 37.1813048257295], [-94.38977936701524, 37.18141851944404], [-94.39012161748173, 37.181542312473226], [-94.39043758047468, 37.18167449655111], [-94.39084439997877, 37.181895710932544], [-94.39171533400544, 37.18241394035113], [-94.39225222877783, 37.18272786106107], [-94.39261607133213, 37.18294520503747], [-94.39288260559334, 37.183099807773694], [-94.39363721614232, 37.18356306285915], [-94.39424804650156, 37.18392111847912], [-94.39443684675093, 37.184038615493016], [-94.39468471172043, 37.184183819695555], [-94.39549251224788, 37.18466060423868], [-94.39705424722652, 37.18560632525471], [-94.39907746665938, 37.18680195853655], [-94.39938280222975, 37.18695044217386], [-94.39973712406481, 37.187096528991674], [-94.3999955758782, 37.18720078649532], [-94.4002739265461, 37.18729982295244], [-94.40069579837538, 37.18743905314796], [-94.40317740900036, 37.18827097582925], [-94.4081289307244, 37.189943624644364], [-94.40900158928059, 37.19023640433784], [-94.41412706344217, 37.19196395888633], [-94.41596226560564, 37.192591317358875], [-94.41882659542055, 37.19355538652326], [-94.41949998070685, 37.19379552571756], [-94.42109404473827, 37.194313159713644], [-94.4215030439476, 37.19444459095499], [-94.42188563641929, 37.194570480497106], [-94.42215590856625, 37.19465026567343], [-94.42241777521174, 37.19471884578689], [-94.42273867081691, 37.19479535211034], [-94.4233265966511, 37.194911276537816], [-94.4234513021137, 37.19492696973639], [-94.42376009151391, 37.19497147441591], [-94.42399319288825, 37.195001486834904], [-94.42433993108519, 37.19503713124378], [-94.42471059152633, 37.19506083036884], [-94.42524665532932, 37.195078279120104], [-94.42696168032158, 37.19508747232101], [-94.44381161839298, 37.19518124081625], [-94.45042107511755, 37.19521306440609], [-94.45082471243343, 37.19519286404264], [-94.45113692207474, 37.19515842320342], [-94.45359728003254, 37.194887394722905], [-94.4568247077672, 37.19453726740674], [-94.45791948527004, 37.194425105992835], [-94.45855347267405, 37.19434985555988], [-94.45902067539267, 37.194296358131325], [-94.45929733732957, 37.19427134509068], [-94.45960163276611, 37.194248352098434], [-94.45991769689756, 37.19423099511981], [-94.46013486482403, 37.194225346372306], [-94.46040793602128, 37.19422252376834], [-94.46077856048306, 37.19423200863733], [-94.46099551575033, 37.19424331615418], [-94.46144635194352, 37.19428290332968], [-94.4619290580623, 37.194341528589774], [-94.4623053555661, 37.194385441762066], [-94.46284539775617, 37.19447768736024], [-94.46333827858716, 37.19460162943072], [-94.46656151247268, 37.19550459266191], [-94.46923127638951, 37.19625219127865], [-94.4705132848916, 37.196621204667785], [-94.47082013094445, 37.19670359393584], [-94.47370988017721, 37.19753298386979], [-94.47555958915582, 37.19804618729612], [-94.47617758690531, 37.198226181021845], [-94.4764373683374, 37.198300336276226], [-94.47695477246758, 37.19844405442302], [-94.47722240578355, 37.19852521196996], [-94.47794858067395, 37.198726507608534], [-94.47938014432239, 37.199103866269446], [-94.4813590540082, 37.19931704245187], [-94.48322164253034, 37.19918429074082], [-94.50176394802399, 37.195154642430566], [-94.50874798305084, 37.193637784845976], [-94.51601457821087, 37.19286544888575], [-94.52703891930953, 37.191745988531565], [-94.52906742218596, 37.19134641634066], [-94.5429233144903, 37.18636561150564], [-94.54370672185102, 37.18609476319375], [-94.5450002323326, 37.1856459907819], [-94.54512854448471, 37.185603982824176], [-94.54590112455294, 37.185322775780094]]}, "properties": {"Shape_Length": 61487.97882594542, "OBJECTID": 19, "Type": null, "RoadName": null, "Lane_Designator": "B", "_layer": "road"}}, {"type": "Feature", "id": 20, "geometry": {"type": "LineString", "coordinates": [[-94.34535841672985, 37.17645261745058], [-94.34561604257097, 37.1763021917438], [-94.3458760629009, 37.17617159476143], [-94.34616862758058, 37.17603129577949], [-94.3464134425953, 37.17592229004097], [-94.34814235972365, 37.17528187610632], [-94.34906240026551, 37.174925040488574], [-94.35024759895846, 37.17448544731992], [-94.3505571679411, 37.17436386954728], [-94.3510006261641, 37.1742121668387], [-94.35146703577954, 37.17408224038455], [-94.35179163451085, 37.17400902717666], [-94.35217803777019, 37.173938677321985], [-94.3524769115571, 37.173902232302595], [-94.352844024665, 37.173863399552104], [-94.35314998369353, 37.17384529107634], [-94.35383929597961, 37.17385282143319], [-94.35397251784192, 37.17385539434449], [-94.35419877855047, 37.173872802124926], [-94.35461034593871, 37.173911049832874], [-94.35486123840644, 37.173948738976705], [-94.3551551727792, 37.17402040423304], [-94.35575621161469, 37.17417441861266], [-94.35598923999373, 37.17424244556225], [-94.35638750641027, 37.1743915018394], [-94.35727416536194, 37.174740475681695], [-94.35780804504768, 37.17495140193468], [-94.3582118027705, 37.17511979734021], [-94.35904451365967, 37.17544314873004], [-94.35990751809827, 37.175777643441464], [-94.36109895544145, 37.176247917795884], [-94.36160972317367, 37.17645660559283], [-94.3619167769693, 37.176584710279364], [-94.36282525539441, 37.176930388793444], [-94.36367400502044, 37.177266156934856], [-94.36427407610715, 37.17750110861074], [-94.36493728758458, 37.17776853486776], [-94.36562891505754, 37.17804751119606], [-94.36627164661405, 37.17829276111784], [-94.36675784016016, 37.17844582582341], [-94.36714011183662, 37.17855654975067], [-94.37026337108188, 37.179395923122755], [-94.37051161866177, 37.17945117665456], [-94.3711400131333, 37.179618481912144], [-94.37184294356054, 37.17979989111566], [-94.37230383680546, 37.17991636216013], [-94.37292608572056, 37.18002850803969], [-94.37321230771073, 37.18007685990434], [-94.37360807359538, 37.18012293824082], [-94.37407957077521, 37.180165653529684], [-94.3744071804214, 37.18018104161849], [-94.37490610282322, 37.18020752490272], [-94.37863545952477, 37.18042997248931], [-94.38010876486167, 37.18052467033844], [-94.38057737614714, 37.1805495302425], [-94.38297631166905, 37.18069575678288], [-94.38398345696461, 37.180758522622824], [-94.38452130585074, 37.18079054984807], [-94.38535314670865, 37.18082964029107], [-94.38600703486382, 37.1808666542924], [-94.38671584528741, 37.180918188094], [-94.38735602652838, 37.18095773798769], [-94.38790487719638, 37.18098328315277], [-94.38840155053872, 37.18105415191335], [-94.38883385825957, 37.18113363949098], [-94.38915885583664, 37.18120975864012], [-94.38944050777417, 37.18128681686498], [-94.38978886848311, 37.181400856663366], [-94.39013214206192, 37.18152502006818], [-94.39044994072155, 37.18165797265801], [-94.39085832887295, 37.18188003908792], [-94.39172959251398, 37.18239846514805], [-94.3922665052415, 37.18271239572267], [-94.39263031175444, 37.18292971799655], [-94.39289697314751, 37.183084395607935], [-94.39365163201863, 37.18354767948186], [-94.39426252646477, 37.1839057729321], [-94.39445132444854, 37.184023268119], [-94.39469894182429, 37.18416832789443], [-94.39550689644766, 37.18464520258832], [-94.39706863691578, 37.185590927026304], [-94.39909087257479, 37.18678597891486], [-94.39939456142584, 37.18693366183806], [-94.39974803783025, 37.187079400078595], [-94.40000587385214, 37.1871834092346], [-94.40028339253669, 37.18728214940463], [-94.40070502336442, 37.18742130006743], [-94.40318672582654, 37.18825325417147], [-94.40813825110484, 37.18992590350553], [-94.40901090161236, 37.19021868042166], [-94.41413645022666, 37.19194625985683], [-94.41597163515061, 37.19257361276681], [-94.41895007783462, 37.19358901112444], [-94.41924688760491, 37.19369311671405], [-94.41949870472693, 37.193778355180555], [-94.42000707785725, 37.193944915696825], [-94.42099640412034, 37.19426645070583], [-94.42142265518385, 37.19440499444182], [-94.42175553876021, 37.19451762769843], [-94.42193018416158, 37.19457365201671], [-94.42216745815793, 37.19463971320412], [-94.42243078569095, 37.194711613922], [-94.42274202068293, 37.19478322180813], [-94.42322857537445, 37.19488129725251], [-94.42332072240752, 37.19489911321619], [-94.42375984379183, 37.19496130798255], [-94.42402002532039, 37.19499534318715], [-94.42435484706715, 37.19502561742969], [-94.42471610772219, 37.195050394565406], [-94.42524080936865, 37.19506680796084], [-94.42696412847538, 37.19507643979159], [-94.44381177344096, 37.195162014898166], [-94.45042039608248, 37.195193834525426], [-94.45082231773344, 37.19517371995819], [-94.451133641884, 37.19513937698041], [-94.4535940262705, 37.19486834587401], [-94.45682156698173, 37.194518206070825], [-94.45791619552222, 37.194406059951405], [-94.45855000704242, 37.19433083019964], [-94.45901762305536, 37.19427728607003], [-94.45929485828225, 37.194252220969275], [-94.45959967968602, 37.19422918851396], [-94.45991648266879, 37.19421179033958], [-94.46013431849588, 37.19420612469801], [-94.46040816458128, 37.194203294244296], [-94.46077972608974, 37.19421280285157], [-94.46099760941941, 37.19422415843044], [-94.46144946821313, 37.19426383514031], [-94.46193259658232, 37.194322511886604], [-94.46230960357693, 37.19436650817523], [-94.46285152429772, 37.19445907423596], [-94.46334585563298, 37.194583381677994], [-94.46656945374349, 37.19548644663338], [-94.4692393150871, 37.19623407213183], [-94.47052117802984, 37.196603043947974], [-94.47082801388105, 37.19668543048999], [-94.47371787626662, 37.197514852699015], [-94.47556763892145, 37.198028071331876], [-94.47618573678696, 37.19820809387163], [-94.47644534921297, 37.19828220131616], [-94.47696297512624, 37.198425980746826], [-94.47723060162907, 37.19850713647197], [-94.4779562762636, 37.19870829319757], [-94.4793855553132, 37.199085049430806], [-94.48135959833925, 37.19929770121568], [-94.48321739322526, 37.19916529123652], [-94.50175764876681, 37.19513608875489], [-94.50874323094033, 37.19361889531019], [-94.51601148343762, 37.19284638279834], [-94.52703451867215, 37.19172705548952], [-94.52905960737783, 37.19132815553443], [-94.54087211577435, 37.187092482238825], [-94.5416453120078, 37.18680840753798], [-94.54214029800401, 37.186638527935095], [-94.54286552675457, 37.1863716004584], [-94.54384918204984, 37.186026673363415], [-94.54426878929485, 37.1858830989182], [-94.54447297999164, 37.18580525600154], [-94.54500851083898, 37.18562027364203], [-94.54541081735245, 37.185474190328456], [-94.5458879419789, 37.185302669073245]]}, "properties": {"Shape_Length": 61490.099073652775, "OBJECTID": 20, "Type": null, "RoadName": null, "Lane_Designator": "A", "_layer": "road"}}, {"type": "Feature", "id": 22, "geometry": {"type": "LineString", "coordinates": [[-94.5478498521115, 37.18462330064214], [-94.5704980985969, 37.17653171765008], [-94.58075468654596, 37.172904521404874], [-94.58152591953679, 37.172623206853245], [-94.582223300583, 37.17237592026172], [-94.5825629650643, 37.17225425784515], [-94.58294712574666, 37.172130534017676], [-94.58344623271036, 37.17198714154798], [-94.58407585267283, 37.171837361101204], [-94.58454471274113, 37.17174306526665], [-94.58471865622101, 37.17172995875968], [-94.58501890425211, 37.17166552978803], [-94.58585397164386, 37.17153171315526], [-94.59135197452365, 37.170619267133226], [-94.59142956225932, 37.170499148002094], [-94.59163865238862, 37.170499468589625], [-94.59223696513351, 37.170461968809555], [-94.59247108226174, 37.17043540457583], [-94.59263740363949, 37.17041113125257], [-94.5928344998652, 37.17036702450531], [-94.59338926167496, 37.17027549276664], [-94.59499496912197, 37.170011028569675], [-94.59546654318038, 37.16991882746577], [-94.59574576750947, 37.16987915703235], [-94.59745698238048, 37.16960608031777], [-94.59767229181371, 37.16956040964413], [-94.59804080195607, 37.16949682583453], [-94.59813714627569, 37.16949242346576], [-94.60175455147557, 37.168882292437104], [-94.60273351685954, 37.168732176312616], [-94.60448848011629, 37.168414276789], [-94.60522992392215, 37.16830914698577], [-94.60822260153112, 37.16782102946437], [-94.61075659057325, 37.16739090450946], [-94.61262153389418, 37.167092177157585], [-94.61331011882352, 37.16697029358367], [-94.61381565098037, 37.166887344089496], [-94.61428221344964, 37.16681064317653], [-94.615246932786, 37.16665433598467], [-94.61635367810422, 37.166474292327905], [-94.61744966881615, 37.166289346955615], [-94.61814393104663, 37.1661743555915], [-94.61826998546441, 37.16605870848861], [-94.61839892290399, 37.166056263887235], [-94.61951366701855, 37.165857172909156], [-94.62166848628861, 37.165517072149136]]}, "properties": {"Shape_Length": 22764.02410721675, "OBJECTID": 22, "Type": null, "RoadName": null, "Lane_Designator": "A", "_layer": "road"}}, {"type": "Feature", "id": 26, "geometry": {"type": "LineString", "coordinates": [[-94.5478570109218, 37.18464179838609], [-94.57050785363623, 37.17654928796714], [-94.58076452566327, 37.172922061994655], [-94.58153576892636, 37.17264074376825], [-94.5822330746837, 37.172393483303836], [-94.58257236101915, 37.172271956289414], [-94.5829556730272, 37.17214850606199], [-94.58345372080919, 37.1720054179764], [-94.5840822061449, 37.17185590682582], [-94.58454878995333, 37.171762069452775], [-94.5847229237626, 37.17174894838602], [-94.58502437982706, 37.17168425991862], [-94.58585876965655, 37.17155055187164], [-94.59136806121784, 37.17063623253081], [-94.59144417433994, 37.17051839613612], [-94.59163956855065, 37.17051869575103], [-94.59223959176101, 37.17048108920519], [-94.59247492489446, 37.17045438704879], [-94.59264280558959, 37.17042988632272], [-94.59284016753129, 37.17038571988522], [-94.59339410876079, 37.170294323032245], [-94.59500024326572, 37.17002978904245], [-94.59547149884769, 37.1699376503509], [-94.59575021662279, 37.16989805150281], [-94.59746241471797, 37.169624818024026], [-94.59767790431526, 37.16957910934556], [-94.59804403804824, 37.169515935687336], [-94.59814032609337, 37.16951153516475], [-94.60175929022301, 37.16890114138009], [-94.60273843033613, 37.16875099893313], [-94.60449323077671, 37.168433128316565], [-94.6052344192081, 37.16832803475496], [-94.6082274926644, 37.16783985278084], [-94.61076144065576, 37.167409734969524], [-94.61262648573418, 37.16711099122527], [-94.61331512598429, 37.166989097657755], [-94.61382048040086, 37.166906178049736], [-94.6142870137123, 37.1668294816516], [-94.61525170851205, 37.16667317804929], [-94.6163585486516, 37.16649311893634], [-94.61745458127437, 37.16630816717009], [-94.61815671891868, 37.166191871228676], [-94.61828113290433, 37.16607772880091], [-94.61840185105729, 37.16607544018164], [-94.61951860810346, 37.16587598940577], [-94.6216731352098, 37.16553593481317]]}, "properties": {"Shape_Length": 22762.67141405113, "OBJECTID": 26, "Type": null, "RoadName": null, "Lane_Designator": "B", "_layer": "road"}}]}