{"type": "FeatureCollection", "metadata": {"source": "https://www.mshp.dps.missouri.gov/arcgis/rest/services/STARS_CRASHES/MapServer/0/query", "fetched": "2026-08-10T09:15:06+00:00", "where": "COUNTY='JASPER' AND ACC_DATE >= DATE '2016-08-12' AND ACC_TYPE IN ('Pedestrian','Pedalcycle')", "total_returned": 344, "kept": 330, "dropped_no_geometry": 14}, "features": [{"type": "Feature", "geometry": {"type": "Point", "coordinates": [-94.51807999999994, 37.084160000000054]}, "properties": {"ACCIDENT": "2160036771", "ACC_DATE": "2016-08-12", "ACC_TIME": "00:05:00", "COUNTY": "JASPER", "CITY": "JOPLIN", "ON_STREET": "MO 66", "AT_STREET": "CST BYERS AVE", "INTER_LOC": "AT", "DIRECTION": "E ", "ACC_TYPE": "Pedalcycle", "SEVERITY": "Personal Injury", "INJURED": 2, "KILLED": 0, "NO_VEHICLE": 2, "DR_DRINK": "N ", "DR_DRUG": "N ", "SPEED": "N ", "CELL_PHONE": "N ", "TEXTING": "N ", "MOTORCYCLE": "N ", "PICKUP": "N ", "TRUCK": "N ", "SCHOOL_BUS": "N ", "LIGHT_COND": "Dark-Lighted", "DAY_WEEK": "Fri     "}}, {"type": "Feature", "geometry": {"type": "Point", "coordinates": [-94.49476999999996, 37.06164000000007]}, "properties": {"ACCIDENT": "2160033074", "ACC_DATE": "2016-08-24", "ACC_TIME": "21:05:00", "COUNTY": "JASPER", "CITY": "JOPLIN", "ON_STREET": "CST CONNECTICUT AVE", "AT_STREET": "CST 26TH ST", "INTER_LOC": "AT", "DIRECTION": "S ", "ACC_TYPE": "Pedalcycle", "SEVERITY": "Property Damage", "INJURED": 0, "KILLED": 0, "NO_VEHICLE": 2, "DR_DRINK": "N ", "DR_DRUG": "N ", "SPEED": "N ", "CELL_PHONE": "N ", "TEXTING": "N ", "MOTORCYCLE": "N ", "PICKUP": "N ", "TRUCK": "N ", "SCHOOL_BUS": "N ", "LIGHT_COND": "Dark-Lighted", "DAY_WEEK": "Wed     "}}, {"type": "Feature", "geometry": {"type": "Point", "coordinates": [-94.51577999999995, 37.08140000000003]}, "properties": {"ACCIDENT": "0160067387", "ACC_DATE": "2016-09-07", "ACC_TIME": "16:30:00", "COUNTY": "JASPER", "CITY": "JOPLIN", "ON_STREET": "CST WALL AVE", "AT_STREET": "CST W 9TH ST", "INTER_LOC": "AT", "DIRECTION": "N ", "ACC_TYPE": "Pedalcycle", "SEVERITY": "Property Damage", "INJURED": 0, "KILLED": 0, "NO_VEHICLE": 2, "DR_DRINK": "U ", "DR_DRUG": "U ", "SPEED": "U ", "CELL_PHONE": "N ", "TEXTING": "N ", "MOTORCYCLE": "N ", "PICKUP": "N ", "TRUCK": "N ", "SCHOOL_BUS": "N ", "LIGHT_COND": "Daylight", "DAY_WEEK": "Wed     "}}, {"type": "Feature", "geometry": {"type": "Point", "coordinates": [-94.54896999999994, 37.086110000000076]}, "properties": {"ACCIDENT": "0160058425", "ACC_DATE": "2016-09-11", "ACC_TIME": "18:35:00", "COUNTY": "JASPER", "CITY": "JOPLIN", "ON_STREET": "PVT GOLF RD", "AT_STREET": "CST SCHIFFERDECKER AVE", "INTER_LOC": "B ", "DIRECTION": "E ", "ACC_TYPE": "Pedestrian", "SEVERITY": "Personal Injury", "INJURED": 1, "KILLED": 0, "NO_VEHICLE": 1, "DR_DRINK": "N ", "DR_DRUG": "N ", "SPEED": "N ", "CELL_PHONE": "N ", "TEXTING": "N ", "MOTORCYCLE": "N ", "PICKUP": "N ", "TRUCK": "N ", "SCHOOL_BUS": "N ", "LIGHT_COND": "Daylight", "DAY_WEEK": "Sun     "}}, {"type": "Feature", "geometry": {"type": "Point", "coordinates": [-94.51225999999997, 37.08767000000006]}, "properties": {"ACCIDENT": "0160067711", "ACC_DATE": "2016-09-21", "ACC_TIME": "12:01:00", "COUNTY": "JASPER", "CITY": "JOPLIN", "ON_STREET": "CST VIRGINIA AVE", "AT_STREET": "CST 4TH ST", "INTER_LOC": "B ", "DIRECTION": "S ", "ACC_TYPE": "Pedalcycle", "SEVERITY": "Personal Injury", "INJURED": 1, "KILLED": 0, "NO_VEHICLE": 2, "DR_DRINK": "N ", "DR_DRUG": "N ", "SPEED": "N ", "CELL_PHONE": "N ", "TEXTING": "N ", "MOTORCYCLE": "N ", "PICKUP": "Y ", "TRUCK": "Y ", "SCHOOL_BUS": "N ", "LIGHT_COND": "Daylight", "DAY_WEEK": "Wed     "}}, {"type": "Feature", "geometry": {"type": "Point", "coordinates": [-94.50257999999997, 37.08222000000006]}, "properties": {"ACCIDENT": "0160073375", "ACC_DATE": "2016-10-04", "ACC_TIME": "10:20:00", "COUNTY": "JASPER", "CITY": "JOPLIN", "ON_STREET": "CST ILLINOIS AVE", "AT_STREET": "CST 8TH ST", "INTER_LOC": "AT", "DIRECTION": "S ", "ACC_TYPE": "Pedalcycle", "SEVERITY": "Personal Injury", "INJURED": 1, "KILLED": 0, "NO_VEHICLE": 2, "DR_DRINK": "N ", "DR_DRUG": "N ", "SPEED": "N ", "CELL_PHONE": "N ", "TEXTING": "N ", "MOTORCYCLE": "N ", "PICKUP": "N ", "TRUCK": "N ", "SCHOOL_BUS": "N ", "LIGHT_COND": "Daylight", "DAY_WEEK": "Tue     "}}, {"type": "Feature", "geometry": {"type": "Point", "coordinates": [-94.51111999999995, 37.087590000000034]}, "properties": {"ACCIDENT": "0160074720", "ACC_DATE": "2016-10-17", "ACC_TIME": "17:14:00", "COUNTY": "JASPER", "CITY": "JOPLIN", "ON_STREET": "CST PENNSYLVANIA AVE", "AT_STREET": "CST 4TH ST", "INTER_LOC": "A ", "DIRECTION": "S ", "ACC_TYPE": "Pedalcycle", "SEVERITY": "Personal Injury", "INJURED": 1, "KILLED": 0, "NO_VEHICLE": 2, "DR_DRINK": "U ", "DR_DRUG": "U ", "SPEED": "U ", "CELL_PHONE": "N ", "TEXTING": "N ", "MOTORCYCLE": "N ", "PICKUP": "N ", "TRUCK": "N ", "SCHOOL_BUS": "N ", "LIGHT_COND": "Daylight", "DAY_WEEK": "Mon     "}}, {"type": "Feature", "geometry": {"type": "Point", "coordinates": [-94.49483999999995, 37.06164000000007]}, "properties": {"ACCIDENT": "0160074632", "ACC_DATE": "2016-10-21", "ACC_TIME": "06:20:00", "COUNTY": "JASPER", "CITY": "JOPLIN", "ON_STREET": "CST 26TH ST", "AT_STREET": "CST CONNECTICUT AVE", "INTER_LOC": "A ", "DIRECTION": "W ", "ACC_TYPE": "Pedestrian", "SEVERITY": "Personal Injury", "INJURED": 2, "KILLED": 0, "NO_VEHICLE": 1, "DR_DRINK": "U ", "DR_DRUG": "U ", "SPEED": "U ", "CELL_PHONE": "N ", "TEXTING": "N ", "MOTORCYCLE": "Y ", "PICKUP": "N ", "TRUCK": "N ", "SCHOOL_BUS": "N ", "LIGHT_COND": "Unknown", "DAY_WEEK": "Fri     "}}, {"type": "Feature", "geometry": {"type": "Point", "coordinates": [-94.49377999999996, 37.087500000000034]}, "properties": {"ACCIDENT": "0160074648", "ACC_DATE": "2016-10-25", "ACC_TIME": "14:50:00", "COUNTY": "JASPER", "CITY": "JOPLIN", "ON_STREET": "CST 4TH", "AT_STREET": "CST ST CHARLES AVE", "INTER_LOC": "AT", "DIRECTION": "E ", "ACC_TYPE": "Pedalcycle", "SEVERITY": "Personal Injury", "INJURED": 1, "KILLED": 0, "NO_VEHICLE": 2, "DR_DRINK": "N ", "DR_DRUG": "N ", "SPEED": "N ", "CELL_PHONE": "N ", "TEXTING": "N ", "MOTORCYCLE": "N ", "PICKUP": "N ", "TRUCK": "N ", "SCHOOL_BUS": "N ", "LIGHT_COND": "Daylight", "DAY_WEEK": "Tue     "}}, {"type": "Feature", "geometry": {"type": "Point", "coordinates": [-94.50858999999997, 37.186000000000035]}, "properties": {"ACCIDENT": "3160030065", "ACC_DATE": "2016-11-06", "ACC_TIME": "19:10:00", "COUNTY": "JASPER", "CITY": "NON-CITY OR UNINCORPORATED", "ON_STREET": "CRD IVY ROAD", "AT_STREET": "MO 43", "INTER_LOC": "B ", "DIRECTION": "W ", "ACC_TYPE": "Pedestrian", "SEVERITY": "Personal Injury", "INJURED": 1, "KILLED": 0, "NO_VEHICLE": 1, "DR_DRINK": "U ", "DR_DRUG": "U ", "SPEED": "U ", "CELL_PHONE": "N ", "TEXTING": "N ", "MOTORCYCLE": "N ", "PICKUP": "N ", "TRUCK": "N ", "SCHOOL_BUS": "N ", "LIGHT_COND": "Dark-Unlighted", "DAY_WEEK": "Sun     "}}, {"type": "Feature", "geometry": {"type": "Point", "coordinates": [-94.52035999999998, 37.08424000000008]}, "properties": {"ACCIDENT": "2160051080", "ACC_DATE": "2016-11-07", "ACC_TIME": "12:05:00", "COUNTY": "JASPER", "CITY": "JOPLIN", "ON_STREET": "MO 66", "AT_STREET": "CST SERGEANT AVE", "INTER_LOC": "A ", "DIRECTION": "W ", "ACC_TYPE": "Pedestrian", "SEVERITY": "Property Damage", "INJURED": 0, "KILLED": 0, "NO_VEHICLE": 1, "DR_DRINK": "N ", "DR_DRUG": "N ", "SPEED": "N ", "CELL_PHONE": "N ", "TEXTING": "N ", "MOTORCYCLE": "N ", "PICKUP": "N ", "TRUCK": "N ", "SCHOOL_BUS": "N ", "LIGHT_COND": "Daylight", "DAY_WEEK": "Mon     "}}, {"type": "Feature", "geometry": {"type": "Point", "coordinates": [-94.47629999999998, 37.106580000000065]}, "properties": {"ACCIDENT": "2160051530", "ACC_DATE": "2016-11-08", "ACC_TIME": "18:58:00", "COUNTY": "JASPER", "CITY": "JOPLIN", "ON_STREET": "CST RANGE LINE RD", "AT_STREET": "CST ZORA ST", "INTER_LOC": "A ", "DIRECTION": "N ", "ACC_TYPE": "Pedestrian", "SEVERITY": "Personal Injury", "INJURED": 1, "KILLED": 0, "NO_VEHICLE": 1, "DR_DRINK": "N ", "DR_DRUG": "N ", "SPEED": "N ", "CELL_PHONE": "N ", "TEXTING": "N ", "MOTORCYCLE": "N ", "PICKUP": "N ", "TRUCK": "N ", "SCHOOL_BUS": "N ", "LIGHT_COND": "Dark-Unlighted", "DAY_WEEK": "Tue     "}}, {"type": "Feature", "geometry": {"type": "Point", "coordinates": [-94.51345999999995, 37.08404000000007]}, "properties": {"ACCIDENT": "2160057275", "ACC_DATE": "2016-11-15", "ACC_TIME": "08:05:00", "COUNTY": "JASPER", "CITY": "JOPLIN", "ON_STREET": "MO 43", "AT_STREET": "MO 66", "INTER_LOC": "AT", "DIRECTION": "N ", "ACC_TYPE": "Pedalcycle", "SEVERITY": "Property Damage", "INJURED": 0, "KILLED": 0, "NO_VEHICLE": 2, "DR_DRINK": "N ", "DR_DRUG": "N ", "SPEED": "N ", "CELL_PHONE": "N ", "TEXTING": "N ", "MOTORCYCLE": "N ", "PICKUP": "N ", "TRUCK": "N ", "SCHOOL_BUS": "N ", "LIGHT_COND": "Daylight", "DAY_WEEK": "Tue     "}}, {"type": "Feature", "geometry": {"type": "Point", "coordinates": [-94.52506999999997, 37.11409000000003]}, "properties": {"ACCIDENT": "3160032276", "ACC_DATE": "2016-11-19", "ACC_TIME": "17:36:00", "COUNTY": "JASPER", "CITY": "NON-CITY OR UNINCORPORATED", "ON_STREET": "CRD W ZORA ST", "AT_STREET": "CST LONE ELM", "INTER_LOC": "A ", "DIRECTION": "E ", "ACC_TYPE": "Pedestrian", "SEVERITY": "Personal Injury", "INJURED": 1, "KILLED": 0, "NO_VEHICLE": 1, "DR_DRINK": "U ", "DR_DRUG": "U ", "SPEED": "U ", "CELL_PHONE": "N ", "TEXTING": "N ", "MOTORCYCLE": "N ", "PICKUP": "N ", "TRUCK": "N ", "SCHOOL_BUS": "N ", "LIGHT_COND": "Dark-Unlighted", "DAY_WEEK": "Sat     "}}, {"type": "Feature", "geometry": {"type": "Point", "coordinates": [-94.47129999999999, 37.14626000000004]}, "properties": {"ACCIDENT": "2160058368", "ACC_DATE": "2016-11-21", "ACC_TIME": "14:48:00", "COUNTY": "JASPER", "CITY": "WEBB CITY", "ON_STREET": "CST BROADWAY ST", "AT_STREET": "CST WASHINGTON ST", "INTER_LOC": "AT", "DIRECTION": "W ", "ACC_TYPE": "Pedestrian", "SEVERITY": "Personal Injury", "INJURED": 1, "KILLED": 0, "NO_VEHICLE": 1, "DR_DRINK": "N ", "DR_DRUG": "N ", "SPEED": "N ", "CELL_PHONE": "N ", "TEXTING": "N ", "MOTORCYCLE": "N ", "PICKUP": "N ", "TRUCK": "N ", "SCHOOL_BUS": "N ", "LIGHT_COND": "Daylight", "DAY_WEEK": "Mon     "}}, {"type": "Feature", "geometry": {"type": "Point", "coordinates": [-94.51316999999995, 37.09065000000004]}, "properties": {"ACCIDENT": "2160058029", "ACC_DATE": "2016-11-25", "ACC_TIME": "14:54:00", "COUNTY": "JASPER", "CITY": "JOPLIN", "ON_STREET": "MO 43", "AT_STREET": "CST 1ST ST", "INTER_LOC": "AT", "DIRECTION": "S ", "ACC_TYPE": "Pedestrian", "SEVERITY": "Property Damage", "INJURED": 0, "KILLED": 0, "NO_VEHICLE": 1, "DR_DRINK": "N ", "DR_DRUG": "N ", "SPEED": "N ", "CELL_PHONE": "N ", "TEXTING": "N ", "MOTORCYCLE": "N ", "PICKUP": "N ", "TRUCK": "N ", "SCHOOL_BUS": "N ", "LIGHT_COND": "Daylight", "DAY_WEEK": "Fri     "}}, {"type": "Feature", "geometry": {"type": "Point", "coordinates": [-94.47948999999994, 37.07409000000007]}, "properties": {"ACCIDENT": "2160058443", "ACC_DATE": "2016-11-25", "ACC_TIME": "21:48:00", "COUNTY": "JASPER", "CITY": "JOPLIN", "ON_STREET": "CST 15TH ST", "AT_STREET": "LP 49", "INTER_LOC": "B ", "DIRECTION": "E ", "ACC_TYPE": "Pedestrian", "SEVERITY": "Personal Injury", "INJURED": 1, "KILLED": 0, "NO_VEHICLE": 1, "DR_DRINK": "N ", "DR_DRUG": "N ", "SPEED": "N ", "CELL_PHONE": "N ", "TEXTING": "N ", "MOTORCYCLE": "N ", "PICKUP": "N ", "TRUCK": "N ", "SCHOOL_BUS": "N ", "LIGHT_COND": "Dark-Lighted", "DAY_WEEK": "Fri     "}}, {"type": "Feature", "geometry": {"type": "Point", "coordinates": [-94.51410999999996, 37.06931000000003]}, "properties": {"ACCIDENT": "2160058104", "ACC_DATE": "2016-11-28", "ACC_TIME": "15:36:00", "COUNTY": "JASPER", "CITY": "JOPLIN", "ON_STREET": "MO 43", "AT_STREET": "CST E 20TH ST", "INTER_LOC": "B ", "DIRECTION": "N ", "ACC_TYPE": "Pedestrian", "SEVERITY": "Personal Injury", "INJURED": 1, "KILLED": 0, "NO_VEHICLE": 1, "DR_DRINK": "N ", "DR_DRUG": "N ", "SPEED": "N ", "CELL_PHONE": "N ", "TEXTING": "N ", "MOTORCYCLE": "N ", "PICKUP": "N ", "TRUCK": "N ", "SCHOOL_BUS": "N ", "LIGHT_COND": "Daylight", "DAY_WEEK": "Mon     "}}, {"type": "Feature", "geometry": {"type": "Point", "coordinates": [-94.31074999999998, 37.18273000000005]}, "properties": {"ACCIDENT": "2170004284", "ACC_DATE": "2017-01-31", "ACC_TIME": "16:10:00", "COUNTY": "JASPER", "CITY": "CARTHAGE", "ON_STREET": "CST MAIN ST", "AT_STREET": "CST ELDORADO ST", "INTER_LOC": "B ", "DIRECTION": "S ", "ACC_TYPE": "Pedestrian", "SEVERITY": "Personal Injury", "INJURED": 1, "KILLED": 0, "NO_VEHICLE": 1, "DR_DRINK": "N ", "DR_DRUG": "N ", "SPEED": "N ", "CELL_PHONE": "N ", "TEXTING": "N ", "MOTORCYCLE": "N ", "PICKUP": "N ", "TRUCK": "N ", "SCHOOL_BUS": "N ", "LIGHT_COND": "Daylight", "DAY_WEEK": "Tue     "}}, {"type": "Feature", "geometry": {"type": "Point", "coordinates": [-94.47783999999996, 37.06922000000003]}, "properties": {"ACCIDENT": "2170030413", "ACC_DATE": "2017-02-09", "ACC_TIME": "12:47:00", "COUNTY": "JASPER", "CITY": "JOPLIN", "ON_STREET": "CST 20TH ST", "AT_STREET": "CST RANGE LINE RD", "INTER_LOC": "B ", "DIRECTION": "E ", "ACC_TYPE": "Pedestrian", "SEVERITY": "Personal Injury", "INJURED": 1, "KILLED": 0, "NO_VEHICLE": 1, "DR_DRINK": "N ", "DR_DRUG": "N ", "SPEED": "N ", "CELL_PHONE": "N ", "TEXTING": "N ", "MOTORCYCLE": "N ", "PICKUP": "N ", "TRUCK": "N ", "SCHOOL_BUS": "N ", "LIGHT_COND": "Daylight", "DAY_WEEK": "Thu     "}}, {"type": "Feature", "geometry": {"type": "Point", "coordinates": [-94.09722999999997, 37.07818000000003]}, "properties": {"ACCIDENT": "3170004388", "ACC_DATE": "2017-02-19", "ACC_TIME": "18:48:00", "COUNTY": "JASPER", "CITY": "NON-CITY OR UNINCORPORATED", "ON_STREET": "NOR 44", "AT_STREET": "CRD 20", "INTER_LOC": "A ", "DIRECTION": "W ", "ACC_TYPE": "Pedestrian", "SEVERITY": "Property Damage", "INJURED": 0, "KILLED": 0, "NO_VEHICLE": 1, "DR_DRINK": "N ", "DR_DRUG": "N ", "SPEED": "N ", "CELL_PHONE": "N ", "TEXTING": "N ", "MOTORCYCLE": "N ", "PICKUP": "N ", "TRUCK": "N ", "SCHOOL_BUS": "N ", "LIGHT_COND": "Dark-Unlighted", "DAY_WEEK": "Sun     "}}, {"type": "Feature", "geometry": {"type": "Point", "coordinates": [-94.31410999999997, 37.17277000000007]}, "properties": {"ACCIDENT": "2170011339", "ACC_DATE": "2017-02-24", "ACC_TIME": "07:34:00", "COUNTY": "JASPER", "CITY": "CARTHAGE", "ON_STREET": "MO 571", "AT_STREET": "CST CHESTNUT", "INTER_LOC": "B ", "DIRECTION": "S ", "ACC_TYPE": "Pedalcycle", "SEVERITY": "Personal Injury", "INJURED": 1, "KILLED": 0, "NO_VEHICLE": 2, "DR_DRINK": "N ", "DR_DRUG": "N ", "SPEED": "N ", "CELL_PHONE": "N ", "TEXTING": "N ", "MOTORCYCLE": "N ", "PICKUP": "N ", "TRUCK": "N ", "SCHOOL_BUS": "N ", "LIGHT_COND": "Daylight", "DAY_WEEK": "Fri     "}}, {"type": "Feature", "geometry": {"type": "Point", "coordinates": [-94.53089999999997, 37.090190000000064]}, "properties": {"ACCIDENT": "2170035951", "ACC_DATE": "2017-02-25", "ACC_TIME": "11:52:00", "COUNTY": "JASPER", "CITY": "JOPLIN", "ON_STREET": "CST MAIDEN LANE", "AT_STREET": "CST 2ND ST", "INTER_LOC": "B ", "DIRECTION": "S ", "ACC_TYPE": "Pedalcycle", "SEVERITY": "Property Damage", "INJURED": 0, "KILLED": 0, "NO_VEHICLE": 2, "DR_DRINK": "N ", "DR_DRUG": "N ", "SPEED": "N ", "CELL_PHONE": "N ", "TEXTING": "N ", "MOTORCYCLE": "N ", "PICKUP": "Y ", "TRUCK": "Y ", "SCHOOL_BUS": "N ", "LIGHT_COND": "Daylight", "DAY_WEEK": "Sat     "}}, {"type": "Feature", "geometry": {"type": "Point", "coordinates": [-94.51327999999995, 37.08860000000004]}, "properties": {"ACCIDENT": "2170046534", "ACC_DATE": "2017-04-03", "ACC_TIME": "12:52:00", "COUNTY": "JASPER", "CITY": "JOPLIN", "ON_STREET": "MO 43", "AT_STREET": "CST 3RD ST", "INTER_LOC": "A ", "DIRECTION": "S ", "ACC_TYPE": "Pedestrian", "SEVERITY": "Personal Injury", "INJURED": 1, "KILLED": 0, "NO_VEHICLE": 1, "DR_DRINK": "N ", "DR_DRUG": "N ", "SPEED": "N ", "CELL_PHONE": "N ", "TEXTING": "N ", "MOTORCYCLE": "N ", "PICKUP": "Y ", "TRUCK": "Y ", "SCHOOL_BUS": "N ", "LIGHT_COND": "Daylight", "DAY_WEEK": "Mon     "}}, {"type": "Feature", "geometry": {"type": "Point", "coordinates": [-94.53173999999996, 37.07146000000006]}, "properties": {"ACCIDENT": "2170045076", "ACC_DATE": "2017-04-10", "ACC_TIME": "16:56:00", "COUNTY": "JASPER", "CITY": "JOPLIN", "ON_STREET": "PP PARKING LOT AT 1850 MAIDEN LN", "AT_STREET": "WEST OF CST MAIDEN LANE", "INTER_LOC": "NA", "DIRECTION": "NA", "ACC_TYPE": "Pedestrian", "SEVERITY": "Personal Injury", "INJURED": 1, "KILLED": 0, "NO_VEHICLE": 1, "DR_DRINK": "U ", "DR_DRUG": "U ", "SPEED": "U ", "CELL_PHONE": "N ", "TEXTING": "N ", "MOTORCYCLE": "N ", "PICKUP": "Y ", "TRUCK": "Y ", "SCHOOL_BUS": "N ", "LIGHT_COND": "Daylight", "DAY_WEEK": "Mon     "}}, {"type": "Feature", "geometry": {"type": "Point", "coordinates": [-94.51345999999995, 37.08404000000007]}, "properties": {"ACCIDENT": "2170043140", "ACC_DATE": "2017-04-25", "ACC_TIME": "05:30:00", "COUNTY": "JASPER", "CITY": "JOPLIN", "ON_STREET": "MO 66", "AT_STREET": "MO 43", "INTER_LOC": "AT", "DIRECTION": "E ", "ACC_TYPE": "Pedestrian", "SEVERITY": "Personal Injury", "INJURED": 1, "KILLED": 0, "NO_VEHICLE": 1, "DR_DRINK": "N ", "DR_DRUG": "N ", "SPEED": "N ", "CELL_PHONE": "N ", "TEXTING": "N ", "MOTORCYCLE": "N ", "PICKUP": "Y ", "TRUCK": "Y ", "SCHOOL_BUS": "N ", "LIGHT_COND": "Dark-Lighted", "DAY_WEEK": "Tue     "}}, {"type": "Feature", "geometry": {"type": "Point", "coordinates": [-94.53206999999998, 37.06418000000008]}, "properties": {"ACCIDENT": "2170052709", "ACC_DATE": "2017-05-02", "ACC_TIME": "08:11:00", "COUNTY": "JASPER", "CITY": "JOPLIN", "ON_STREET": "CST MAIDEN LANE", "AT_STREET": "PVT WALMART DRIVE", "INTER_LOC": "AT", "DIRECTION": "S ", "ACC_TYPE": "Pedestrian", "SEVERITY": "Personal Injury", "INJURED": 1, "KILLED": 0, "NO_VEHICLE": 1, "DR_DRINK": "U ", "DR_DRUG": "U ", "SPEED": "U ", "CELL_PHONE": "N ", "TEXTING": "N ", "MOTORCYCLE": "N ", "PICKUP": "N ", "TRUCK": "N ", "SCHOOL_BUS": "N ", "LIGHT_COND": "Daylight", "DAY_WEEK": "Tue     "}}, {"type": "Feature", "geometry": {"type": "Point", "coordinates": [-94.53599999999994, 37.08471000000003]}, "properties": {"ACCIDENT": "2170052088", "ACC_DATE": "2017-05-06", "ACC_TIME": "01:00:00", "COUNTY": "JASPER", "CITY": "JOPLIN", "ON_STREET": "MO 66", "AT_STREET": "CST TYLER AVE", "INTER_LOC": "A ", "DIRECTION": "E ", "ACC_TYPE": "Pedestrian", "SEVERITY": "Fatal", "INJURED": 0, "KILLED": 1, "NO_VEHICLE": 1, "DR_DRINK": "N ", "DR_DRUG": "N ", "SPEED": "N ", "CELL_PHONE": "N ", "TEXTING": "N ", "MOTORCYCLE": "N ", "PICKUP": "N ", "TRUCK": "N ", "SCHOOL_BUS": "N ", "LIGHT_COND": "Dark-Lighted", "DAY_WEEK": "Sat     "}}, {"type": "Feature", "geometry": {"type": "Point", "coordinates": [-94.31259999999997, 37.17685000000006]}, "properties": {"ACCIDENT": "2170024624", "ACC_DATE": "2017-05-15", "ACC_TIME": "11:12:00", "COUNTY": "JASPER", "CITY": "CARTHAGE", "ON_STREET": "CST MAPLE ST", "AT_STREET": "CST 3RD ST", "INTER_LOC": "A ", "DIRECTION": "S ", "ACC_TYPE": "Pedestrian", "SEVERITY": "Personal Injury", "INJURED": 1, "KILLED": 0, "NO_VEHICLE": 1, "DR_DRINK": "N ", "DR_DRUG": "N ", "SPEED": "N ", "CELL_PHONE": "N ", "TEXTING": "N ", "MOTORCYCLE": "N ", "PICKUP": "N ", "TRUCK": "N ", "SCHOOL_BUS": "N ", "LIGHT_COND": "Daylight", "DAY_WEEK": "Mon     "}}, {"type": "Feature", "geometry": {"type": "Point", "coordinates": [-94.30023999999997, 37.17020000000008]}, "properties": {"ACCIDENT": "2170034114", "ACC_DATE": "2017-05-27", "ACC_TIME": "13:19:00", "COUNTY": "JASPER", "CITY": "CARTHAGE", "ON_STREET": "CST 11TH ST", "AT_STREET": "CST S RIVER ST", "INTER_LOC": "A ", "DIRECTION": "E ", "ACC_TYPE": "Pedestrian", "SEVERITY": "Personal Injury", "INJURED": 1, "KILLED": 0, "NO_VEHICLE": 1, "DR_DRINK": "N ", "DR_DRUG": "N ", "SPEED": "N ", "CELL_PHONE": "N ", "TEXTING": "N ", "MOTORCYCLE": "N ", "PICKUP": "N ", "TRUCK": "N ", "SCHOOL_BUS": "N ", "LIGHT_COND": "Daylight", "DAY_WEEK": "Sat     "}}, {"type": "Feature", "geometry": {"type": "Point", "coordinates": [-94.50413999999995, 37.07161000000008]}, "properties": {"ACCIDENT": "2170047916", "ACC_DATE": "2017-05-31", "ACC_TIME": "17:58:00", "COUNTY": "JASPER", "CITY": "JOPLIN", "ON_STREET": "CST INDIANA AVE", "AT_STREET": "CST E 18TH ST", "INTER_LOC": "AT", "DIRECTION": "N ", "ACC_TYPE": "Pedalcycle", "SEVERITY": "Personal Injury", "INJURED": 1, "KILLED": 0, "NO_VEHICLE": 2, "DR_DRINK": "N ", "DR_DRUG": "N ", "SPEED": "N ", "CELL_PHONE": "N ", "TEXTING": "N ", "MOTORCYCLE": "N ", "PICKUP": "N ", "TRUCK": "N ", "SCHOOL_BUS": "N ", "LIGHT_COND": "Daylight", "DAY_WEEK": "Wed     "}}, {"type": "Feature", "geometry": {"type": "Point", "coordinates": [-94.51345999999995, 37.08404000000007]}, "properties": {"ACCIDENT": "2170053489", "ACC_DATE": "2017-06-06", "ACC_TIME": "08:54:00", "COUNTY": "JASPER", "CITY": "JOPLIN", "ON_STREET": "MO 43", "AT_STREET": "CST 7TH ST", "INTER_LOC": "AT", "DIRECTION": "N ", "ACC_TYPE": "Pedestrian", "SEVERITY": "Personal Injury", "INJURED": 1, "KILLED": 0, "NO_VEHICLE": 1, "DR_DRINK": "N ", "DR_DRUG": "N ", "SPEED": "N ", "CELL_PHONE": "Y ", "TEXTING": "N ", "MOTORCYCLE": "N ", "PICKUP": "N ", "TRUCK": "N ", "SCHOOL_BUS": "N ", "LIGHT_COND": "Daylight", "DAY_WEEK": "Tue     "}}, {"type": "Feature", "geometry": {"type": "Point", "coordinates": [-94.48037999999997, 37.15758000000005]}, "properties": {"ACCIDENT": "2170033039", "ACC_DATE": "2017-06-19", "ACC_TIME": "05:40:00", "COUNTY": "JASPER", "CITY": "WEBB CITY", "ON_STREET": "CST WILSON XING", "AT_STREET": "CST HILLSIDE DR", "INTER_LOC": "AT", "DIRECTION": "W ", "ACC_TYPE": "Pedestrian", "SEVERITY": "Personal Injury", "INJURED": 1, "KILLED": 0, "NO_VEHICLE": 1, "DR_DRINK": "N ", "DR_DRUG": "N ", "SPEED": "N ", "CELL_PHONE": "N ", "TEXTING": "N ", "MOTORCYCLE": "N ", "PICKUP": "N ", "TRUCK": "N ", "SCHOOL_BUS": "N ", "LIGHT_COND": "Daylight", "DAY_WEEK": "Mon     "}}, {"type": "Feature", "geometry": {"type": "Point", "coordinates": [-94.49877999999995, 37.08388000000008]}, "properties": {"ACCIDENT": "2170056298", "ACC_DATE": "2017-07-04", "ACC_TIME": "21:59:00", "COUNTY": "JASPER", "CITY": "JOPLIN", "ON_STREET": "MO 66", "AT_STREET": "CST NEW HAMPSHIRE AVE", "INTER_LOC": "B ", "DIRECTION": "E ", "ACC_TYPE": "Pedalcycle", "SEVERITY": "Personal Injury", "INJURED": 1, "KILLED": 0, "NO_VEHICLE": 2, "DR_DRINK": "N ", "DR_DRUG": "N ", "SPEED": "N ", "CELL_PHONE": "N ", "TEXTING": "N ", "MOTORCYCLE": "N ", "PICKUP": "N ", "TRUCK": "N ", "SCHOOL_BUS": "N ", "LIGHT_COND": "Dark-Lighted", "DAY_WEEK": "Tue     "}}, {"type": "Feature", "geometry": {"type": "Point", "coordinates": [-94.52002999999996, 37.09083000000004]}, "properties": {"ACCIDENT": "2170056299", "ACC_DATE": "2017-07-05", "ACC_TIME": "22:11:00", "COUNTY": "JASPER", "CITY": "JOPLIN", "ON_STREET": "CST SERGEANT AVE", "AT_STREET": "CST 1ST ST", "INTER_LOC": "AT", "DIRECTION": "S ", "ACC_TYPE": "Pedalcycle", "SEVERITY": "Personal Injury", "INJURED": 1, "KILLED": 0, "NO_VEHICLE": 2, "DR_DRINK": "N ", "DR_DRUG": "N ", "SPEED": "N ", "CELL_PHONE": "N ", "TEXTING": "N ", "MOTORCYCLE": "N ", "PICKUP": "N ", "TRUCK": "N ", "SCHOOL_BUS": "N ", "LIGHT_COND": "Dark-Lighted", "DAY_WEEK": "Wed     "}}, {"type": "Feature", "geometry": {"type": "Point", "coordinates": [-94.11693999999994, 37.06891000000007]}, "properties": {"ACCIDENT": "2170051034", "ACC_DATE": "2017-07-10", "ACC_TIME": "18:50:00", "COUNTY": "JASPER", "CITY": "SARCOXIE", "ON_STREET": "CST 6TH ST", "AT_STREET": "CST CENTER ST", "INTER_LOC": "AT", "DIRECTION": "S ", "ACC_TYPE": "Pedalcycle", "SEVERITY": "Personal Injury", "INJURED": 1, "KILLED": 0, "NO_VEHICLE": 2, "DR_DRINK": "N ", "DR_DRUG": "N ", "SPEED": "N ", "CELL_PHONE": "N ", "TEXTING": "N ", "MOTORCYCLE": "N ", "PICKUP": "Y ", "TRUCK": "Y ", "SCHOOL_BUS": "N ", "LIGHT_COND": "Daylight", "DAY_WEEK": "Mon     "}}, {"type": "Feature", "geometry": {"type": "Point", "coordinates": [-94.51582999999994, 37.08046000000007]}, "properties": {"ACCIDENT": "2170058356", "ACC_DATE": "2017-07-25", "ACC_TIME": "10:45:00", "COUNTY": "JASPER", "CITY": "JOPLIN", "ON_STREET": "CST W 10TH ST", "AT_STREET": "CST WALL AVE", "INTER_LOC": "AT", "DIRECTION": "E ", "ACC_TYPE": "Pedestrian", "SEVERITY": "Personal Injury", "INJURED": 1, "KILLED": 0, "NO_VEHICLE": 1, "DR_DRINK": "N ", "DR_DRUG": "N ", "SPEED": "N ", "CELL_PHONE": "N ", "TEXTING": "N ", "MOTORCYCLE": "U ", "PICKUP": "U ", "TRUCK": "U ", "SCHOOL_BUS": "U ", "LIGHT_COND": "Daylight", "DAY_WEEK": "Tue     "}}, {"type": "Feature", "geometry": {"type": "Point", "coordinates": [-94.31568999999996, 37.167410000000075]}, "properties": {"ACCIDENT": "2170055863", "ACC_DATE": "2017-09-14", "ACC_TIME": "08:00:00", "COUNTY": "JASPER", "CITY": "CARTHAGE", "ON_STREET": "CST MACON ST", "AT_STREET": "CST JERSEY ST", "INTER_LOC": "B ", "DIRECTION": "E ", "ACC_TYPE": "Pedestrian", "SEVERITY": "Personal Injury", "INJURED": 1, "KILLED": 0, "NO_VEHICLE": 1, "DR_DRINK": "N ", "DR_DRUG": "N ", "SPEED": "N ", "CELL_PHONE": "N ", "TEXTING": "N ", "MOTORCYCLE": "N ", "PICKUP": "N ", "TRUCK": "N ", "SCHOOL_BUS": "N ", "LIGHT_COND": "Daylight", "DAY_WEEK": "Thu     "}}, {"type": "Feature", "geometry": {"type": "Point", "coordinates": [-94.51323999999994, 37.08967000000007]}, "properties": {"ACCIDENT": "2170068932", "ACC_DATE": "2017-09-16", "ACC_TIME": "08:58:00", "COUNTY": "JASPER", "CITY": "JOPLIN", "ON_STREET": "MO 43", "AT_STREET": "CST 2ND ST", "INTER_LOC": "B ", "DIRECTION": "S ", "ACC_TYPE": "Pedalcycle", "SEVERITY": "Property Damage", "INJURED": 0, "KILLED": 0, "NO_VEHICLE": 2, "DR_DRINK": "N ", "DR_DRUG": "N ", "SPEED": "N ", "CELL_PHONE": "N ", "TEXTING": "N ", "MOTORCYCLE": "N ", "PICKUP": "N ", "TRUCK": "N ", "SCHOOL_BUS": "N ", "LIGHT_COND": "Daylight", "DAY_WEEK": "Sat     "}}, {"type": "Feature", "geometry": {"type": "Point", "coordinates": [-94.51304999999996, 37.094010000000026]}, "properties": {"ACCIDENT": "2170077673", "ACC_DATE": "2017-10-05", "ACC_TIME": "19:22:00", "COUNTY": "JASPER", "CITY": "JOPLIN", "ON_STREET": "MO 43", "AT_STREET": "CST C ST", "INTER_LOC": "AT", "DIRECTION": "N ", "ACC_TYPE": "Pedestrian", "SEVERITY": "Property Damage", "INJURED": 0, "KILLED": 0, "NO_VEHICLE": 1, "DR_DRINK": "U ", "DR_DRUG": "U ", "SPEED": "U ", "CELL_PHONE": "N ", "TEXTING": "N ", "MOTORCYCLE": "N ", "PICKUP": "N ", "TRUCK": "N ", "SCHOOL_BUS": "N ", "LIGHT_COND": "Dark-Lighted", "DAY_WEEK": "Thu     "}}, {"type": "Feature", "geometry": {"type": "Point", "coordinates": [-94.48650999999995, 37.14196000000004]}, "properties": {"ACCIDENT": "2170056841", "ACC_DATE": "2017-10-09", "ACC_TIME": "14:47:00", "COUNTY": "JASPER", "CITY": "WEBB CITY", "ON_STREET": "MO 171", "AT_STREET": "CST POWELL DR", "INTER_LOC": "AT", "DIRECTION": "N ", "ACC_TYPE": "Pedalcycle", "SEVERITY": "Personal Injury", "INJURED": 1, "KILLED": 0, "NO_VEHICLE": 2, "DR_DRINK": "N ", "DR_DRUG": "N ", "SPEED": "N ", "CELL_PHONE": "N ", "TEXTING": "N ", "MOTORCYCLE": "N ", "PICKUP": "N ", "TRUCK": "N ", "SCHOOL_BUS": "N ", "LIGHT_COND": "Daylight", "DAY_WEEK": "Mon     "}}, {"type": "Feature", "geometry": {"type": "Point", "coordinates": [-94.47694999999999, 37.09092000000004]}, "properties": {"ACCIDENT": "2170076956", "ACC_DATE": "2017-10-11", "ACC_TIME": "13:16:00", "COUNTY": "JASPER", "CITY": "JOPLIN", "ON_STREET": "LP 49", "AT_STREET": "PVT MALL", "INTER_LOC": "AT", "DIRECTION": "N ", "ACC_TYPE": "Pedalcycle", "SEVERITY": "Personal Injury", "INJURED": 1, "KILLED": 0, "NO_VEHICLE": 2, "DR_DRINK": "N ", "DR_DRUG": "N ", "SPEED": "N ", "CELL_PHONE": "N ", "TEXTING": "N ", "MOTORCYCLE": "N ", "PICKUP": "N ", "TRUCK": "N ", "SCHOOL_BUS": "N ", "LIGHT_COND": "Daylight", "DAY_WEEK": "Wed     "}}, {"type": "Feature", "geometry": {"type": "Point", "coordinates": [-94.49601999999999, 37.069240000000036]}, "properties": {"ACCIDENT": "2170078614", "ACC_DATE": "2017-12-01", "ACC_TIME": "16:47:00", "COUNTY": "JASPER", "CITY": "JOPLIN", "ON_STREET": "CST E 20TH ST", "AT_STREET": "CST ST LOUIS AVE", "INTER_LOC": "AT", "DIRECTION": "W ", "ACC_TYPE": "Pedestrian", "SEVERITY": "Property Damage", "INJURED": 0, "KILLED": 0, "NO_VEHICLE": 1, "DR_DRINK": "N ", "DR_DRUG": "N ", "SPEED": "N ", "CELL_PHONE": "N ", "TEXTING": "N ", "MOTORCYCLE": "N ", "PICKUP": "N ", "TRUCK": "N ", "SCHOOL_BUS": "N ", "LIGHT_COND": "Dark-Lighted", "DAY_WEEK": "Fri     "}}, {"type": "Feature", "geometry": {"type": "Point", "coordinates": [-94.13065999999998, 37.072190000000035]}, "properties": {"ACCIDENT": "3170033910", "ACC_DATE": "2017-12-08", "ACC_TIME": "23:00:00", "COUNTY": "JASPER", "CITY": "SARCOXIE", "ON_STREET": "CRD 40", "AT_STREET": "MO 37", "INTER_LOC": "A ", "DIRECTION": "N ", "ACC_TYPE": "Pedestrian", "SEVERITY": "Personal Injury", "INJURED": 1, "KILLED": 0, "NO_VEHICLE": 1, "DR_DRINK": "N ", "DR_DRUG": "N ", "SPEED": "N ", "CELL_PHONE": "N ", "TEXTING": "N ", "MOTORCYCLE": "N ", "PICKUP": "Y ", "TRUCK": "Y ", "SCHOOL_BUS": "N ", "LIGHT_COND": "Dark-Unlighted", "DAY_WEEK": "Fri     "}}, {"type": "Feature", "geometry": {"type": "Point", "coordinates": [-94.46030999999994, 37.098020000000076]}, "properties": {"ACCIDENT": "2170078643", "ACC_DATE": "2017-12-12", "ACC_TIME": "22:41:00", "COUNTY": "JASPER", "CITY": "JOPLIN", "ON_STREET": "RT TT", "AT_STREET": "CST INTERNATIONAL", "INTER_LOC": "AT", "DIRECTION": "E ", "ACC_TYPE": "Pedestrian", "SEVERITY": "Personal Injury", "INJURED": 1, "KILLED": 0, "NO_VEHICLE": 1, "DR_DRINK": "N ", "DR_DRUG": "N ", "SPEED": "Y ", "CELL_PHONE": "N ", "TEXTING": "N ", "MOTORCYCLE": "N ", "PICKUP": "N ", "TRUCK": "N ", "SCHOOL_BUS": "N ", "LIGHT_COND": "Dark-Lighted", "DAY_WEEK": "Tue     "}}, {"type": "Feature", "geometry": {"type": "Point", "coordinates": [-94.29910999999998, 37.19303000000008]}, "properties": {"ACCIDENT": "3170036020", "ACC_DATE": "2017-12-21", "ACC_TIME": "21:24:00", "COUNTY": "JASPER", "CITY": "NON-CITY OR UNINCORPORATED", "ON_STREET": "RT V", "AT_STREET": "CRD JOURNEY RD", "INTER_LOC": "A ", "DIRECTION": "W ", "ACC_TYPE": "Pedestrian", "SEVERITY": "Fatal", "INJURED": 0, "KILLED": 1, "NO_VEHICLE": 1, "DR_DRINK": "N ", "DR_DRUG": "N ", "SPEED": "N ", "CELL_PHONE": "N ", "TEXTING": "N ", "MOTORCYCLE": "N ", "PICKUP": "Y ", "TRUCK": "Y ", "SCHOOL_BUS": "N ", "LIGHT_COND": "Dark-Unlighted", "DAY_WEEK": "Thu     "}}, {"type": "Feature", "geometry": {"type": "Point", "coordinates": [-94.46648999999996, 37.09814000000006]}, "properties": {"ACCIDENT": "2180012432", "ACC_DATE": "2018-01-04", "ACC_TIME": "18:25:00", "COUNTY": "JASPER", "CITY": "JOPLIN", "ON_STREET": "CST NEWMAN RD", "AT_STREET": "CST GOETZ DR", "INTER_LOC": "A ", "DIRECTION": "E ", "ACC_TYPE": "Pedestrian", "SEVERITY": "Personal Injury", "INJURED": 1, "KILLED": 0, "NO_VEHICLE": 1, "DR_DRINK": "N ", "DR_DRUG": "N ", "SPEED": "N ", "CELL_PHONE": "N ", "TEXTING": "N ", "MOTORCYCLE": "N ", "PICKUP": "Y ", "TRUCK": "Y ", "SCHOOL_BUS": "N ", "LIGHT_COND": "Dark-Lighted", "DAY_WEEK": "Thu     "}}, {"type": "Feature", "geometry": {"type": "Point", "coordinates": [-94.31456999999995, 37.15477000000004]}, "properties": {"ACCIDENT": "2180005840", "ACC_DATE": "2018-01-24", "ACC_TIME": "15:35:00", "COUNTY": "JASPER", "CITY": "CARTHAGE", "ON_STREET": "CST FAIRVIEW AVE", "AT_STREET": "MO 571", "INTER_LOC": "A ", "DIRECTION": "E ", "ACC_TYPE": "Pedestrian", "SEVERITY": "Personal Injury", "INJURED": 1, "KILLED": 0, "NO_VEHICLE": 1, "DR_DRINK": "N ", "DR_DRUG": "N ", "SPEED": "N ", "CELL_PHONE": "N ", "TEXTING": "N ", "MOTORCYCLE": "N ", "PICKUP": "N ", "TRUCK": "N ", "SCHOOL_BUS": "Y ", "LIGHT_COND": "Daylight", "DAY_WEEK": "Wed     "}}, {"type": "Feature", "geometry": {"type": "Point", "coordinates": [-94.50982999999997, 37.11602000000005]}, "properties": {"ACCIDENT": "3180003539", "ACC_DATE": "2018-02-04", "ACC_TIME": "15:30:00", "COUNTY": "JASPER", "CITY": "JOPLIN", "ON_STREET": "RP 1037437", "AT_STREET": "MO 43", "INTER_LOC": "B ", "DIRECTION": "N ", "ACC_TYPE": "Pedestrian", "SEVERITY": "Personal Injury", "INJURED": 1, "KILLED": 0, "NO_VEHICLE": 1, "DR_DRINK": "U ", "DR_DRUG": "U ", "SPEED": "U ", "CELL_PHONE": "N ", "TEXTING": "N ", "MOTORCYCLE": "N ", "PICKUP": "N ", "TRUCK": "N ", "SCHOOL_BUS": "N ", "LIGHT_COND": "Daylight", "DAY_WEEK": "Sun     "}}, {"type": "Feature", "geometry": {"type": "Point", "coordinates": [-94.49498999999997, 37.086280000000045]}, "properties": {"ACCIDENT": "2180014091", "ACC_DATE": "2018-02-17", "ACC_TIME": "17:28:00", "COUNTY": "JASPER", "CITY": "JOPLIN", "ON_STREET": "CST 5TH ST", "AT_STREET": "CST ST LOUIS ST", "INTER_LOC": "AT", "DIRECTION": "E ", "ACC_TYPE": "Pedalcycle", "SEVERITY": "Personal Injury", "INJURED": 1, "KILLED": 0, "NO_VEHICLE": 2, "DR_DRINK": "N ", "DR_DRUG": "N ", "SPEED": "N ", "CELL_PHONE": "N ", "TEXTING": "N ", "MOTORCYCLE": "N ", "PICKUP": "N ", "TRUCK": "N ", "SCHOOL_BUS": "N ", "LIGHT_COND": "Daylight", "DAY_WEEK": "Sat     "}}, {"type": "Feature", "geometry": {"type": "Point", "coordinates": [-94.51045999999997, 37.14276000000007]}, "properties": {"ACCIDENT": "3180005747", "ACC_DATE": "2018-02-26", "ACC_TIME": "17:45:00", "COUNTY": "JASPER", "CITY": "AIRPORT DRIVE", "ON_STREET": "MO 171", "AT_STREET": "MO 43 EJ", "INTER_LOC": "AT", "DIRECTION": "N ", "ACC_TYPE": "Pedalcycle", "SEVERITY": "Personal Injury", "INJURED": 1, "KILLED": 0, "NO_VEHICLE": 2, "DR_DRINK": "N ", "DR_DRUG": "N ", "SPEED": "N ", "CELL_PHONE": "N ", "TEXTING": "N ", "MOTORCYCLE": "N ", "PICKUP": "N ", "TRUCK": "N ", "SCHOOL_BUS": "N ", "LIGHT_COND": "Daylight", "DAY_WEEK": "Mon     "}}, {"type": "Feature", "geometry": {"type": "Point", "coordinates": [-94.45880999999997, 37.09524000000005]}, "properties": {"ACCIDENT": "2180017146", "ACC_DATE": "2018-03-03", "ACC_TIME": "14:49:00", "COUNTY": "JASPER", "CITY": "JOPLIN", "ON_STREET": "CST DUQUESNE RD", "AT_STREET": "PVT VICTORY LN", "INTER_LOC": "A ", "DIRECTION": "S ", "ACC_TYPE": "Pedestrian", "SEVERITY": "Personal Injury", "INJURED": 1, "KILLED": 0, "NO_VEHICLE": 1, "DR_DRINK": "N ", "DR_DRUG": "N ", "SPEED": "N ", "CELL_PHONE": "N ", "TEXTING": "N ", "MOTORCYCLE": "N ", "PICKUP": "N ", "TRUCK": "N ", "SCHOOL_BUS": "N ", "LIGHT_COND": "Daylight", "DAY_WEEK": "Sat     "}}, {"type": "Feature", "geometry": {"type": "Point", "coordinates": [-94.30465999999996, 37.162720000000036]}, "properties": {"ACCIDENT": "2180015991", "ACC_DATE": "2018-03-16", "ACC_TIME": "17:17:00", "COUNTY": "JASPER", "CITY": "CARTHAGE", "ON_STREET": "CST JAMES ST", "AT_STREET": "CST 15TH ST", "INTER_LOC": "A ", "DIRECTION": "S ", "ACC_TYPE": "Pedestrian", "SEVERITY": "Personal Injury", "INJURED": 1, "KILLED": 0, "NO_VEHICLE": 1, "DR_DRINK": "N ", "DR_DRUG": "N ", "SPEED": "N ", "CELL_PHONE": "N ", "TEXTING": "N ", "MOTORCYCLE": "N ", "PICKUP": "N ", "TRUCK": "N ", "SCHOOL_BUS": "N ", "LIGHT_COND": "Daylight", "DAY_WEEK": "Unk     "}}, {"type": "Feature", "geometry": {"type": "Point", "coordinates": [-94.51410999999996, 37.069480000000055]}, "properties": {"ACCIDENT": "2180019466", "ACC_DATE": "2018-03-22", "ACC_TIME": "00:42:00", "COUNTY": "JASPER", "CITY": "JOPLIN", "ON_STREET": "MO 43", "AT_STREET": "CST E 20TH ST", "INTER_LOC": "A ", "DIRECTION": "S ", "ACC_TYPE": "Pedalcycle", "SEVERITY": "Property Damage", "INJURED": 0, "KILLED": 0, "NO_VEHICLE": 2, "DR_DRINK": "N ", "DR_DRUG": "N ", "SPEED": "N ", "CELL_PHONE": "N ", "TEXTING": "N ", "MOTORCYCLE": "N ", "PICKUP": "N ", "TRUCK": "N ", "SCHOOL_BUS": "N ", "LIGHT_COND": "Dark-Lighted", "DAY_WEEK": "Thu     "}}, {"type": "Feature", "geometry": {"type": "Point", "coordinates": [-94.45732999999996, 37.11976000000004]}, "properties": {"ACCIDENT": "2180021101", "ACC_DATE": "2018-03-29", "ACC_TIME": "21:29:00", "COUNTY": "JASPER", "CITY": "WEBB CITY", "ON_STREET": "CST HALL ST", "AT_STREET": "CST ENTERPRISE AVE", "INTER_LOC": "A ", "DIRECTION": "S ", "ACC_TYPE": "Pedestrian", "SEVERITY": "Personal Injury", "INJURED": 1, "KILLED": 0, "NO_VEHICLE": 1, "DR_DRINK": "N ", "DR_DRUG": "N ", "SPEED": "N ", "CELL_PHONE": "N ", "TEXTING": "N ", "MOTORCYCLE": "N ", "PICKUP": "N ", "TRUCK": "N ", "SCHOOL_BUS": "N ", "LIGHT_COND": "Dark-Unlighted", "DAY_WEEK": "Thu     "}}, {"type": "Feature", "geometry": {"type": "Point", "coordinates": [-94.47101999999995, 37.14962000000003]}, "properties": {"ACCIDENT": "2180020367", "ACC_DATE": "2018-04-05", "ACC_TIME": "12:24:00", "COUNTY": "JASPER", "CITY": "WEBB CITY", "ON_STREET": "CST WASHINGTON ST", "AT_STREET": "CST MEADOW CIR", "INTER_LOC": "B ", "DIRECTION": "S ", "ACC_TYPE": "Pedestrian", "SEVERITY": "Personal Injury", "INJURED": 1, "KILLED": 0, "NO_VEHICLE": 1, "DR_DRINK": "N ", "DR_DRUG": "N ", "SPEED": "N ", "CELL_PHONE": "N ", "TEXTING": "N ", "MOTORCYCLE": "N ", "PICKUP": "N ", "TRUCK": "N ", "SCHOOL_BUS": "N ", "LIGHT_COND": "Daylight", "DAY_WEEK": "Thu     "}}, {"type": "Feature", "geometry": {"type": "Point", "coordinates": [-94.49489999999997, 37.088640000000055]}, "properties": {"ACCIDENT": "2180020418", "ACC_DATE": "2018-04-10", "ACC_TIME": "16:09:00", "COUNTY": "JASPER", "CITY": "JOPLIN", "ON_STREET": "CST 3RD ST", "AT_STREET": "CST ST LOUIS ST", "INTER_LOC": "AT", "DIRECTION": "W ", "ACC_TYPE": "Pedestrian", "SEVERITY": "Personal Injury", "INJURED": 1, "KILLED": 0, "NO_VEHICLE": 1, "DR_DRINK": "N ", "DR_DRUG": "N ", "SPEED": "N ", "CELL_PHONE": "N ", "TEXTING": "N ", "MOTORCYCLE": "N ", "PICKUP": "N ", "TRUCK": "N ", "SCHOOL_BUS": "N ", "LIGHT_COND": "Daylight", "DAY_WEEK": "Tue     "}}, {"type": "Feature", "geometry": {"type": "Point", "coordinates": [-94.12262999999996, 37.291750000000036]}, "properties": {"ACCIDENT": "3180010072", "ACC_DATE": "2018-04-13", "ACC_TIME": "20:30:00", "COUNTY": "JASPER", "CITY": "NON-CITY OR UNINCORPORATED", "ON_STREET": "RT N", "AT_STREET": "MO 37", "INTER_LOC": "A ", "DIRECTION": "W ", "ACC_TYPE": "Pedestrian", "SEVERITY": "Personal Injury", "INJURED": 1, "KILLED": 0, "NO_VEHICLE": 1, "DR_DRINK": "N ", "DR_DRUG": "N ", "SPEED": "N ", "CELL_PHONE": "N ", "TEXTING": "N ", "MOTORCYCLE": "N ", "PICKUP": "Y ", "TRUCK": "Y ", "SCHOOL_BUS": "N ", "LIGHT_COND": "Dark-Unlighted", "DAY_WEEK": "Fri     "}}, {"type": "Feature", "geometry": {"type": "Point", "coordinates": [-94.47539999999998, 37.128400000000056]}, "properties": {"ACCIDENT": "2180029649", "ACC_DATE": "2018-05-11", "ACC_TIME": "16:20:00", "COUNTY": "JASPER", "CITY": "WEBB CITY", "ON_STREET": "CST S MADISON ST", "AT_STREET": "CST 16TH ST", "INTER_LOC": "A ", "DIRECTION": "S ", "ACC_TYPE": "Pedestrian", "SEVERITY": "Personal Injury", "INJURED": 1, "KILLED": 0, "NO_VEHICLE": 1, "DR_DRINK": "N ", "DR_DRUG": "N ", "SPEED": "N ", "CELL_PHONE": "N ", "TEXTING": "N ", "MOTORCYCLE": "N ", "PICKUP": "N ", "TRUCK": "N ", "SCHOOL_BUS": "N ", "LIGHT_COND": "Daylight", "DAY_WEEK": "Fri     "}}, {"type": "Feature", "geometry": {"type": "Point", "coordinates": [-94.51611999999994, 37.076820000000055]}, "properties": {"ACCIDENT": "2180028051", "ACC_DATE": "2018-05-12", "ACC_TIME": "12:05:00", "COUNTY": "JASPER", "CITY": "JOPLIN", "ON_STREET": "CST JUNGE BLVD", "AT_STREET": "CST WALL AVE", "INTER_LOC": "B ", "DIRECTION": "E ", "ACC_TYPE": "Pedalcycle", "SEVERITY": "Property Damage", "INJURED": 0, "KILLED": 0, "NO_VEHICLE": 2, "DR_DRINK": "N ", "DR_DRUG": "N ", "SPEED": "N ", "CELL_PHONE": "N ", "TEXTING": "N ", "MOTORCYCLE": "N ", "PICKUP": "N ", "TRUCK": "N ", "SCHOOL_BUS": "N ", "LIGHT_COND": "Daylight", "DAY_WEEK": "Sat     "}}, {"type": "Feature", "geometry": {"type": "Point", "coordinates": [-94.47973999999994, 37.07860000000005]}, "properties": {"ACCIDENT": "2180029828", "ACC_DATE": "2018-05-17", "ACC_TIME": "13:44:00", "COUNTY": "JASPER", "CITY": "JOPLIN", "ON_STREET": "CST 11TH ST", "AT_STREET": "CST HIGHVIEW AVE", "INTER_LOC": "AT", "DIRECTION": "W ", "ACC_TYPE": "Pedalcycle", "SEVERITY": "Personal Injury", "INJURED": 1, "KILLED": 0, "NO_VEHICLE": 2, "DR_DRINK": "N ", "DR_DRUG": "N ", "SPEED": "N ", "CELL_PHONE": "N ", "TEXTING": "N ", "MOTORCYCLE": "N ", "PICKUP": "N ", "TRUCK": "N ", "SCHOOL_BUS": "N ", "LIGHT_COND": "Daylight", "DAY_WEEK": "Thu     "}}, {"type": "Feature", "geometry": {"type": "Point", "coordinates": [-94.46067999999997, 37.09650000000005]}, "properties": {"ACCIDENT": "2180056266", "ACC_DATE": "2018-05-29", "ACC_TIME": "17:00:00", "COUNTY": "JASPER", "CITY": "JOPLIN", "ON_STREET": "PVT INTERNATIONAL AVE", "AT_STREET": "PVT UNIVERSITY PKWY", "INTER_LOC": "A ", "DIRECTION": "N ", "ACC_TYPE": "Pedalcycle", "SEVERITY": "Property Damage", "INJURED": 0, "KILLED": 0, "NO_VEHICLE": 2, "DR_DRINK": "U ", "DR_DRUG": "U ", "SPEED": "U ", "CELL_PHONE": "N ", "TEXTING": "N ", "MOTORCYCLE": "N ", "PICKUP": "N ", "TRUCK": "N ", "SCHOOL_BUS": "N ", "LIGHT_COND": "Daylight", "DAY_WEEK": "Tue     "}}, {"type": "Feature", "geometry": {"type": "Point", "coordinates": [-94.51371999999998, 37.055060000000026]}, "properties": {"ACCIDENT": "2180035255", "ACC_DATE": "2018-06-04", "ACC_TIME": "15:59:00", "COUNTY": "JASPER", "CITY": "JOPLIN", "ON_STREET": "CST VIRGINIA AVE", "AT_STREET": "RT FF", "INTER_LOC": "A ", "DIRECTION": "N ", "ACC_TYPE": "Pedalcycle", "SEVERITY": "Personal Injury", "INJURED": 1, "KILLED": 0, "NO_VEHICLE": 2, "DR_DRINK": "N ", "DR_DRUG": "N ", "SPEED": "N ", "CELL_PHONE": "N ", "TEXTING": "N ", "MOTORCYCLE": "N ", "PICKUP": "N ", "TRUCK": "N ", "SCHOOL_BUS": "N ", "LIGHT_COND": "Daylight", "DAY_WEEK": "Mon     "}}, {"type": "Feature", "geometry": {"type": "Point", "coordinates": [-94.49843999999996, 37.08381000000003]}, "properties": {"ACCIDENT": "2180035046", "ACC_DATE": "2018-06-12", "ACC_TIME": "08:10:00", "COUNTY": "JASPER", "CITY": "JOPLIN", "ON_STREET": "CST NEW HAMPSHIRE AVE", "AT_STREET": "MO 66", "INTER_LOC": "A ", "DIRECTION": "S ", "ACC_TYPE": "Pedalcycle", "SEVERITY": "Personal Injury", "INJURED": 1, "KILLED": 0, "NO_VEHICLE": 2, "DR_DRINK": "N ", "DR_DRUG": "N ", "SPEED": "N ", "CELL_PHONE": "N ", "TEXTING": "N ", "MOTORCYCLE": "N ", "PICKUP": "N ", "TRUCK": "N ", "SCHOOL_BUS": "N ", "LIGHT_COND": "Daylight", "DAY_WEEK": "Tue     "}}, {"type": "Feature", "geometry": {"type": "Point", "coordinates": [-94.23558999999995, 37.212510000000066]}, "properties": {"ACCIDENT": "3180015422", "ACC_DATE": "2018-06-18", "ACC_TIME": "07:30:00", "COUNTY": "JASPER", "CITY": "NON-CITY OR UNINCORPORATED", "ON_STREET": "CRD 100", "AT_STREET": "CRD KAFIR RD", "INTER_LOC": "AT", "DIRECTION": "S ", "ACC_TYPE": "Pedalcycle", "SEVERITY": "Personal Injury", "INJURED": 1, "KILLED": 0, "NO_VEHICLE": 2, "DR_DRINK": "N ", "DR_DRUG": "N ", "SPEED": "N ", "CELL_PHONE": "N ", "TEXTING": "N ", "MOTORCYCLE": "N ", "PICKUP": "Y ", "TRUCK": "Y ", "SCHOOL_BUS": "N ", "LIGHT_COND": "Daylight", "DAY_WEEK": "Mon     "}}, {"type": "Feature", "geometry": {"type": "Point", "coordinates": [-94.50724999999994, 37.07684000000006]}, "properties": {"ACCIDENT": "2180038413", "ACC_DATE": "2018-06-24", "ACC_TIME": "20:00:00", "COUNTY": "JASPER", "CITY": "JOPLIN", "ON_STREET": "CST IOWA AVE", "AT_STREET": "CST MARKWARDT", "INTER_LOC": "B ", "DIRECTION": "N ", "ACC_TYPE": "Pedestrian", "SEVERITY": "Personal Injury", "INJURED": 1, "KILLED": 0, "NO_VEHICLE": 1, "DR_DRINK": "N ", "DR_DRUG": "N ", "SPEED": "N ", "CELL_PHONE": "N ", "TEXTING": "N ", "MOTORCYCLE": "N ", "PICKUP": "N ", "TRUCK": "N ", "SCHOOL_BUS": "N ", "LIGHT_COND": "Daylight", "DAY_WEEK": "Sun     "}}, {"type": "Feature", "geometry": {"type": "Point", "coordinates": [-94.31305999999995, 37.178660000000036]}, "properties": {"ACCIDENT": "2180043296", "ACC_DATE": "2018-06-25", "ACC_TIME": "23:51:00", "COUNTY": "JASPER", "CITY": "CARTHAGE", "ON_STREET": "MO 96", "AT_STREET": "CST MAPLE ST", "INTER_LOC": "B ", "DIRECTION": "E ", "ACC_TYPE": "Pedalcycle", "SEVERITY": "Personal Injury", "INJURED": 1, "KILLED": 0, "NO_VEHICLE": 2, "DR_DRINK": "U ", "DR_DRUG": "U ", "SPEED": "U ", "CELL_PHONE": "N ", "TEXTING": "N ", "MOTORCYCLE": "N ", "PICKUP": "N ", "TRUCK": "N ", "SCHOOL_BUS": "N ", "LIGHT_COND": "Dark-Lighted", "DAY_WEEK": "Mon     "}}, {"type": "Feature", "geometry": {"type": "Point", "coordinates": [-94.47786999999994, 37.06884000000008]}, "properties": {"ACCIDENT": "0180015796", "ACC_DATE": "2018-06-27", "ACC_TIME": "10:18:00", "COUNTY": "JASPER", "CITY": "JOPLIN", "ON_STREET": "CST RANGE LINE RD", "AT_STREET": "CST E 20TH ST", "INTER_LOC": "A ", "DIRECTION": "S ", "ACC_TYPE": "Pedestrian", "SEVERITY": "Fatal", "INJURED": 0, "KILLED": 1, "NO_VEHICLE": 1, "DR_DRINK": "N ", "DR_DRUG": "N ", "SPEED": "N ", "CELL_PHONE": "N ", "TEXTING": "N ", "MOTORCYCLE": "N ", "PICKUP": "N ", "TRUCK": "N ", "SCHOOL_BUS": "N ", "LIGHT_COND": "Daylight", "DAY_WEEK": "Wed     "}}, {"type": "Feature", "geometry": {"type": "Point", "coordinates": [-94.60750999999999, 37.078410000000076]}, "properties": {"ACCIDENT": "3180017929", "ACC_DATE": "2018-06-28", "ACC_TIME": "08:05:00", "COUNTY": "JASPER", "CITY": "NON-CITY OR UNINCORPORATED", "ON_STREET": "CRD W JUNGE BLVD", "AT_STREET": "PVT CAMBRIDGE LANE", "INTER_LOC": "A ", "DIRECTION": "W ", "ACC_TYPE": "Pedestrian", "SEVERITY": "Personal Injury", "INJURED": 1, "KILLED": 0, "NO_VEHICLE": 1, "DR_DRINK": "N ", "DR_DRUG": "N ", "SPEED": "N ", "CELL_PHONE": "N ", "TEXTING": "N ", "MOTORCYCLE": "N ", "PICKUP": "Y ", "TRUCK": "Y ", "SCHOOL_BUS": "N ", "LIGHT_COND": "Daylight", "DAY_WEEK": "Thu     "}}, {"type": "Feature", "geometry": {"type": "Point", "coordinates": [-94.53078999999997, 37.07716000000005]}, "properties": {"ACCIDENT": "2180045357", "ACC_DATE": "2018-08-04", "ACC_TIME": "21:58:00", "COUNTY": "JASPER", "CITY": "JOPLIN", "ON_STREET": "CST JUNGE BLVD", "AT_STREET": "CST MAIDEN LANE", "INTER_LOC": "A ", "DIRECTION": "E ", "ACC_TYPE": "Pedalcycle", "SEVERITY": "Personal Injury", "INJURED": 1, "KILLED": 0, "NO_VEHICLE": 2, "DR_DRINK": "U ", "DR_DRUG": "U ", "SPEED": "U ", "CELL_PHONE": "N ", "TEXTING": "N ", "MOTORCYCLE": "U ", "PICKUP": "U ", "TRUCK": "U ", "SCHOOL_BUS": "U ", "LIGHT_COND": "Dark-Lighted", "DAY_WEEK": "Sat     "}}, {"type": "Feature", "geometry": {"type": "Point", "coordinates": [-94.54175999999995, 37.08478000000008]}, "properties": {"ACCIDENT": "2180055902", "ACC_DATE": "2018-08-15", "ACC_TIME": "12:59:00", "COUNTY": "JASPER", "CITY": "JOPLIN", "ON_STREET": "MO 66", "AT_STREET": "CST MCKINLEY AVE", "INTER_LOC": "A ", "DIRECTION": "W ", "ACC_TYPE": "Pedestrian", "SEVERITY": "Personal Injury", "INJURED": 1, "KILLED": 0, "NO_VEHICLE": 1, "DR_DRINK": "N ", "DR_DRUG": "N ", "SPEED": "N ", "CELL_PHONE": "N ", "TEXTING": "N ", "MOTORCYCLE": "N ", "PICKUP": "N ", "TRUCK": "N ", "SCHOOL_BUS": "N ", "LIGHT_COND": "Daylight", "DAY_WEEK": "Wed     "}}, {"type": "Feature", "geometry": {"type": "Point", "coordinates": [-94.51333999999997, 37.08676000000003]}, "properties": {"ACCIDENT": "2180051736", "ACC_DATE": "2018-08-15", "ACC_TIME": "22:00:00", "COUNTY": "JASPER", "CITY": "JOPLIN", "ON_STREET": "MO 43", "AT_STREET": "CST 5TH ST", "INTER_LOC": "B ", "DIRECTION": "S ", "ACC_TYPE": "Pedestrian", "SEVERITY": "Property Damage", "INJURED": 0, "KILLED": 0, "NO_VEHICLE": 1, "DR_DRINK": "U ", "DR_DRUG": "U ", "SPEED": "U ", "CELL_PHONE": "N ", "TEXTING": "N ", "MOTORCYCLE": "N ", "PICKUP": "N ", "TRUCK": "N ", "SCHOOL_BUS": "N ", "LIGHT_COND": "Dark-Lighted", "DAY_WEEK": "Wed     "}}, {"type": "Feature", "geometry": {"type": "Point", "coordinates": [-94.49164999999994, 37.11316000000005]}, "properties": {"ACCIDENT": "2180055178", "ACC_DATE": "2018-08-18", "ACC_TIME": "09:55:00", "COUNTY": "JASPER", "CITY": "JOPLIN", "ON_STREET": "CST E ZORA ST", "AT_STREET": "CST HIGHLAND AVE", "INTER_LOC": "B ", "DIRECTION": "E ", "ACC_TYPE": "Pedestrian", "SEVERITY": "Personal Injury", "INJURED": 1, "KILLED": 0, "NO_VEHICLE": 1, "DR_DRINK": "N ", "DR_DRUG": "N ", "SPEED": "N ", "CELL_PHONE": "N ", "TEXTING": "N ", "MOTORCYCLE": "N ", "PICKUP": "N ", "TRUCK": "N ", "SCHOOL_BUS": "N ", "LIGHT_COND": "Daylight", "DAY_WEEK": "Sat     "}}, {"type": "Feature", "geometry": {"type": "Point", "coordinates": [-94.50695999999994, 37.08752000000004]}, "properties": {"ACCIDENT": "2180055235", "ACC_DATE": "2018-08-18", "ACC_TIME": "22:09:00", "COUNTY": "JASPER", "CITY": "JOPLIN", "ON_STREET": "CST 4TH ST", "AT_STREET": "CST MURPHY BLVD", "INTER_LOC": "AT", "DIRECTION": "W ", "ACC_TYPE": "Pedalcycle", "SEVERITY": "Personal Injury", "INJURED": 1, "KILLED": 0, "NO_VEHICLE": 2, "DR_DRINK": "N ", "DR_DRUG": "N ", "SPEED": "N ", "CELL_PHONE": "N ", "TEXTING": "N ", "MOTORCYCLE": "N ", "PICKUP": "N ", "TRUCK": "N ", "SCHOOL_BUS": "N ", "LIGHT_COND": "Dark-Lighted", "DAY_WEEK": "Sat     "}}, {"type": "Feature", "geometry": {"type": "Point", "coordinates": [-94.48999999999995, 37.127620000000036]}, "properties": {"ACCIDENT": "2180050607", "ACC_DATE": "2018-08-23", "ACC_TIME": "20:26:00", "COUNTY": "JASPER", "CITY": "WEBB CITY", "ON_STREET": "CST FOUNTAIN RD", "AT_STREET": "CST LAKEVIEW DR", "INTER_LOC": "A ", "DIRECTION": "W ", "ACC_TYPE": "Pedestrian", "SEVERITY": "Personal Injury", "INJURED": 1, "KILLED": 0, "NO_VEHICLE": 1, "DR_DRINK": "U ", "DR_DRUG": "U ", "SPEED": "U ", "CELL_PHONE": "N ", "TEXTING": "N ", "MOTORCYCLE": "N ", "PICKUP": "N ", "TRUCK": "N ", "SCHOOL_BUS": "N ", "LIGHT_COND": "Dark-Unlighted", "DAY_WEEK": "Thu     "}}, {"type": "Feature", "geometry": {"type": "Point", "coordinates": [-94.50405999999998, 37.07367000000005]}, "properties": {"ACCIDENT": "2180054883", "ACC_DATE": "2018-08-25", "ACC_TIME": "16:57:00", "COUNTY": "JASPER", "CITY": "JOPLIN", "ON_STREET": "CST INDIANA AVE", "AT_STREET": "CST 16TH ST", "INTER_LOC": "B ", "DIRECTION": "N ", "ACC_TYPE": "Pedestrian", "SEVERITY": "Personal Injury", "INJURED": 1, "KILLED": 0, "NO_VEHICLE": 1, "DR_DRINK": "N ", "DR_DRUG": "N ", "SPEED": "N ", "CELL_PHONE": "N ", "TEXTING": "N ", "MOTORCYCLE": "N ", "PICKUP": "Y ", "TRUCK": "Y ", "SCHOOL_BUS": "N ", "LIGHT_COND": "Daylight", "DAY_WEEK": "Sat     "}}, {"type": "Feature", "geometry": {"type": "Point", "coordinates": [-94.45880999999997, 37.09523000000007]}, "properties": {"ACCIDENT": "2180054854", "ACC_DATE": "2018-08-27", "ACC_TIME": "10:44:00", "COUNTY": "JASPER", "CITY": "JOPLIN", "ON_STREET": "CST DUQUESNE RD", "AT_STREET": "PVT VICTORY LN", "INTER_LOC": "A ", "DIRECTION": "S ", "ACC_TYPE": "Pedestrian", "SEVERITY": "Property Damage", "INJURED": 0, "KILLED": 0, "NO_VEHICLE": 1, "DR_DRINK": "N ", "DR_DRUG": "N ", "SPEED": "N ", "CELL_PHONE": "Y ", "TEXTING": "N ", "MOTORCYCLE": "N ", "PICKUP": "N ", "TRUCK": "N ", "SCHOOL_BUS": "N ", "LIGHT_COND": "Daylight", "DAY_WEEK": "Mon     "}}, {"type": "Feature", "geometry": {"type": "Point", "coordinates": [-94.32222999999999, 37.16423000000003]}, "properties": {"ACCIDENT": "2180054253", "ACC_DATE": "2018-08-27", "ACC_TIME": "16:06:00", "COUNTY": "JASPER", "CITY": "CARTHAGE", "ON_STREET": "CST SOPHIA ST", "AT_STREET": "CST GRISWOLD AVE", "INTER_LOC": "A ", "DIRECTION": "S ", "ACC_TYPE": "Pedestrian", "SEVERITY": "Personal Injury", "INJURED": 1, "KILLED": 0, "NO_VEHICLE": 1, "DR_DRINK": "N ", "DR_DRUG": "N ", "SPEED": "N ", "CELL_PHONE": "N ", "TEXTING": "N ", "MOTORCYCLE": "N ", "PICKUP": "Y ", "TRUCK": "Y ", "SCHOOL_BUS": "N ", "LIGHT_COND": "Daylight", "DAY_WEEK": "Mon     "}}, {"type": "Feature", "geometry": {"type": "Point", "coordinates": [-94.47518999999994, 37.13217000000003]}, "properties": {"ACCIDENT": "2180055870", "ACC_DATE": "2018-08-28", "ACC_TIME": "13:58:00", "COUNTY": "JASPER", "CITY": "WEBB CITY", "ON_STREET": "LP 49", "AT_STREET": "CST 13TH ST", "INTER_LOC": "A ", "DIRECTION": "S ", "ACC_TYPE": "Pedalcycle", "SEVERITY": "Property Damage", "INJURED": 0, "KILLED": 0, "NO_VEHICLE": 2, "DR_DRINK": "N ", "DR_DRUG": "N ", "SPEED": "N ", "CELL_PHONE": "N ", "TEXTING": "N ", "MOTORCYCLE": "N ", "PICKUP": "N ", "TRUCK": "N ", "SCHOOL_BUS": "N ", "LIGHT_COND": "Daylight", "DAY_WEEK": "Tue     "}}, {"type": "Feature", "geometry": {"type": "Point", "coordinates": [-94.45193999999998, 37.06923000000006]}, "properties": {"ACCIDENT": "2180051052", "ACC_DATE": "2018-08-30", "ACC_TIME": "18:30:00", "COUNTY": "JASPER", "CITY": "DUQUESNE", "ON_STREET": "CST E 20TH ST", "AT_STREET": "CST LYNNWOOD LN", "INTER_LOC": "A ", "DIRECTION": "W ", "ACC_TYPE": "Pedalcycle", "SEVERITY": "Property Damage", "INJURED": 0, "KILLED": 0, "NO_VEHICLE": 2, "DR_DRINK": "N ", "DR_DRUG": "N ", "SPEED": "N ", "CELL_PHONE": "N ", "TEXTING": "N ", "MOTORCYCLE": "N ", "PICKUP": "N ", "TRUCK": "N ", "SCHOOL_BUS": "N ", "LIGHT_COND": "Daylight", "DAY_WEEK": "Thu     "}}, {"type": "Feature", "geometry": {"type": "Point", "coordinates": [-94.30048999999997, 37.173970000000054]}, "properties": {"ACCIDENT": "2180052392", "ACC_DATE": "2018-09-04", "ACC_TIME": "15:43:00", "COUNTY": "JASPER", "CITY": "CARTHAGE", "ON_STREET": "CST S RIVER ST", "AT_STREET": "CST 6TH ST", "INTER_LOC": "B ", "DIRECTION": "N ", "ACC_TYPE": "Pedestrian", "SEVERITY": "Personal Injury", "INJURED": 1, "KILLED": 0, "NO_VEHICLE": 1, "DR_DRINK": "N ", "DR_DRUG": "N ", "SPEED": "N ", "CELL_PHONE": "N ", "TEXTING": "N ", "MOTORCYCLE": "N ", "PICKUP": "N ", "TRUCK": "N ", "SCHOOL_BUS": "N ", "LIGHT_COND": "Daylight", "DAY_WEEK": "Tue     "}}, {"type": "Feature", "geometry": {"type": "Point", "coordinates": [-94.47720999999996, 37.08427000000006]}, "properties": {"ACCIDENT": "2180061323", "ACC_DATE": "2018-09-16", "ACC_TIME": "12:53:00", "COUNTY": "JASPER", "CITY": "JOPLIN", "ON_STREET": "MO 66", "AT_STREET": "LP 49", "INTER_LOC": "B ", "DIRECTION": "W ", "ACC_TYPE": "Pedalcycle", "SEVERITY": "Personal Injury", "INJURED": 1, "KILLED": 0, "NO_VEHICLE": 2, "DR_DRINK": "N ", "DR_DRUG": "N ", "SPEED": "N ", "CELL_PHONE": "N ", "TEXTING": "N ", "MOTORCYCLE": "N ", "PICKUP": "N ", "TRUCK": "N ", "SCHOOL_BUS": "N ", "LIGHT_COND": "Daylight", "DAY_WEEK": "Sun     "}}, {"type": "Feature", "geometry": {"type": "Point", "coordinates": [-94.31740999999994, 37.176480000000026]}, "properties": {"ACCIDENT": "2180059624", "ACC_DATE": "2018-09-17", "ACC_TIME": "17:36:00", "COUNTY": "JASPER", "CITY": "CARTHAGE", "ON_STREET": "CST OAK ST", "AT_STREET": "CST S ORNER ST", "INTER_LOC": "B ", "DIRECTION": "W ", "ACC_TYPE": "Pedalcycle", "SEVERITY": "Personal Injury", "INJURED": 1, "KILLED": 0, "NO_VEHICLE": 2, "DR_DRINK": "N ", "DR_DRUG": "N ", "SPEED": "N ", "CELL_PHONE": "N ", "TEXTING": "N ", "MOTORCYCLE": "N ", "PICKUP": "N ", "TRUCK": "N ", "SCHOOL_BUS": "N ", "LIGHT_COND": "Daylight", "DAY_WEEK": "Mon     "}}, {"type": "Feature", "geometry": {"type": "Point", "coordinates": [-94.43415999999996, 37.09772000000004]}, "properties": {"ACCIDENT": "3180028045", "ACC_DATE": "2018-09-27", "ACC_TIME": "06:55:00", "COUNTY": "JASPER", "CITY": "NON-CITY OR UNINCORPORATED", "ON_STREET": "CRD NEWMAN RD", "AT_STREET": "CRD SUNNY CREST LN", "INTER_LOC": "AT", "DIRECTION": "E ", "ACC_TYPE": "Pedestrian", "SEVERITY": "Fatal", "INJURED": 0, "KILLED": 1, "NO_VEHICLE": 1, "DR_DRINK": "N ", "DR_DRUG": "N ", "SPEED": "N ", "CELL_PHONE": "N ", "TEXTING": "N ", "MOTORCYCLE": "N ", "PICKUP": "N ", "TRUCK": "N ", "SCHOOL_BUS": "N ", "LIGHT_COND": "Daylight", "DAY_WEEK": "Thu     "}}, {"type": "Feature", "geometry": {"type": "Point", "coordinates": [-94.46068999999994, 37.096550000000036]}, "properties": {"ACCIDENT": "2180064543", "ACC_DATE": "2018-10-05", "ACC_TIME": "11:08:00", "COUNTY": "JASPER", "CITY": "JOPLIN", "ON_STREET": "PVT INTERNATIONAL AVE", "AT_STREET": "PVT UNIVERSITY PKWY", "INTER_LOC": "B ", "DIRECTION": "S ", "ACC_TYPE": "Pedestrian", "SEVERITY": "Personal Injury", "INJURED": 1, "KILLED": 0, "NO_VEHICLE": 1, "DR_DRINK": "N ", "DR_DRUG": "N ", "SPEED": "N ", "CELL_PHONE": "N ", "TEXTING": "N ", "MOTORCYCLE": "N ", "PICKUP": "N ", "TRUCK": "N ", "SCHOOL_BUS": "N ", "LIGHT_COND": "Daylight", "DAY_WEEK": "Fri     "}}, {"type": "Feature", "geometry": {"type": "Point", "coordinates": [-94.42176999999998, 37.104520000000036]}, "properties": {"ACCIDENT": "3180027615", "ACC_DATE": "2018-10-14", "ACC_TIME": "23:25:00", "COUNTY": "JASPER", "CITY": "NON-CITY OR UNINCORPORATED", "ON_STREET": "CRD N PROSPERITY AVE", "AT_STREET": "PVT DAHLIA LANE", "INTER_LOC": "B ", "DIRECTION": "N ", "ACC_TYPE": "Pedestrian", "SEVERITY": "Personal Injury", "INJURED": 1, "KILLED": 0, "NO_VEHICLE": 1, "DR_DRINK": "N ", "DR_DRUG": "N ", "SPEED": "N ", "CELL_PHONE": "N ", "TEXTING": "N ", "MOTORCYCLE": "N ", "PICKUP": "Y ", "TRUCK": "Y ", "SCHOOL_BUS": "N ", "LIGHT_COND": "Dark-Lighted", "DAY_WEEK": "Sun     "}}, {"type": "Feature", "geometry": {"type": "Point", "coordinates": [-94.50252999999998, 37.083930000000066]}, "properties": {"ACCIDENT": "2180070072", "ACC_DATE": "2018-10-21", "ACC_TIME": "11:54:00", "COUNTY": "JASPER", "CITY": "JOPLIN", "ON_STREET": "MO 66", "AT_STREET": "CST MURPHY BLVD", "INTER_LOC": "AT", "DIRECTION": "W ", "ACC_TYPE": "Pedalcycle", "SEVERITY": "Personal Injury", "INJURED": 1, "KILLED": 0, "NO_VEHICLE": 2, "DR_DRINK": "N ", "DR_DRUG": "N ", "SPEED": "N ", "CELL_PHONE": "N ", "TEXTING": "N ", "MOTORCYCLE": "N ", "PICKUP": "N ", "TRUCK": "N ", "SCHOOL_BUS": "N ", "LIGHT_COND": "Daylight", "DAY_WEEK": "Sun     "}}, {"type": "Feature", "geometry": {"type": "Point", "coordinates": [-94.54384999999996, 37.11244000000005]}, "properties": {"ACCIDENT": "3180031556", "ACC_DATE": "2018-11-14", "ACC_TIME": "01:25:00", "COUNTY": "JASPER", "CITY": "NON-CITY OR UNINCORPORATED", "ON_STREET": "CRD SCHIFFERDECKER AVE", "AT_STREET": "CRD W ZORA ST", "INTER_LOC": "B ", "DIRECTION": "N ", "ACC_TYPE": "Pedestrian", "SEVERITY": "Personal Injury", "INJURED": 1, "KILLED": 0, "NO_VEHICLE": 1, "DR_DRINK": "N ", "DR_DRUG": "N ", "SPEED": "N ", "CELL_PHONE": "N ", "TEXTING": "N ", "MOTORCYCLE": "N ", "PICKUP": "N ", "TRUCK": "N ", "SCHOOL_BUS": "N ", "LIGHT_COND": "Dark-Unlighted", "DAY_WEEK": "Wed     "}}, {"type": "Feature", "geometry": {"type": "Point", "coordinates": [-94.48359999999997, 37.08380000000005]}, "properties": {"ACCIDENT": "2180075993", "ACC_DATE": "2018-11-15", "ACC_TIME": "14:53:00", "COUNTY": "JASPER", "CITY": "JOPLIN", "ON_STREET": "MO 66", "AT_STREET": "CST OZARK ST", "INTER_LOC": "AT", "DIRECTION": "W ", "ACC_TYPE": "Pedestrian", "SEVERITY": "Personal Injury", "INJURED": 1, "KILLED": 0, "NO_VEHICLE": 1, "DR_DRINK": "N ", "DR_DRUG": "N ", "SPEED": "N ", "CELL_PHONE": "N ", "TEXTING": "N ", "MOTORCYCLE": "N ", "PICKUP": "Y ", "TRUCK": "Y ", "SCHOOL_BUS": "N ", "LIGHT_COND": "Daylight", "DAY_WEEK": "Thu     "}}, {"type": "Feature", "geometry": {"type": "Point", "coordinates": [-94.51410999999996, 37.06950000000006]}, "properties": {"ACCIDENT": "2180081550", "ACC_DATE": "2018-12-10", "ACC_TIME": "12:32:00", "COUNTY": "JASPER", "CITY": "JOPLIN", "ON_STREET": "MO 43", "AT_STREET": "CST E 20TH ST", "INTER_LOC": "AT", "DIRECTION": "S ", "ACC_TYPE": "Pedalcycle", "SEVERITY": "Personal Injury", "INJURED": 1, "KILLED": 0, "NO_VEHICLE": 2, "DR_DRINK": "N ", "DR_DRUG": "N ", "SPEED": "N ", "CELL_PHONE": "N ", "TEXTING": "N ", "MOTORCYCLE": "U ", "PICKUP": "U ", "TRUCK": "U ", "SCHOOL_BUS": "U ", "LIGHT_COND": "Daylight", "DAY_WEEK": "Mon     "}}, {"type": "Feature", "geometry": {"type": "Point", "coordinates": [-94.47792999999996, 37.06281000000007]}, "properties": {"ACCIDENT": "2180082271", "ACC_DATE": "2018-12-13", "ACC_TIME": "17:27:00", "COUNTY": "JASPER", "CITY": "JOPLIN", "ON_STREET": "CST 24TH ST", "AT_STREET": "LP 49", "INTER_LOC": "A ", "DIRECTION": "E ", "ACC_TYPE": "Pedestrian", "SEVERITY": "Personal Injury", "INJURED": 1, "KILLED": 0, "NO_VEHICLE": 1, "DR_DRINK": "N ", "DR_DRUG": "N ", "SPEED": "N ", "CELL_PHONE": "N ", "TEXTING": "N ", "MOTORCYCLE": "N ", "PICKUP": "Y ", "TRUCK": "Y ", "SCHOOL_BUS": "N ", "LIGHT_COND": "Dark-Unlighted", "DAY_WEEK": "Thu     "}}, {"type": "Feature", "geometry": {"type": "Point", "coordinates": [-94.47803999999996, 37.15252000000004]}, "properties": {"ACCIDENT": "2180082964", "ACC_DATE": "2018-12-14", "ACC_TIME": "08:30:00", "COUNTY": "JASPER", "CITY": "WEBB CITY", "ON_STREET": "CST AYLOR ST", "AT_STREET": "CST WILSON ST", "INTER_LOC": "A ", "DIRECTION": "E ", "ACC_TYPE": "Pedestrian", "SEVERITY": "Personal Injury", "INJURED": 1, "KILLED": 0, "NO_VEHICLE": 1, "DR_DRINK": "N ", "DR_DRUG": "N ", "SPEED": "N ", "CELL_PHONE": "N ", "TEXTING": "N ", "MOTORCYCLE": "N ", "PICKUP": "N ", "TRUCK": "N ", "SCHOOL_BUS": "N ", "LIGHT_COND": "Daylight", "DAY_WEEK": "Fri     "}}, {"type": "Feature", "geometry": {"type": "Point", "coordinates": [-94.47521999999998, 37.13139000000007]}, "properties": {"ACCIDENT": "2180079538", "ACC_DATE": "2018-12-22", "ACC_TIME": "15:56:00", "COUNTY": "JASPER", "CITY": "WEBB CITY", "ON_STREET": "LP 49", "AT_STREET": "CST 14TH ST", "INTER_LOC": "AT", "DIRECTION": "S ", "ACC_TYPE": "Pedestrian", "SEVERITY": "Personal Injury", "INJURED": 1, "KILLED": 0, "NO_VEHICLE": 1, "DR_DRINK": "N ", "DR_DRUG": "N ", "SPEED": "N ", "CELL_PHONE": "N ", "TEXTING": "N ", "MOTORCYCLE": "N ", "PICKUP": "N ", "TRUCK": "N ", "SCHOOL_BUS": "N ", "LIGHT_COND": "Daylight", "DAY_WEEK": "Sat     "}}, {"type": "Feature", "geometry": {"type": "Point", "coordinates": [-94.49451999999997, 37.06723000000005]}, "properties": {"ACCIDENT": "2180081066", "ACC_DATE": "2018-12-24", "ACC_TIME": "15:43:00", "COUNTY": "JASPER", "CITY": "JOPLIN", "ON_STREET": "CST CONNECTICUT AVE", "AT_STREET": "CST 22ND ST", "INTER_LOC": "B ", "DIRECTION": "S ", "ACC_TYPE": "Pedestrian", "SEVERITY": "Personal Injury", "INJURED": 1, "KILLED": 0, "NO_VEHICLE": 1, "DR_DRINK": "N ", "DR_DRUG": "N ", "SPEED": "N ", "CELL_PHONE": "N ", "TEXTING": "N ", "MOTORCYCLE": "N ", "PICKUP": "N ", "TRUCK": "N ", "SCHOOL_BUS": "N ", "LIGHT_COND": "Daylight", "DAY_WEEK": "Mon     "}}, {"type": "Feature", "geometry": {"type": "Point", "coordinates": [-94.52371999999997, 37.11405000000008]}, "properties": {"ACCIDENT": "3180036024", "ACC_DATE": "2018-12-30", "ACC_TIME": "20:10:00", "COUNTY": "JASPER", "CITY": "NON-CITY OR UNINCORPORATED", "ON_STREET": "CRD W ZORA STREET", "AT_STREET": "CRD LONE ELM ROAD", "INTER_LOC": "B ", "DIRECTION": "W ", "ACC_TYPE": "Pedestrian", "SEVERITY": "Personal Injury", "INJURED": 1, "KILLED": 0, "NO_VEHICLE": 1, "DR_DRINK": "N ", "DR_DRUG": "N ", "SPEED": "N ", "CELL_PHONE": "N ", "TEXTING": "N ", "MOTORCYCLE": "N ", "PICKUP": "Y ", "TRUCK": "Y ", "SCHOOL_BUS": "N ", "LIGHT_COND": "Dark-Unlighted", "DAY_WEEK": "Sun     "}}, {"type": "Feature", "geometry": {"type": "Point", "coordinates": [-94.31221999999997, 37.178630000000055]}, "properties": {"ACCIDENT": "2180081202", "ACC_DATE": "2018-12-31", "ACC_TIME": "21:39:00", "COUNTY": "JASPER", "CITY": "CARTHAGE", "ON_STREET": "CST CENTRAL AVE", "AT_STREET": "CST MAPLE ST", "INTER_LOC": "B ", "DIRECTION": "W ", "ACC_TYPE": "Pedestrian", "SEVERITY": "Personal Injury", "INJURED": 1, "KILLED": 0, "NO_VEHICLE": 1, "DR_DRINK": "N ", "DR_DRUG": "N ", "SPEED": "N ", "CELL_PHONE": "N ", "TEXTING": "N ", "MOTORCYCLE": "N ", "PICKUP": "N ", "TRUCK": "N ", "SCHOOL_BUS": "N ", "LIGHT_COND": "Dark-Lighted", "DAY_WEEK": "Mon     "}}, {"type": "Feature", "geometry": {"type": "Point", "coordinates": [-94.51134999999994, 37.12807000000004]}, "properties": {"ACCIDENT": "3180036075", "ACC_DATE": "2018-12-31", "ACC_TIME": "10:10:00", "COUNTY": "JASPER", "CITY": "AIRPORT DRIVE", "ON_STREET": "MO 43", "AT_STREET": "CRD FOUNTAIN RD", "INTER_LOC": "B ", "DIRECTION": "S ", "ACC_TYPE": "Pedalcycle", "SEVERITY": "Personal Injury", "INJURED": 1, "KILLED": 0, "NO_VEHICLE": 2, "DR_DRINK": "U ", "DR_DRUG": "U ", "SPEED": "U ", "CELL_PHONE": "N ", "TEXTING": "N ", "MOTORCYCLE": "N ", "PICKUP": "N ", "TRUCK": "N ", "SCHOOL_BUS": "N ", "LIGHT_COND": "Daylight", "DAY_WEEK": "Mon     "}}, {"type": "Feature", "geometry": {"type": "Point", "coordinates": [-94.53235999999998, 37.05771000000004]}, "properties": {"ACCIDENT": "2190006590", "ACC_DATE": "2019-01-10", "ACC_TIME": "11:39:00", "COUNTY": "JASPER", "CITY": "JOPLIN", "ON_STREET": "CST 30TH ST", "AT_STREET": "CST MAIDEN LANE", "INTER_LOC": "AT", "DIRECTION": "E ", "ACC_TYPE": "Pedalcycle", "SEVERITY": "Personal Injury", "INJURED": 1, "KILLED": 0, "NO_VEHICLE": 2, "DR_DRINK": "Y ", "DR_DRUG": "N ", "SPEED": "N ", "CELL_PHONE": "N ", "TEXTING": "N ", "MOTORCYCLE": "N ", "PICKUP": "N ", "TRUCK": "N ", "SCHOOL_BUS": "N ", "LIGHT_COND": "Daylight", "DAY_WEEK": "Thu     "}}, {"type": "Feature", "geometry": {"type": "Point", "coordinates": [-94.48235999999997, 37.06868000000003]}, "properties": {"ACCIDENT": "2190015306", "ACC_DATE": "2019-02-03", "ACC_TIME": "17:44:00", "COUNTY": "JASPER", "CITY": "JOPLIN", "ON_STREET": "CST TEXAS", "AT_STREET": "CST E 20TH ST", "INTER_LOC": "B ", "DIRECTION": "N ", "ACC_TYPE": "Pedestrian", "SEVERITY": "Property Damage", "INJURED": 0, "KILLED": 0, "NO_VEHICLE": 1, "DR_DRINK": "U ", "DR_DRUG": "U ", "SPEED": "U ", "CELL_PHONE": "N ", "TEXTING": "N ", "MOTORCYCLE": "N ", "PICKUP": "N ", "TRUCK": "N ", "SCHOOL_BUS": "N ", "LIGHT_COND": "Daylight", "DAY_WEEK": "Sun     "}}, {"type": "Feature", "geometry": {"type": "Point", "coordinates": [-94.51386999999994, 37.07503000000003]}, "properties": {"ACCIDENT": "2190019005", "ACC_DATE": "2019-03-06", "ACC_TIME": "07:07:00", "COUNTY": "JASPER", "CITY": "JOPLIN", "ON_STREET": "CST 15TH ST", "AT_STREET": "MO 43", "INTER_LOC": "AT", "DIRECTION": "W ", "ACC_TYPE": "Pedestrian", "SEVERITY": "Personal Injury", "INJURED": 1, "KILLED": 0, "NO_VEHICLE": 1, "DR_DRINK": "U ", "DR_DRUG": "U ", "SPEED": "U ", "CELL_PHONE": "N ", "TEXTING": "N ", "MOTORCYCLE": "N ", "PICKUP": "Y ", "TRUCK": "Y ", "SCHOOL_BUS": "N ", "LIGHT_COND": "Daylight", "DAY_WEEK": "Wed     "}}, {"type": "Feature", "geometry": {"type": "Point", "coordinates": [-94.52394999999996, 37.091950000000054]}, "properties": {"ACCIDENT": "2190019948", "ACC_DATE": "2019-03-14", "ACC_TIME": "15:49:00", "COUNTY": "JASPER", "CITY": "JOPLIN", "ON_STREET": "CST A ST", "AT_STREET": "CST GRAY AVE", "INTER_LOC": "B ", "DIRECTION": "E ", "ACC_TYPE": "Pedestrian", "SEVERITY": "Personal Injury", "INJURED": 1, "KILLED": 0, "NO_VEHICLE": 1, "DR_DRINK": "Y ", "DR_DRUG": "N ", "SPEED": "N ", "CELL_PHONE": "N ", "TEXTING": "N ", "MOTORCYCLE": "N ", "PICKUP": "N ", "TRUCK": "N ", "SCHOOL_BUS": "N ", "LIGHT_COND": "Daylight", "DAY_WEEK": "Thu     "}}, {"type": "Feature", "geometry": {"type": "Point", "coordinates": [-94.41117999999994, 37.08012000000008]}, "properties": {"ACCIDENT": "2190017479", "ACC_DATE": "2019-03-16", "ACC_TIME": "18:30:00", "COUNTY": "JASPER", "CITY": "DUENWEG", "ON_STREET": "CST MOWER ST", "AT_STREET": "CST ASHCRAFT ST", "INTER_LOC": "B ", "DIRECTION": "N ", "ACC_TYPE": "Pedestrian", "SEVERITY": "Personal Injury", "INJURED": 1, "KILLED": 0, "NO_VEHICLE": 1, "DR_DRINK": "N ", "DR_DRUG": "N ", "SPEED": "N ", "CELL_PHONE": "N ", "TEXTING": "N ", "MOTORCYCLE": "N ", "PICKUP": "N ", "TRUCK": "N ", "SCHOOL_BUS": "N ", "LIGHT_COND": "Daylight", "DAY_WEEK": "Sat     "}}, {"type": "Feature", "geometry": {"type": "Point", "coordinates": [-94.51453999999995, 37.06096000000008]}, "properties": {"ACCIDENT": "2190021923", "ACC_DATE": "2019-03-21", "ACC_TIME": "15:37:00", "COUNTY": "JASPER", "CITY": "JOPLIN", "ON_STREET": "CST 27TH ST", "AT_STREET": "MO 43", "INTER_LOC": "B ", "DIRECTION": "E ", "ACC_TYPE": "Pedalcycle", "SEVERITY": "Personal Injury", "INJURED": 1, "KILLED": 0, "NO_VEHICLE": 2, "DR_DRINK": "N ", "DR_DRUG": "N ", "SPEED": "N ", "CELL_PHONE": "N ", "TEXTING": "N ", "MOTORCYCLE": "N ", "PICKUP": "N ", "TRUCK": "N ", "SCHOOL_BUS": "N ", "LIGHT_COND": "Daylight", "DAY_WEEK": "Thu     "}}, {"type": "Feature", "geometry": {"type": "Point", "coordinates": [-94.51529999999997, 37.06827000000004]}, "properties": {"ACCIDENT": "2190023302", "ACC_DATE": "2019-03-28", "ACC_TIME": "17:16:00", "COUNTY": "JASPER", "CITY": "JOPLIN", "ON_STREET": "CST W 21ST ST", "AT_STREET": "CST JOPLIN AVE", "INTER_LOC": "AT", "DIRECTION": "E ", "ACC_TYPE": "Pedalcycle", "SEVERITY": "Personal Injury", "INJURED": 1, "KILLED": 0, "NO_VEHICLE": 2, "DR_DRINK": "N ", "DR_DRUG": "N ", "SPEED": "N ", "CELL_PHONE": "N ", "TEXTING": "N ", "MOTORCYCLE": "N ", "PICKUP": "Y ", "TRUCK": "Y ", "SCHOOL_BUS": "N ", "LIGHT_COND": "Daylight", "DAY_WEEK": "Thu     "}}, {"type": "Feature", "geometry": {"type": "Point", "coordinates": [-94.47827999999998, 37.05750000000006]}, "properties": {"ACCIDENT": "2190023474", "ACC_DATE": "2019-03-30", "ACC_TIME": "21:04:00", "COUNTY": "JASPER", "CITY": "JOPLIN", "ON_STREET": "LP 49", "AT_STREET": "CST 29TH ST", "INTER_LOC": "B ", "DIRECTION": "N ", "ACC_TYPE": "Pedestrian", "SEVERITY": "Personal Injury", "INJURED": 1, "KILLED": 0, "NO_VEHICLE": 1, "DR_DRINK": "N ", "DR_DRUG": "N ", "SPEED": "N ", "CELL_PHONE": "N ", "TEXTING": "N ", "MOTORCYCLE": "N ", "PICKUP": "Y ", "TRUCK": "Y ", "SCHOOL_BUS": "N ", "LIGHT_COND": "Dark-Lighted", "DAY_WEEK": "Sat     "}}, {"type": "Feature", "geometry": {"type": "Point", "coordinates": [-94.48811999999998, 37.14202000000006]}, "properties": {"ACCIDENT": "2190018623", "ACC_DATE": "2019-04-01", "ACC_TIME": "10:11:00", "COUNTY": "JASPER", "CITY": "WEBB CITY", "ON_STREET": "CST COLONIAL DR", "AT_STREET": "MO 171", "INTER_LOC": "AT", "DIRECTION": "S ", "ACC_TYPE": "Pedalcycle", "SEVERITY": "Personal Injury", "INJURED": 1, "KILLED": 0, "NO_VEHICLE": 2, "DR_DRINK": "N ", "DR_DRUG": "N ", "SPEED": "N ", "CELL_PHONE": "N ", "TEXTING": "N ", "MOTORCYCLE": "N ", "PICKUP": "N ", "TRUCK": "N ", "SCHOOL_BUS": "N ", "LIGHT_COND": "Daylight", "DAY_WEEK": "Mon     "}}, {"type": "Feature", "geometry": {"type": "Point", "coordinates": [-94.55012999999997, 37.05859000000004]}, "properties": {"ACCIDENT": "2190023830", "ACC_DATE": "2019-04-07", "ACC_TIME": "06:10:00", "COUNTY": "JASPER", "CITY": "JOPLIN", "ON_STREET": "CST SUNSET DR", "AT_STREET": "CST SCHIFFERDECKER AVE", "INTER_LOC": "B ", "DIRECTION": "E ", "ACC_TYPE": "Pedestrian", "SEVERITY": "Personal Injury", "INJURED": 1, "KILLED": 0, "NO_VEHICLE": 1, "DR_DRINK": "N ", "DR_DRUG": "N ", "SPEED": "N ", "CELL_PHONE": "N ", "TEXTING": "N ", "MOTORCYCLE": "N ", "PICKUP": "N ", "TRUCK": "N ", "SCHOOL_BUS": "N ", "LIGHT_COND": "Dark-Unlighted", "DAY_WEEK": "Sun     "}}, {"type": "Feature", "geometry": {"type": "Point", "coordinates": [-94.51487999999995, 37.089690000000076]}, "properties": {"ACCIDENT": "2190026178", "ACC_DATE": "2019-04-16", "ACC_TIME": "11:16:00", "COUNTY": "JASPER", "CITY": "JOPLIN", "ON_STREET": "CST 2ND ST", "AT_STREET": "CST JOPLIN AVE", "INTER_LOC": "B ", "DIRECTION": "E ", "ACC_TYPE": "Pedalcycle", "SEVERITY": "Personal Injury", "INJURED": 1, "KILLED": 0, "NO_VEHICLE": 2, "DR_DRINK": "N ", "DR_DRUG": "N ", "SPEED": "N ", "CELL_PHONE": "N ", "TEXTING": "N ", "MOTORCYCLE": "N ", "PICKUP": "N ", "TRUCK": "N ", "SCHOOL_BUS": "N ", "LIGHT_COND": "Daylight", "DAY_WEEK": "Tue     "}}, {"type": "Feature", "geometry": {"type": "Point", "coordinates": [-94.53076999999996, 37.09331000000003]}, "properties": {"ACCIDENT": "2190031544", "ACC_DATE": "2019-04-21", "ACC_TIME": "21:30:00", "COUNTY": "JASPER", "CITY": "JOPLIN", "ON_STREET": "CST MAIDEN LANE", "AT_STREET": "CST B ST", "INTER_LOC": "A ", "DIRECTION": "N ", "ACC_TYPE": "Pedestrian", "SEVERITY": "Personal Injury", "INJURED": 1, "KILLED": 0, "NO_VEHICLE": 1, "DR_DRINK": "U ", "DR_DRUG": "U ", "SPEED": "U ", "CELL_PHONE": "N ", "TEXTING": "N ", "MOTORCYCLE": "N ", "PICKUP": "N ", "TRUCK": "N ", "SCHOOL_BUS": "N ", "LIGHT_COND": "Dark-Unlighted", "DAY_WEEK": "Sun     "}}, {"type": "Feature", "geometry": {"type": "Point", "coordinates": [-94.52125999999998, 37.08427000000006]}, "properties": {"ACCIDENT": "2190028674", "ACC_DATE": "2019-04-27", "ACC_TIME": "16:45:00", "COUNTY": "JASPER", "CITY": "JOPLIN", "ON_STREET": "MO 66", "AT_STREET": "CST JACKSON AVE", "INTER_LOC": "B ", "DIRECTION": "W ", "ACC_TYPE": "Pedalcycle", "SEVERITY": "Personal Injury", "INJURED": 1, "KILLED": 0, "NO_VEHICLE": 2, "DR_DRINK": "U ", "DR_DRUG": "U ", "SPEED": "U ", "CELL_PHONE": "N ", "TEXTING": "N ", "MOTORCYCLE": "U ", "PICKUP": "U ", "TRUCK": "U ", "SCHOOL_BUS": "U ", "LIGHT_COND": "Daylight", "DAY_WEEK": "Sat     "}}, {"type": "Feature", "geometry": {"type": "Point", "coordinates": [-94.46507999999994, 37.14889000000005]}, "properties": {"ACCIDENT": "2190031926", "ACC_DATE": "2019-05-26", "ACC_TIME": "15:00:00", "COUNTY": "JASPER", "CITY": "WEBB CITY", "ON_STREET": "CST LIBERTY ST", "AT_STREET": "CST GALENA ST", "INTER_LOC": "A ", "DIRECTION": "N ", "ACC_TYPE": "Pedalcycle", "SEVERITY": "Personal Injury", "INJURED": 1, "KILLED": 0, "NO_VEHICLE": 3, "DR_DRINK": "N ", "DR_DRUG": "N ", "SPEED": "N ", "CELL_PHONE": "N ", "TEXTING": "N ", "MOTORCYCLE": "N ", "PICKUP": "N ", "TRUCK": "N ", "SCHOOL_BUS": "N ", "LIGHT_COND": "Daylight", "DAY_WEEK": "Sun     "}}, {"type": "Feature", "geometry": {"type": "Point", "coordinates": [-94.31417999999996, 37.178690000000074]}, "properties": {"ACCIDENT": "2190047713", "ACC_DATE": "2019-06-03", "ACC_TIME": "11:54:00", "COUNTY": "JASPER", "CITY": "CARTHAGE", "ON_STREET": "MO 96", "AT_STREET": "MO 571", "INTER_LOC": "A ", "DIRECTION": "W ", "ACC_TYPE": "Pedalcycle", "SEVERITY": "Personal Injury", "INJURED": 1, "KILLED": 0, "NO_VEHICLE": 2, "DR_DRINK": "N ", "DR_DRUG": "N ", "SPEED": "N ", "CELL_PHONE": "N ", "TEXTING": "N ", "MOTORCYCLE": "N ", "PICKUP": "N ", "TRUCK": "N ", "SCHOOL_BUS": "N ", "LIGHT_COND": "Daylight", "DAY_WEEK": "Mon     "}}, {"type": "Feature", "geometry": {"type": "Point", "coordinates": [-94.31410999999997, 37.172690000000046]}, "properties": {"ACCIDENT": "2190039738", "ACC_DATE": "2019-06-03", "ACC_TIME": "21:06:00", "COUNTY": "JASPER", "CITY": "CARTHAGE", "ON_STREET": "MO 571", "AT_STREET": "CST CHESTNUT", "INTER_LOC": "A ", "DIRECTION": "S ", "ACC_TYPE": "Pedalcycle", "SEVERITY": "Personal Injury", "INJURED": 1, "KILLED": 0, "NO_VEHICLE": 2, "DR_DRINK": "U ", "DR_DRUG": "U ", "SPEED": "U ", "CELL_PHONE": "N ", "TEXTING": "N ", "MOTORCYCLE": "N ", "PICKUP": "N ", "TRUCK": "N ", "SCHOOL_BUS": "N ", "LIGHT_COND": "Dark-Lighted", "DAY_WEEK": "Mon     "}}, {"type": "Feature", "geometry": {"type": "Point", "coordinates": [-94.52147999999994, 37.084280000000035]}, "properties": {"ACCIDENT": "2190048759", "ACC_DATE": "2019-06-07", "ACC_TIME": "16:55:00", "COUNTY": "JASPER", "CITY": "JOPLIN", "ON_STREET": "MO 66", "AT_STREET": "CST JACKSON AVE", "INTER_LOC": "B ", "DIRECTION": "E ", "ACC_TYPE": "Pedestrian", "SEVERITY": "Personal Injury", "INJURED": 1, "KILLED": 0, "NO_VEHICLE": 1, "DR_DRINK": "N ", "DR_DRUG": "N ", "SPEED": "N ", "CELL_PHONE": "N ", "TEXTING": "N ", "MOTORCYCLE": "Y ", "PICKUP": "N ", "TRUCK": "N ", "SCHOOL_BUS": "N ", "LIGHT_COND": "Daylight", "DAY_WEEK": "Fri     "}}, {"type": "Feature", "geometry": {"type": "Point", "coordinates": [-94.44108999999997, 37.19192000000004]}, "properties": {"ACCIDENT": "2190036286", "ACC_DATE": "2019-06-16", "ACC_TIME": "15:56:00", "COUNTY": "JASPER", "CITY": "ORONOGO", "ON_STREET": "CST JASON BLVD", "AT_STREET": "CST SADIE LN", "INTER_LOC": "AT", "DIRECTION": "E ", "ACC_TYPE": "Pedalcycle", "SEVERITY": "Personal Injury", "INJURED": 1, "KILLED": 0, "NO_VEHICLE": 2, "DR_DRINK": "U ", "DR_DRUG": "U ", "SPEED": "U ", "CELL_PHONE": "N ", "TEXTING": "N ", "MOTORCYCLE": "N ", "PICKUP": "N ", "TRUCK": "N ", "SCHOOL_BUS": "N ", "LIGHT_COND": "Daylight", "DAY_WEEK": "Sun     "}}, {"type": "Feature", "geometry": {"type": "Point", "coordinates": [-94.45754999999997, 37.115090000000066]}, "properties": {"ACCIDENT": "2190040264", "ACC_DATE": "2019-06-18", "ACC_TIME": "15:29:00", "COUNTY": "JASPER", "CITY": "WEBB CITY", "ON_STREET": "CST HALL ST", "AT_STREET": "PVT COUNTRY BLVD", "INTER_LOC": "A ", "DIRECTION": "N ", "ACC_TYPE": "Pedalcycle", "SEVERITY": "Personal Injury", "INJURED": 1, "KILLED": 0, "NO_VEHICLE": 2, "DR_DRINK": "N ", "DR_DRUG": "N ", "SPEED": "N ", "CELL_PHONE": "N ", "TEXTING": "N ", "MOTORCYCLE": "N ", "PICKUP": "N ", "TRUCK": "N ", "SCHOOL_BUS": "N ", "LIGHT_COND": "Daylight", "DAY_WEEK": "Tue     "}}, {"type": "Feature", "geometry": {"type": "Point", "coordinates": [-94.54602999999997, 37.08466000000004]}, "properties": {"ACCIDENT": "0190010683", "ACC_DATE": "2019-06-24", "ACC_TIME": "19:20:00", "COUNTY": "JASPER", "CITY": "JOPLIN", "ON_STREET": "MO 66", "AT_STREET": "PVT WALMART", "INTER_LOC": "A ", "DIRECTION": "W ", "ACC_TYPE": "Pedalcycle", "SEVERITY": "Fatal", "INJURED": 0, "KILLED": 1, "NO_VEHICLE": 2, "DR_DRINK": "U ", "DR_DRUG": "U ", "SPEED": "U ", "CELL_PHONE": "N ", "TEXTING": "N ", "MOTORCYCLE": "N ", "PICKUP": "N ", "TRUCK": "N ", "SCHOOL_BUS": "N ", "LIGHT_COND": "Daylight", "DAY_WEEK": "Mon     "}}, {"type": "Feature", "geometry": {"type": "Point", "coordinates": [-94.49941999999999, 37.08745000000005]}, "properties": {"ACCIDENT": "2190062473", "ACC_DATE": "2019-07-07", "ACC_TIME": "20:30:00", "COUNTY": "JASPER", "CITY": "JOPLIN", "ON_STREET": "CST 4TH ST", "AT_STREET": "CST HIGH AVE", "INTER_LOC": "AT", "DIRECTION": "E ", "ACC_TYPE": "Pedestrian", "SEVERITY": "Personal Injury", "INJURED": 1, "KILLED": 0, "NO_VEHICLE": 1, "DR_DRINK": "U ", "DR_DRUG": "U ", "SPEED": "U ", "CELL_PHONE": "N ", "TEXTING": "N ", "MOTORCYCLE": "U ", "PICKUP": "U ", "TRUCK": "U ", "SCHOOL_BUS": "U ", "LIGHT_COND": "Daylight", "DAY_WEEK": "Sun     "}}, {"type": "Feature", "geometry": {"type": "Point", "coordinates": [-94.32750999999996, 37.176540000000045]}, "properties": {"ACCIDENT": "2190045280", "ACC_DATE": "2019-07-14", "ACC_TIME": "16:20:00", "COUNTY": "JASPER", "CITY": "CARTHAGE", "ON_STREET": "CST BAKER BLVD", "AT_STREET": "CST OAK ST", "INTER_LOC": "AT", "DIRECTION": "N ", "ACC_TYPE": "Pedalcycle", "SEVERITY": "Personal Injury", "INJURED": 1, "KILLED": 0, "NO_VEHICLE": 2, "DR_DRINK": "N ", "DR_DRUG": "N ", "SPEED": "N ", "CELL_PHONE": "N ", "TEXTING": "N ", "MOTORCYCLE": "N ", "PICKUP": "N ", "TRUCK": "N ", "SCHOOL_BUS": "N ", "LIGHT_COND": "Daylight", "DAY_WEEK": "Sun     "}}, {"type": "Feature", "geometry": {"type": "Point", "coordinates": [-94.51757999999995, 37.09500000000003]}, "properties": {"ACCIDENT": "2190063619", "ACC_DATE": "2019-07-18", "ACC_TIME": "16:33:00", "COUNTY": "JASPER", "CITY": "JOPLIN", "ON_STREET": "CST BYERS AVE", "AT_STREET": "CST C ST", "INTER_LOC": "A ", "DIRECTION": "N ", "ACC_TYPE": "Pedestrian", "SEVERITY": "Personal Injury", "INJURED": 1, "KILLED": 0, "NO_VEHICLE": 1, "DR_DRINK": "N ", "DR_DRUG": "N ", "SPEED": "N ", "CELL_PHONE": "N ", "TEXTING": "N ", "MOTORCYCLE": "N ", "PICKUP": "N ", "TRUCK": "N ", "SCHOOL_BUS": "N ", "LIGHT_COND": "Daylight", "DAY_WEEK": "Thu     "}}, {"type": "Feature", "geometry": {"type": "Point", "coordinates": [-94.51345999999995, 37.084010000000035]}, "properties": {"ACCIDENT": "2190065541", "ACC_DATE": "2019-07-23", "ACC_TIME": "16:15:00", "COUNTY": "JASPER", "CITY": "JOPLIN", "ON_STREET": "CST MAIN ST", "AT_STREET": "MO 66", "INTER_LOC": "A ", "DIRECTION": "S ", "ACC_TYPE": "Pedestrian", "SEVERITY": "Personal Injury", "INJURED": 1, "KILLED": 0, "NO_VEHICLE": 1, "DR_DRINK": "N ", "DR_DRUG": "N ", "SPEED": "N ", "CELL_PHONE": "N ", "TEXTING": "N ", "MOTORCYCLE": "N ", "PICKUP": "N ", "TRUCK": "N ", "SCHOOL_BUS": "N ", "LIGHT_COND": "Daylight", "DAY_WEEK": "Tue     "}}, {"type": "Feature", "geometry": {"type": "Point", "coordinates": [-94.31074999999998, 37.18256000000008]}, "properties": {"ACCIDENT": "2190045819", "ACC_DATE": "2019-07-23", "ACC_TIME": "17:10:00", "COUNTY": "JASPER", "CITY": "CARTHAGE", "ON_STREET": "CST MAIN ST", "AT_STREET": "CST ELDORADO ST", "INTER_LOC": "B ", "DIRECTION": "S ", "ACC_TYPE": "Pedestrian", "SEVERITY": "Personal Injury", "INJURED": 1, "KILLED": 0, "NO_VEHICLE": 1, "DR_DRINK": "N ", "DR_DRUG": "N ", "SPEED": "N ", "CELL_PHONE": "N ", "TEXTING": "N ", "MOTORCYCLE": "N ", "PICKUP": "N ", "TRUCK": "N ", "SCHOOL_BUS": "N ", "LIGHT_COND": "Daylight", "DAY_WEEK": "Tue     "}}, {"type": "Feature", "geometry": {"type": "Point", "coordinates": [-94.32077999999996, 37.178800000000024]}, "properties": {"ACCIDENT": "2190044927", "ACC_DATE": "2019-07-23", "ACC_TIME": "21:39:00", "COUNTY": "JASPER", "CITY": "CARTHAGE", "ON_STREET": "MO 96", "AT_STREET": "CST BLANCHE ST", "INTER_LOC": "A ", "DIRECTION": "W ", "ACC_TYPE": "Pedalcycle", "SEVERITY": "Personal Injury", "INJURED": 1, "KILLED": 0, "NO_VEHICLE": 2, "DR_DRINK": "N ", "DR_DRUG": "N ", "SPEED": "N ", "CELL_PHONE": "N ", "TEXTING": "N ", "MOTORCYCLE": "N ", "PICKUP": "N ", "TRUCK": "N ", "SCHOOL_BUS": "N ", "LIGHT_COND": "Dark-Lighted", "DAY_WEEK": "Tue     "}}, {"type": "Feature", "geometry": {"type": "Point", "coordinates": [-94.51540999999997, 37.089710000000025]}, "properties": {"ACCIDENT": "2190063567", "ACC_DATE": "2019-07-31", "ACC_TIME": "18:35:00", "COUNTY": "JASPER", "CITY": "JOPLIN", "ON_STREET": "CST 2ND ST", "AT_STREET": "CST WALL AVE", "INTER_LOC": "AT", "DIRECTION": "W ", "ACC_TYPE": "Pedalcycle", "SEVERITY": "Personal Injury", "INJURED": 1, "KILLED": 0, "NO_VEHICLE": 2, "DR_DRINK": "N ", "DR_DRUG": "N ", "SPEED": "N ", "CELL_PHONE": "N ", "TEXTING": "N ", "MOTORCYCLE": "N ", "PICKUP": "Y ", "TRUCK": "Y ", "SCHOOL_BUS": "N ", "LIGHT_COND": "Daylight", "DAY_WEEK": "Wed     "}}, {"type": "Feature", "geometry": {"type": "Point", "coordinates": [-94.47694999999999, 37.09092000000004]}, "properties": {"ACCIDENT": "2190072594", "ACC_DATE": "2019-08-22", "ACC_TIME": "15:09:00", "COUNTY": "JASPER", "CITY": "JOPLIN", "ON_STREET": "CST RANGE LINE RD", "AT_STREET": "PVT MALL", "INTER_LOC": "AT", "DIRECTION": "N ", "ACC_TYPE": "Pedestrian", "SEVERITY": "Personal Injury", "INJURED": 1, "KILLED": 0, "NO_VEHICLE": 1, "DR_DRINK": "N ", "DR_DRUG": "N ", "SPEED": "N ", "CELL_PHONE": "N ", "TEXTING": "N ", "MOTORCYCLE": "N ", "PICKUP": "N ", "TRUCK": "N ", "SCHOOL_BUS": "N ", "LIGHT_COND": "Daylight", "DAY_WEEK": "Thu     "}}, {"type": "Feature", "geometry": {"type": "Point", "coordinates": [-94.49150999999995, 37.05664000000007]}, "properties": {"ACCIDENT": "2190074468", "ACC_DATE": "2019-08-27", "ACC_TIME": "19:59:00", "COUNTY": "JASPER", "CITY": "JOPLIN", "ON_STREET": "CST E 30TH ST", "AT_STREET": "CST DELAWARE AVE", "INTER_LOC": "A ", "DIRECTION": "E ", "ACC_TYPE": "Pedestrian", "SEVERITY": "Personal Injury", "INJURED": 1, "KILLED": 0, "NO_VEHICLE": 1, "DR_DRINK": "N ", "DR_DRUG": "N ", "SPEED": "N ", "CELL_PHONE": "N ", "TEXTING": "N ", "MOTORCYCLE": "N ", "PICKUP": "Y ", "TRUCK": "Y ", "SCHOOL_BUS": "N ", "LIGHT_COND": "Daylight", "DAY_WEEK": "Tue     "}}, {"type": "Feature", "geometry": {"type": "Point", "coordinates": [-94.52356999999995, 37.08432000000005]}, "properties": {"ACCIDENT": "2190087743", "ACC_DATE": "2019-09-20", "ACC_TIME": "20:05:00", "COUNTY": "JASPER", "CITY": "JOPLIN", "ON_STREET": "MO 66", "AT_STREET": "CST CHESTNUT AVE", "INTER_LOC": "A ", "DIRECTION": "E ", "ACC_TYPE": "Pedalcycle", "SEVERITY": "Personal Injury", "INJURED": 3, "KILLED": 0, "NO_VEHICLE": 2, "DR_DRINK": "N ", "DR_DRUG": "N ", "SPEED": "N ", "CELL_PHONE": "N ", "TEXTING": "N ", "MOTORCYCLE": "N ", "PICKUP": "N ", "TRUCK": "N ", "SCHOOL_BUS": "N ", "LIGHT_COND": "Dark-Unlighted", "DAY_WEEK": "Fri     "}}, {"type": "Feature", "geometry": {"type": "Point", "coordinates": [-94.30083999999994, 37.16193000000004]}, "properties": {"ACCIDENT": "2190064896", "ACC_DATE": "2019-09-25", "ACC_TIME": "15:25:00", "COUNTY": "JASPER", "CITY": "CARTHAGE", "ON_STREET": "CST S RIVER ST", "AT_STREET": "CST CENTENNIAL AVE", "INTER_LOC": "A ", "DIRECTION": "N ", "ACC_TYPE": "Pedalcycle", "SEVERITY": "Personal Injury", "INJURED": 1, "KILLED": 0, "NO_VEHICLE": 2, "DR_DRINK": "U ", "DR_DRUG": "U ", "SPEED": "U ", "CELL_PHONE": "N ", "TEXTING": "N ", "MOTORCYCLE": "N ", "PICKUP": "N ", "TRUCK": "N ", "SCHOOL_BUS": "N ", "LIGHT_COND": "Daylight", "DAY_WEEK": "Wed     "}}, {"type": "Feature", "geometry": {"type": "Point", "coordinates": [-94.47767999999996, 37.07407000000006]}, "properties": {"ACCIDENT": "2190086637", "ACC_DATE": "2019-09-27", "ACC_TIME": "19:36:00", "COUNTY": "JASPER", "CITY": "JOPLIN", "ON_STREET": "LP 49", "AT_STREET": "CST 15TH ST", "INTER_LOC": "AT", "DIRECTION": "N ", "ACC_TYPE": "Pedestrian", "SEVERITY": "Personal Injury", "INJURED": 1, "KILLED": 0, "NO_VEHICLE": 1, "DR_DRINK": "N ", "DR_DRUG": "N ", "SPEED": "N ", "CELL_PHONE": "N ", "TEXTING": "N ", "MOTORCYCLE": "N ", "PICKUP": "N ", "TRUCK": "N ", "SCHOOL_BUS": "N ", "LIGHT_COND": "Dark-Lighted", "DAY_WEEK": "Fri     "}}, {"type": "Feature", "geometry": {"type": "Point", "coordinates": [-94.50998999999996, 37.06442000000004]}, "properties": {"ACCIDENT": "2190091525", "ACC_DATE": "2019-10-12", "ACC_TIME": "18:00:00", "COUNTY": "JASPER", "CITY": "JOPLIN", "ON_STREET": "CST GRAND ST", "AT_STREET": "CST 24TH ST", "INTER_LOC": "AT", "DIRECTION": "N ", "ACC_TYPE": "Pedalcycle", "SEVERITY": "Personal Injury", "INJURED": 1, "KILLED": 0, "NO_VEHICLE": 2, "DR_DRINK": "N ", "DR_DRUG": "N ", "SPEED": "N ", "CELL_PHONE": "N ", "TEXTING": "N ", "MOTORCYCLE": "N ", "PICKUP": "N ", "TRUCK": "N ", "SCHOOL_BUS": "N ", "LIGHT_COND": "Daylight", "DAY_WEEK": "Sat     "}}, {"type": "Feature", "geometry": {"type": "Point", "coordinates": [-94.45880999999997, 37.09523000000007]}, "properties": {"ACCIDENT": "2190095710", "ACC_DATE": "2019-10-22", "ACC_TIME": "17:27:00", "COUNTY": "JASPER", "CITY": "JOPLIN", "ON_STREET": "CST DUQUESNE RD", "AT_STREET": "PVT VICTORY LN", "INTER_LOC": "A ", "DIRECTION": "S ", "ACC_TYPE": "Pedestrian", "SEVERITY": "Personal Injury", "INJURED": 1, "KILLED": 0, "NO_VEHICLE": 1, "DR_DRINK": "N ", "DR_DRUG": "N ", "SPEED": "N ", "CELL_PHONE": "N ", "TEXTING": "N ", "MOTORCYCLE": "N ", "PICKUP": "N ", "TRUCK": "N ", "SCHOOL_BUS": "N ", "LIGHT_COND": "Daylight", "DAY_WEEK": "Tue     "}}, {"type": "Feature", "geometry": {"type": "Point", "coordinates": [-94.13065999999998, 37.071600000000046]}, "properties": {"ACCIDENT": "2190078269", "ACC_DATE": "2019-10-31", "ACC_TIME": "07:20:00", "COUNTY": "JASPER", "CITY": "SARCOXIE", "ON_STREET": "CST HIGH ST", "AT_STREET": "CRD 40", "INTER_LOC": "A ", "DIRECTION": "E ", "ACC_TYPE": "Pedestrian", "SEVERITY": "Personal Injury", "INJURED": 1, "KILLED": 0, "NO_VEHICLE": 1, "DR_DRINK": "N ", "DR_DRUG": "N ", "SPEED": "N ", "CELL_PHONE": "N ", "TEXTING": "N ", "MOTORCYCLE": "N ", "PICKUP": "N ", "TRUCK": "N ", "SCHOOL_BUS": "N ", "LIGHT_COND": "Daylight", "DAY_WEEK": "Thu     "}}, {"type": "Feature", "geometry": {"type": "Point", "coordinates": [-94.47745999999995, 37.07853000000006]}, "properties": {"ACCIDENT": "2190096482", "ACC_DATE": "2019-11-14", "ACC_TIME": "19:41:00", "COUNTY": "JASPER", "CITY": "JOPLIN", "ON_STREET": "LP 49", "AT_STREET": "CST 12TH ST", "INTER_LOC": "A ", "DIRECTION": "N ", "ACC_TYPE": "Pedestrian", "SEVERITY": "Personal Injury", "INJURED": 1, "KILLED": 0, "NO_VEHICLE": 1, "DR_DRINK": "N ", "DR_DRUG": "N ", "SPEED": "N ", "CELL_PHONE": "N ", "TEXTING": "N ", "MOTORCYCLE": "N ", "PICKUP": "N ", "TRUCK": "N ", "SCHOOL_BUS": "N ", "LIGHT_COND": "Dark-Lighted", "DAY_WEEK": "Thu     "}}, {"type": "Feature", "geometry": {"type": "Point", "coordinates": [-94.52952999999997, 37.084520000000055]}, "properties": {"ACCIDENT": "2190096550", "ACC_DATE": "2019-11-19", "ACC_TIME": "19:45:00", "COUNTY": "JASPER", "CITY": "JOPLIN", "ON_STREET": "MO 66", "AT_STREET": "CST HARLEM AVE", "INTER_LOC": "B ", "DIRECTION": "W ", "ACC_TYPE": "Pedalcycle", "SEVERITY": "Property Damage", "INJURED": 0, "KILLED": 0, "NO_VEHICLE": 2, "DR_DRINK": "N ", "DR_DRUG": "N ", "SPEED": "N ", "CELL_PHONE": "N ", "TEXTING": "N ", "MOTORCYCLE": "N ", "PICKUP": "N ", "TRUCK": "N ", "SCHOOL_BUS": "N ", "LIGHT_COND": "Dark-Lighted", "DAY_WEEK": "Tue     "}}, {"type": "Feature", "geometry": {"type": "Point", "coordinates": [-94.31480999999997, 37.17751000000004]}, "properties": {"ACCIDENT": "2190094506", "ACC_DATE": "2019-11-29", "ACC_TIME": "15:06:00", "COUNTY": "JASPER", "CITY": "CARTHAGE", "ON_STREET": "CST OLIVE ST", "AT_STREET": "CST MCGREGOR ST", "INTER_LOC": "A ", "DIRECTION": "E ", "ACC_TYPE": "Pedalcycle", "SEVERITY": "Personal Injury", "INJURED": 1, "KILLED": 0, "NO_VEHICLE": 2, "DR_DRINK": "N ", "DR_DRUG": "N ", "SPEED": "N ", "CELL_PHONE": "N ", "TEXTING": "N ", "MOTORCYCLE": "N ", "PICKUP": "N ", "TRUCK": "N ", "SCHOOL_BUS": "N ", "LIGHT_COND": "Daylight", "DAY_WEEK": "Fri     "}}, {"type": "Feature", "geometry": {"type": "Point", "coordinates": [-94.51944999999995, 37.08056000000005]}, "properties": {"ACCIDENT": "2190096897", "ACC_DATE": "2019-12-09", "ACC_TIME": "08:25:00", "COUNTY": "JASPER", "CITY": "JOPLIN", "ON_STREET": "CST W 10TH ST", "AT_STREET": "CST MOFFET AVE", "INTER_LOC": "AT", "DIRECTION": "E ", "ACC_TYPE": "Pedalcycle", "SEVERITY": "Personal Injury", "INJURED": 1, "KILLED": 0, "NO_VEHICLE": 2, "DR_DRINK": "N ", "DR_DRUG": "N ", "SPEED": "N ", "CELL_PHONE": "N ", "TEXTING": "N ", "MOTORCYCLE": "N ", "PICKUP": "Y ", "TRUCK": "Y ", "SCHOOL_BUS": "N ", "LIGHT_COND": "Daylight", "DAY_WEEK": "Mon     "}}, {"type": "Feature", "geometry": {"type": "Point", "coordinates": [-94.50596999999999, 37.09223000000003]}, "properties": {"ACCIDENT": "2190097222", "ACC_DATE": "2019-12-13", "ACC_TIME": "15:41:00", "COUNTY": "JASPER", "CITY": "JOPLIN", "ON_STREET": "CST MINERAL AVE", "AT_STREET": "CST BROADWAY ST", "INTER_LOC": "B ", "DIRECTION": "S ", "ACC_TYPE": "Pedalcycle", "SEVERITY": "Personal Injury", "INJURED": 1, "KILLED": 0, "NO_VEHICLE": 2, "DR_DRINK": "N ", "DR_DRUG": "N ", "SPEED": "N ", "CELL_PHONE": "N ", "TEXTING": "N ", "MOTORCYCLE": "N ", "PICKUP": "N ", "TRUCK": "N ", "SCHOOL_BUS": "N ", "LIGHT_COND": "Daylight", "DAY_WEEK": "Fri     "}}, {"type": "Feature", "geometry": {"type": "Point", "coordinates": [-94.51417999999995, 37.06949000000003]}, "properties": {"ACCIDENT": "2190097221", "ACC_DATE": "2019-12-20", "ACC_TIME": "19:00:00", "COUNTY": "JASPER", "CITY": "JOPLIN", "ON_STREET": "CST W 20TH ST", "AT_STREET": "MO 43", "INTER_LOC": "A ", "DIRECTION": "W ", "ACC_TYPE": "Pedestrian", "SEVERITY": "Personal Injury", "INJURED": 1, "KILLED": 0, "NO_VEHICLE": 1, "DR_DRINK": "N ", "DR_DRUG": "N ", "SPEED": "N ", "CELL_PHONE": "N ", "TEXTING": "N ", "MOTORCYCLE": "N ", "PICKUP": "Y ", "TRUCK": "Y ", "SCHOOL_BUS": "N ", "LIGHT_COND": "Dark-Lighted", "DAY_WEEK": "Fri     "}}, {"type": "Feature", "geometry": {"type": "Point", "coordinates": [-94.49444999999997, 37.06896000000006]}, "properties": {"ACCIDENT": "2200019968", "ACC_DATE": "2020-01-10", "ACC_TIME": "18:21:00", "COUNTY": "JASPER", "CITY": "JOPLIN", "ON_STREET": "CST CONNECTICUT AVE", "AT_STREET": "CST E 20TH ST", "INTER_LOC": "A ", "DIRECTION": "S ", "ACC_TYPE": "Pedestrian", "SEVERITY": "Personal Injury", "INJURED": 1, "KILLED": 0, "NO_VEHICLE": 1, "DR_DRINK": "N ", "DR_DRUG": "N ", "SPEED": "N ", "CELL_PHONE": "N ", "TEXTING": "N ", "MOTORCYCLE": "N ", "PICKUP": "N ", "TRUCK": "N ", "SCHOOL_BUS": "N ", "LIGHT_COND": "Dark-Lighted", "DAY_WEEK": "Fri     "}}, {"type": "Feature", "geometry": {"type": "Point", "coordinates": [-94.31591999999995, 37.15476000000007]}, "properties": {"ACCIDENT": "2200005662", "ACC_DATE": "2020-01-10", "ACC_TIME": "11:53:00", "COUNTY": "JASPER", "CITY": "CARTHAGE", "ON_STREET": "CST FAIRVIEW AVE", "AT_STREET": "CST MISSOURI AVE", "INTER_LOC": "B ", "DIRECTION": "W ", "ACC_TYPE": "Pedestrian", "SEVERITY": "Personal Injury", "INJURED": 1, "KILLED": 0, "NO_VEHICLE": 1, "DR_DRINK": "U ", "DR_DRUG": "U ", "SPEED": "U ", "CELL_PHONE": "N ", "TEXTING": "N ", "MOTORCYCLE": "N ", "PICKUP": "Y ", "TRUCK": "Y ", "SCHOOL_BUS": "N ", "LIGHT_COND": "Daylight", "DAY_WEEK": "Fri     "}}, {"type": "Feature", "geometry": {"type": "Point", "coordinates": [-94.47668999999996, 37.09817000000004]}, "properties": {"ACCIDENT": "2200019304", "ACC_DATE": "2020-01-17", "ACC_TIME": "18:05:00", "COUNTY": "JASPER", "CITY": "JOPLIN", "ON_STREET": "RT TT", "AT_STREET": "LP 49", "INTER_LOC": "AT", "DIRECTION": "E ", "ACC_TYPE": "Pedestrian", "SEVERITY": "Personal Injury", "INJURED": 1, "KILLED": 0, "NO_VEHICLE": 1, "DR_DRINK": "N ", "DR_DRUG": "N ", "SPEED": "N ", "CELL_PHONE": "N ", "TEXTING": "N ", "MOTORCYCLE": "N ", "PICKUP": "N ", "TRUCK": "N ", "SCHOOL_BUS": "N ", "LIGHT_COND": "Dark-Lighted", "DAY_WEEK": "Fri     "}}, {"type": "Feature", "geometry": {"type": "Point", "coordinates": [-94.51016999999996, 37.08399000000003]}, "properties": {"ACCIDENT": "2200019067", "ACC_DATE": "2020-01-24", "ACC_TIME": "18:26:00", "COUNTY": "JASPER", "CITY": "JOPLIN", "ON_STREET": "MO 66", "AT_STREET": "CST KENTUCKY AVE", "INTER_LOC": "A ", "DIRECTION": "E ", "ACC_TYPE": "Pedestrian", "SEVERITY": "Property Damage", "INJURED": 0, "KILLED": 0, "NO_VEHICLE": 1, "DR_DRINK": "N ", "DR_DRUG": "N ", "SPEED": "N ", "CELL_PHONE": "N ", "TEXTING": "N ", "MOTORCYCLE": "N ", "PICKUP": "N ", "TRUCK": "N ", "SCHOOL_BUS": "N ", "LIGHT_COND": "Dark-Unlighted", "DAY_WEEK": "Fri     "}}, {"type": "Feature", "geometry": {"type": "Point", "coordinates": [-94.47814999999997, 37.06153000000006]}, "properties": {"ACCIDENT": "0200010254", "ACC_DATE": "2020-01-30", "ACC_TIME": "15:20:00", "COUNTY": "JASPER", "CITY": "JOPLIN", "ON_STREET": "PP PARKLING LOT AT 2600 S RANGELINE RD", "AT_STREET": "WEST OF CST RANGE LINE RD", "INTER_LOC": "NA", "DIRECTION": "NA", "ACC_TYPE": "Pedestrian", "SEVERITY": "Personal Injury", "INJURED": 1, "KILLED": 0, "NO_VEHICLE": 1, "DR_DRINK": "U ", "DR_DRUG": "U ", "SPEED": "U ", "CELL_PHONE": "N ", "TEXTING": "N ", "MOTORCYCLE": "N ", "PICKUP": "N ", "TRUCK": "N ", "SCHOOL_BUS": "N ", "LIGHT_COND": "Daylight", "DAY_WEEK": "Thu     "}}, {"type": "Feature", "geometry": {"type": "Point", "coordinates": [-94.30139999999994, 37.14401000000004]}, "properties": {"ACCIDENT": "2200012245", "ACC_DATE": "2020-02-15", "ACC_TIME": "15:23:00", "COUNTY": "JASPER", "CITY": "CARTHAGE", "ON_STREET": "CST S RIVER ST", "AT_STREET": "CST GEORGE PHELPS BLVD", "INTER_LOC": "B ", "DIRECTION": "S ", "ACC_TYPE": "Pedestrian", "SEVERITY": "Personal Injury", "INJURED": 1, "KILLED": 0, "NO_VEHICLE": 1, "DR_DRINK": "N ", "DR_DRUG": "N ", "SPEED": "N ", "CELL_PHONE": "N ", "TEXTING": "N ", "MOTORCYCLE": "N ", "PICKUP": "N ", "TRUCK": "N ", "SCHOOL_BUS": "N ", "LIGHT_COND": "Daylight", "DAY_WEEK": "Sat     "}}, {"type": "Feature", "geometry": {"type": "Point", "coordinates": [-94.31005999999996, 37.15474000000006]}, "properties": {"ACCIDENT": "2200024968", "ACC_DATE": "2020-03-12", "ACC_TIME": "13:25:00", "COUNTY": "JASPER", "CITY": "CARTHAGE", "ON_STREET": "CST FAIRVIEW AVE", "AT_STREET": "CST GRAND AVE", "INTER_LOC": "B ", "DIRECTION": "E ", "ACC_TYPE": "Pedestrian", "SEVERITY": "Personal Injury", "INJURED": 1, "KILLED": 0, "NO_VEHICLE": 1, "DR_DRINK": "U ", "DR_DRUG": "U ", "SPEED": "U ", "CELL_PHONE": "N ", "TEXTING": "N ", "MOTORCYCLE": "N ", "PICKUP": "N ", "TRUCK": "N ", "SCHOOL_BUS": "N ", "LIGHT_COND": "Daylight", "DAY_WEEK": "Thu     "}}, {"type": "Feature", "geometry": {"type": "Point", "coordinates": [-94.52511999999996, 37.08438000000007]}, "properties": {"ACCIDENT": "2200022925", "ACC_DATE": "2020-03-13", "ACC_TIME": "20:42:00", "COUNTY": "JASPER", "CITY": "JOPLIN", "ON_STREET": "MO 66", "AT_STREET": "CST MURPHY AVE", "INTER_LOC": "B ", "DIRECTION": "E ", "ACC_TYPE": "Pedalcycle", "SEVERITY": "Property Damage", "INJURED": 0, "KILLED": 0, "NO_VEHICLE": 2, "DR_DRINK": "N ", "DR_DRUG": "N ", "SPEED": "N ", "CELL_PHONE": "N ", "TEXTING": "N ", "MOTORCYCLE": "N ", "PICKUP": "N ", "TRUCK": "N ", "SCHOOL_BUS": "N ", "LIGHT_COND": "Dark-Lighted", "DAY_WEEK": "Fri     "}}, {"type": "Feature", "geometry": {"type": "Point", "coordinates": [-94.48598999999996, 37.088550000000055]}, "properties": {"ACCIDENT": "2200025485", "ACC_DATE": "2020-03-31", "ACC_TIME": "15:21:00", "COUNTY": "JASPER", "CITY": "JOPLIN", "ON_STREET": "CST FLORIDA AVE", "AT_STREET": "CST 3RD ST", "INTER_LOC": "AT", "DIRECTION": "S ", "ACC_TYPE": "Pedalcycle", "SEVERITY": "Personal Injury", "INJURED": 1, "KILLED": 0, "NO_VEHICLE": 2, "DR_DRINK": "N ", "DR_DRUG": "N ", "SPEED": "N ", "CELL_PHONE": "N ", "TEXTING": "N ", "MOTORCYCLE": "N ", "PICKUP": "N ", "TRUCK": "N ", "SCHOOL_BUS": "N ", "LIGHT_COND": "Daylight", "DAY_WEEK": "Tue     "}}, {"type": "Feature", "geometry": {"type": "Point", "coordinates": [-94.50800999999996, 37.06218000000007]}, "properties": {"ACCIDENT": "2200036437", "ACC_DATE": "2020-05-19", "ACC_TIME": "19:05:00", "COUNTY": "JASPER", "CITY": "JOPLIN", "ON_STREET": "CST 26TH ST", "AT_STREET": "CST IOWA AVE", "INTER_LOC": "AT", "DIRECTION": "W ", "ACC_TYPE": "Pedalcycle", "SEVERITY": "Property Damage", "INJURED": 0, "KILLED": 0, "NO_VEHICLE": 2, "DR_DRINK": "N ", "DR_DRUG": "N ", "SPEED": "N ", "CELL_PHONE": "N ", "TEXTING": "N ", "MOTORCYCLE": "N ", "PICKUP": "N ", "TRUCK": "N ", "SCHOOL_BUS": "N ", "LIGHT_COND": "Daylight", "DAY_WEEK": "Tue     "}}, {"type": "Feature", "geometry": {"type": "Point", "coordinates": [-94.47891999999996, 37.055060000000026]}, "properties": {"ACCIDENT": "2200041067", "ACC_DATE": "2020-06-09", "ACC_TIME": "11:30:00", "COUNTY": "JASPER", "CITY": "JOPLIN", "ON_STREET": "RT FF", "AT_STREET": "LP 49", "INTER_LOC": "A ", "DIRECTION": "W ", "ACC_TYPE": "Pedalcycle", "SEVERITY": "Personal Injury", "INJURED": 1, "KILLED": 0, "NO_VEHICLE": 2, "DR_DRINK": "U ", "DR_DRUG": "U ", "SPEED": "U ", "CELL_PHONE": "N ", "TEXTING": "N ", "MOTORCYCLE": "U ", "PICKUP": "U ", "TRUCK": "U ", "SCHOOL_BUS": "U ", "LIGHT_COND": "Daylight", "DAY_WEEK": "Tue     "}}, {"type": "Feature", "geometry": {"type": "Point", "coordinates": [-94.46995999999996, 37.140960000000064]}, "properties": {"ACCIDENT": "2200040081", "ACC_DATE": "2020-06-09", "ACC_TIME": "10:33:00", "COUNTY": "JASPER", "CITY": "WEBB CITY", "ON_STREET": "MO 171", "AT_STREET": "CST ORONOGO ST", "INTER_LOC": "AT", "DIRECTION": "S ", "ACC_TYPE": "Pedalcycle", "SEVERITY": "Personal Injury", "INJURED": 1, "KILLED": 0, "NO_VEHICLE": 2, "DR_DRINK": "N ", "DR_DRUG": "N ", "SPEED": "N ", "CELL_PHONE": "N ", "TEXTING": "N ", "MOTORCYCLE": "N ", "PICKUP": "N ", "TRUCK": "N ", "SCHOOL_BUS": "N ", "LIGHT_COND": "Daylight", "DAY_WEEK": "Tue     "}}, {"type": "Feature", "geometry": {"type": "Point", "coordinates": [-94.51323999999994, 37.08967000000007]}, "properties": {"ACCIDENT": "2200040649", "ACC_DATE": "2020-06-10", "ACC_TIME": "11:43:00", "COUNTY": "JASPER", "CITY": "JOPLIN", "ON_STREET": "MO 43", "AT_STREET": "CST 2ND ST", "INTER_LOC": "A ", "DIRECTION": "N ", "ACC_TYPE": "Pedestrian", "SEVERITY": "Property Damage", "INJURED": 0, "KILLED": 0, "NO_VEHICLE": 1, "DR_DRINK": "N ", "DR_DRUG": "N ", "SPEED": "N ", "CELL_PHONE": "N ", "TEXTING": "N ", "MOTORCYCLE": "N ", "PICKUP": "Y ", "TRUCK": "Y ", "SCHOOL_BUS": "N ", "LIGHT_COND": "Daylight", "DAY_WEEK": "Wed     "}}, {"type": "Feature", "geometry": {"type": "Point", "coordinates": [-94.53721999999999, 37.062640000000044]}, "properties": {"ACCIDENT": "2200043894", "ACC_DATE": "2020-06-24", "ACC_TIME": "17:45:00", "COUNTY": "JASPER", "CITY": "JOPLIN", "ON_STREET": "CST 26TH ST", "AT_STREET": "CST ADELE AVE", "INTER_LOC": "A ", "DIRECTION": "E ", "ACC_TYPE": "Pedestrian", "SEVERITY": "Personal Injury", "INJURED": 1, "KILLED": 0, "NO_VEHICLE": 1, "DR_DRINK": "N ", "DR_DRUG": "N ", "SPEED": "N ", "CELL_PHONE": "N ", "TEXTING": "N ", "MOTORCYCLE": "N ", "PICKUP": "Y ", "TRUCK": "Y ", "SCHOOL_BUS": "N ", "LIGHT_COND": "Daylight", "DAY_WEEK": "Wed     "}}, {"type": "Feature", "geometry": {"type": "Point", "coordinates": [-94.24395999999996, 37.15447000000006]}, "properties": {"ACCIDENT": "3200016172", "ACC_DATE": "2020-07-07", "ACC_TIME": "15:20:00", "COUNTY": "JASPER", "CITY": "NON-CITY OR UNINCORPORATED", "ON_STREET": "RT E", "AT_STREET": "CRD 105", "INTER_LOC": "B ", "DIRECTION": "W ", "ACC_TYPE": "Pedestrian", "SEVERITY": "Personal Injury", "INJURED": 1, "KILLED": 0, "NO_VEHICLE": 2, "DR_DRINK": "N ", "DR_DRUG": "N ", "SPEED": "N ", "CELL_PHONE": "N ", "TEXTING": "N ", "MOTORCYCLE": "N ", "PICKUP": "N ", "TRUCK": "Y ", "SCHOOL_BUS": "N ", "LIGHT_COND": "Daylight", "DAY_WEEK": "Tue     "}}, {"type": "Feature", "geometry": {"type": "Point", "coordinates": [-94.56402999999995, 37.210500000000025]}, "properties": {"ACCIDENT": "3200017138", "ACC_DATE": "2020-07-08", "ACC_TIME": "03:45:00", "COUNTY": "JASPER", "CITY": "NON-CITY OR UNINCORPORATED", "ON_STREET": "MO 171", "AT_STREET": "BRIDGE H0011", "INTER_LOC": "A ", "DIRECTION": "S ", "ACC_TYPE": "Pedestrian", "SEVERITY": "Fatal", "INJURED": 0, "KILLED": 1, "NO_VEHICLE": 1, "DR_DRINK": "U ", "DR_DRUG": "U ", "SPEED": "U ", "CELL_PHONE": "N ", "TEXTING": "N ", "MOTORCYCLE": "N ", "PICKUP": "N ", "TRUCK": "N ", "SCHOOL_BUS": "N ", "LIGHT_COND": "Dark-Unlighted", "DAY_WEEK": "Wed     "}}, {"type": "Feature", "geometry": {"type": "Point", "coordinates": [-94.51972999999998, 37.09722000000005]}, "properties": {"ACCIDENT": "2200052168", "ACC_DATE": "2020-07-13", "ACC_TIME": "19:47:00", "COUNTY": "JASPER", "CITY": "JOPLIN", "ON_STREET": "CST E ST", "AT_STREET": "CST SERGEANT AVE", "INTER_LOC": "AT", "DIRECTION": "W ", "ACC_TYPE": "Pedalcycle", "SEVERITY": "Property Damage", "INJURED": 0, "KILLED": 0, "NO_VEHICLE": 2, "DR_DRINK": "N ", "DR_DRUG": "N ", "SPEED": "N ", "CELL_PHONE": "N ", "TEXTING": "N ", "MOTORCYCLE": "N ", "PICKUP": "Y ", "TRUCK": "Y ", "SCHOOL_BUS": "N ", "LIGHT_COND": "Daylight", "DAY_WEEK": "Mon     "}}, {"type": "Feature", "geometry": {"type": "Point", "coordinates": [-94.32000999999997, 37.17873000000003]}, "properties": {"ACCIDENT": "2200050486", "ACC_DATE": "2020-07-14", "ACC_TIME": "09:25:00", "COUNTY": "JASPER", "CITY": "CARTHAGE", "ON_STREET": "MO 96", "AT_STREET": "CST BLANCHE ST", "INTER_LOC": "A ", "DIRECTION": "E ", "ACC_TYPE": "Pedestrian", "SEVERITY": "Personal Injury", "INJURED": 1, "KILLED": 0, "NO_VEHICLE": 1, "DR_DRINK": "N ", "DR_DRUG": "N ", "SPEED": "N ", "CELL_PHONE": "N ", "TEXTING": "N ", "MOTORCYCLE": "N ", "PICKUP": "N ", "TRUCK": "N ", "SCHOOL_BUS": "N ", "LIGHT_COND": "Daylight", "DAY_WEEK": "Tue     "}}, {"type": "Feature", "geometry": {"type": "Point", "coordinates": [-94.55638999999996, 37.30424000000005]}, "properties": {"ACCIDENT": "3200019109", "ACC_DATE": "2020-08-03", "ACC_TIME": "06:31:00", "COUNTY": "JASPER", "CITY": "NON-CITY OR UNINCORPORATED", "ON_STREET": "RT M", "AT_STREET": "CRD 280", "INTER_LOC": "B ", "DIRECTION": "W ", "ACC_TYPE": "Pedestrian", "SEVERITY": "Personal Injury", "INJURED": 1, "KILLED": 0, "NO_VEHICLE": 1, "DR_DRINK": "N ", "DR_DRUG": "N ", "SPEED": "N ", "CELL_PHONE": "N ", "TEXTING": "N ", "MOTORCYCLE": "N ", "PICKUP": "N ", "TRUCK": "N ", "SCHOOL_BUS": "N ", "LIGHT_COND": "Daylight", "DAY_WEEK": "Mon     "}}, {"type": "Feature", "geometry": {"type": "Point", "coordinates": [-94.31572999999997, 37.175050000000056]}, "properties": {"ACCIDENT": "2200057663", "ACC_DATE": "2020-08-07", "ACC_TIME": "18:24:00", "COUNTY": "JASPER", "CITY": "CARTHAGE", "ON_STREET": "CST MCGREGOR ST", "AT_STREET": "CST WALNUT ST", "INTER_LOC": "AT", "DIRECTION": "S ", "ACC_TYPE": "Pedestrian", "SEVERITY": "Personal Injury", "INJURED": 1, "KILLED": 0, "NO_VEHICLE": 1, "DR_DRINK": "N ", "DR_DRUG": "N ", "SPEED": "N ", "CELL_PHONE": "N ", "TEXTING": "N ", "MOTORCYCLE": "N ", "PICKUP": "N ", "TRUCK": "N ", "SCHOOL_BUS": "N ", "LIGHT_COND": "Daylight", "DAY_WEEK": "Fri     "}}, {"type": "Feature", "geometry": {"type": "Point", "coordinates": [-94.49482999999998, 37.09001000000006]}, "properties": {"ACCIDENT": "2200067592", "ACC_DATE": "2020-09-06", "ACC_TIME": "21:02:00", "COUNTY": "JASPER", "CITY": "JOPLIN", "ON_STREET": "CST ST LOUIS ST", "AT_STREET": "CST 2ND ST", "INTER_LOC": "B ", "DIRECTION": "S ", "ACC_TYPE": "Pedestrian", "SEVERITY": "Personal Injury", "INJURED": 1, "KILLED": 0, "NO_VEHICLE": 1, "DR_DRINK": "N ", "DR_DRUG": "N ", "SPEED": "N ", "CELL_PHONE": "N ", "TEXTING": "N ", "MOTORCYCLE": "N ", "PICKUP": "N ", "TRUCK": "N ", "SCHOOL_BUS": "N ", "LIGHT_COND": "Dark-Unlighted", "DAY_WEEK": "Sun     "}}, {"type": "Feature", "geometry": {"type": "Point", "coordinates": [-94.51323999999994, 37.089500000000044]}, "properties": {"ACCIDENT": "2200068312", "ACC_DATE": "2020-09-07", "ACC_TIME": "20:01:00", "COUNTY": "JASPER", "CITY": "JOPLIN", "ON_STREET": "MO 43", "AT_STREET": "CST 2ND ST", "INTER_LOC": "A ", "DIRECTION": "S ", "ACC_TYPE": "Pedestrian", "SEVERITY": "Fatal", "INJURED": 0, "KILLED": 1, "NO_VEHICLE": 1, "DR_DRINK": "N ", "DR_DRUG": "N ", "SPEED": "N ", "CELL_PHONE": "N ", "TEXTING": "N ", "MOTORCYCLE": "N ", "PICKUP": "N ", "TRUCK": "N ", "SCHOOL_BUS": "N ", "LIGHT_COND": "Dark-Lighted", "DAY_WEEK": "Mon     "}}, {"type": "Feature", "geometry": {"type": "Point", "coordinates": [-94.51637999999997, 37.07316000000003]}, "properties": {"ACCIDENT": "2200071981", "ACC_DATE": "2020-09-14", "ACC_TIME": "16:42:00", "COUNTY": "JASPER", "CITY": "JOPLIN", "ON_STREET": "CST 17TH ST", "AT_STREET": "CST WALL AVE", "INTER_LOC": "B ", "DIRECTION": "E ", "ACC_TYPE": "Pedestrian", "SEVERITY": "Property Damage", "INJURED": 0, "KILLED": 0, "NO_VEHICLE": 1, "DR_DRINK": "N ", "DR_DRUG": "N ", "SPEED": "N ", "CELL_PHONE": "N ", "TEXTING": "N ", "MOTORCYCLE": "N ", "PICKUP": "Y ", "TRUCK": "Y ", "SCHOOL_BUS": "N ", "LIGHT_COND": "Daylight", "DAY_WEEK": "Mon     "}}, {"type": "Feature", "geometry": {"type": "Point", "coordinates": [-94.46030999999994, 37.098020000000076]}, "properties": {"ACCIDENT": "2200069859", "ACC_DATE": "2020-09-15", "ACC_TIME": "07:05:00", "COUNTY": "JASPER", "CITY": "JOPLIN", "ON_STREET": "PVT INTERNATIONAL/MSSU PED", "AT_STREET": "RT TT", "INTER_LOC": "AT", "DIRECTION": "N ", "ACC_TYPE": "Pedalcycle", "SEVERITY": "Personal Injury", "INJURED": 1, "KILLED": 0, "NO_VEHICLE": 2, "DR_DRINK": "N ", "DR_DRUG": "N ", "SPEED": "N ", "CELL_PHONE": "N ", "TEXTING": "N ", "MOTORCYCLE": "N ", "PICKUP": "N ", "TRUCK": "N ", "SCHOOL_BUS": "N ", "LIGHT_COND": "Daylight", "DAY_WEEK": "Tue     "}}, {"type": "Feature", "geometry": {"type": "Point", "coordinates": [-94.47254999999996, 37.141020000000026]}, "properties": {"ACCIDENT": "2200070009", "ACC_DATE": "2020-09-22", "ACC_TIME": "22:13:00", "COUNTY": "JASPER", "CITY": "WEBB CITY", "ON_STREET": "MO 171", "AT_STREET": "CST JEFFERSON ST", "INTER_LOC": "A ", "DIRECTION": "S ", "ACC_TYPE": "Pedestrian", "SEVERITY": "Personal Injury", "INJURED": 1, "KILLED": 0, "NO_VEHICLE": 1, "DR_DRINK": "N ", "DR_DRUG": "N ", "SPEED": "N ", "CELL_PHONE": "N ", "TEXTING": "N ", "MOTORCYCLE": "N ", "PICKUP": "N ", "TRUCK": "N ", "SCHOOL_BUS": "N ", "LIGHT_COND": "Dark-Unlighted", "DAY_WEEK": "Tue     "}}, {"type": "Feature", "geometry": {"type": "Point", "coordinates": [-94.48601999999994, 37.08745000000005]}, "properties": {"ACCIDENT": "2200072640", "ACC_DATE": "2020-10-01", "ACC_TIME": "20:45:00", "COUNTY": "JASPER", "CITY": "JOPLIN", "ON_STREET": "CST 4TH ST", "AT_STREET": "CST FLORIDA AVE", "INTER_LOC": "AT", "DIRECTION": "E ", "ACC_TYPE": "Pedestrian", "SEVERITY": "Personal Injury", "INJURED": 1, "KILLED": 0, "NO_VEHICLE": 1, "DR_DRINK": "U ", "DR_DRUG": "U ", "SPEED": "U ", "CELL_PHONE": "N ", "TEXTING": "N ", "MOTORCYCLE": "N ", "PICKUP": "N ", "TRUCK": "N ", "SCHOOL_BUS": "N ", "LIGHT_COND": "Dark-Unlighted", "DAY_WEEK": "Thu     "}}, {"type": "Feature", "geometry": {"type": "Point", "coordinates": [-94.50464999999997, 37.06934000000007]}, "properties": {"ACCIDENT": "2200074449", "ACC_DATE": "2020-10-06", "ACC_TIME": "12:24:00", "COUNTY": "JASPER", "CITY": "JOPLIN", "ON_STREET": "CST E 20TH ST", "AT_STREET": "CST INDIANA AVE", "INTER_LOC": "B ", "DIRECTION": "E ", "ACC_TYPE": "Pedalcycle", "SEVERITY": "Property Damage", "INJURED": 0, "KILLED": 0, "NO_VEHICLE": 2, "DR_DRINK": "U ", "DR_DRUG": "U ", "SPEED": "U ", "CELL_PHONE": "N ", "TEXTING": "N ", "MOTORCYCLE": "N ", "PICKUP": "N ", "TRUCK": "N ", "SCHOOL_BUS": "N ", "LIGHT_COND": "Daylight", "DAY_WEEK": "Tue     "}}, {"type": "Feature", "geometry": {"type": "Point", "coordinates": [-94.51960999999994, 37.087860000000035]}, "properties": {"ACCIDENT": "2200078566", "ACC_DATE": "2020-10-16", "ACC_TIME": "20:39:00", "COUNTY": "JASPER", "CITY": "JOPLIN", "ON_STREET": "CST 4TH ST", "AT_STREET": "CST SERGEANT AVE", "INTER_LOC": "A ", "DIRECTION": "E ", "ACC_TYPE": "Pedestrian", "SEVERITY": "Property Damage", "INJURED": 0, "KILLED": 0, "NO_VEHICLE": 1, "DR_DRINK": "N ", "DR_DRUG": "N ", "SPEED": "Y ", "CELL_PHONE": "N ", "TEXTING": "N ", "MOTORCYCLE": "N ", "PICKUP": "N ", "TRUCK": "N ", "SCHOOL_BUS": "N ", "LIGHT_COND": "Dark-Lighted", "DAY_WEEK": "Fri     "}}, {"type": "Feature", "geometry": {"type": "Point", "coordinates": [-94.31820999999997, 37.17871000000008]}, "properties": {"ACCIDENT": "2200079526", "ACC_DATE": "2020-10-20", "ACC_TIME": "23:45:00", "COUNTY": "JASPER", "CITY": "CARTHAGE", "ON_STREET": "MO 96", "AT_STREET": "CST BLANCHE ST", "INTER_LOC": "A ", "DIRECTION": "E ", "ACC_TYPE": "Pedestrian", "SEVERITY": "Personal Injury", "INJURED": 1, "KILLED": 0, "NO_VEHICLE": 1, "DR_DRINK": "N ", "DR_DRUG": "N ", "SPEED": "N ", "CELL_PHONE": "N ", "TEXTING": "N ", "MOTORCYCLE": "N ", "PICKUP": "N ", "TRUCK": "N ", "SCHOOL_BUS": "N ", "LIGHT_COND": "Dark-Unlighted", "DAY_WEEK": "Tue     "}}, {"type": "Feature", "geometry": {"type": "Point", "coordinates": [-94.45880999999997, 37.09523000000007]}, "properties": {"ACCIDENT": "2200088012", "ACC_DATE": "2020-10-23", "ACC_TIME": "14:20:00", "COUNTY": "JASPER", "CITY": "JOPLIN", "ON_STREET": "CST DUQUESNE RD", "AT_STREET": "PVT VICTORY LN", "INTER_LOC": "A ", "DIRECTION": "S ", "ACC_TYPE": "Pedestrian", "SEVERITY": "Personal Injury", "INJURED": 1, "KILLED": 0, "NO_VEHICLE": 1, "DR_DRINK": "N ", "DR_DRUG": "N ", "SPEED": "N ", "CELL_PHONE": "N ", "TEXTING": "N ", "MOTORCYCLE": "N ", "PICKUP": "Y ", "TRUCK": "Y ", "SCHOOL_BUS": "N ", "LIGHT_COND": "Daylight", "DAY_WEEK": "Fri     "}}, {"type": "Feature", "geometry": {"type": "Point", "coordinates": [-94.46843999999999, 37.150810000000035]}, "properties": {"ACCIDENT": "2200081239", "ACC_DATE": "2020-10-26", "ACC_TIME": "07:35:00", "COUNTY": "JASPER", "CITY": "WEBB CITY", "ON_STREET": "CST ROANE ST", "AT_STREET": "CST ARCH ST", "INTER_LOC": "AT", "DIRECTION": "N ", "ACC_TYPE": "Pedalcycle", "SEVERITY": "Personal Injury", "INJURED": 1, "KILLED": 0, "NO_VEHICLE": 2, "DR_DRINK": "N ", "DR_DRUG": "N ", "SPEED": "N ", "CELL_PHONE": "N ", "TEXTING": "N ", "MOTORCYCLE": "N ", "PICKUP": "Y ", "TRUCK": "Y ", "SCHOOL_BUS": "N ", "LIGHT_COND": "Daylight", "DAY_WEEK": "Mon     "}}, {"type": "Feature", "geometry": {"type": "Point", "coordinates": [-94.51342999999997, 37.085480000000075]}, "properties": {"ACCIDENT": "2200087037", "ACC_DATE": "2020-11-08", "ACC_TIME": "15:07:00", "COUNTY": "JASPER", "CITY": "JOPLIN", "ON_STREET": "MO 43", "AT_STREET": "CST 6TH ST", "INTER_LOC": "AT", "DIRECTION": "S ", "ACC_TYPE": "Pedalcycle", "SEVERITY": "Personal Injury", "INJURED": 1, "KILLED": 0, "NO_VEHICLE": 2, "DR_DRINK": "N ", "DR_DRUG": "N ", "SPEED": "N ", "CELL_PHONE": "N ", "TEXTING": "N ", "MOTORCYCLE": "N ", "PICKUP": "Y ", "TRUCK": "Y ", "SCHOOL_BUS": "N ", "LIGHT_COND": "Daylight", "DAY_WEEK": "Sun     "}}, {"type": "Feature", "geometry": {"type": "Point", "coordinates": [-94.47785999999996, 37.06908000000004]}, "properties": {"ACCIDENT": "2200093303", "ACC_DATE": "2020-12-01", "ACC_TIME": "18:49:00", "COUNTY": "JASPER", "CITY": "JOPLIN", "ON_STREET": "CST RANGE LINE RD", "AT_STREET": "CST E 20TH ST", "INTER_LOC": "A ", "DIRECTION": "S ", "ACC_TYPE": "Pedestrian", "SEVERITY": "Personal Injury", "INJURED": 1, "KILLED": 0, "NO_VEHICLE": 2, "DR_DRINK": "N ", "DR_DRUG": "N ", "SPEED": "N ", "CELL_PHONE": "N ", "TEXTING": "N ", "MOTORCYCLE": "N ", "PICKUP": "Y ", "TRUCK": "Y ", "SCHOOL_BUS": "N ", "LIGHT_COND": "Dark-Lighted", "DAY_WEEK": "Tue     "}}, {"type": "Feature", "geometry": {"type": "Point", "coordinates": [-94.55248999999998, 37.17652000000004]}, "properties": {"ACCIDENT": "2200097645", "ACC_DATE": "2020-12-01", "ACC_TIME": "18:16:00", "COUNTY": "JASPER", "CITY": "CARL JUNCTION", "ON_STREET": "RT Z", "AT_STREET": "CST ASHMORE DR", "INTER_LOC": "AT", "DIRECTION": "W ", "ACC_TYPE": "Pedalcycle", "SEVERITY": "Personal Injury", "INJURED": 1, "KILLED": 0, "NO_VEHICLE": 2, "DR_DRINK": "N ", "DR_DRUG": "N ", "SPEED": "N ", "CELL_PHONE": "N ", "TEXTING": "N ", "MOTORCYCLE": "N ", "PICKUP": "Y ", "TRUCK": "Y ", "SCHOOL_BUS": "N ", "LIGHT_COND": "Dark-Lighted", "DAY_WEEK": "Tue     "}}, {"type": "Feature", "geometry": {"type": "Point", "coordinates": [-94.54452999999995, 37.084790000000055]}, "properties": {"ACCIDENT": "2200097704", "ACC_DATE": "2020-12-10", "ACC_TIME": "06:10:00", "COUNTY": "JASPER", "CITY": "JOPLIN", "ON_STREET": "CST WINFIELD AVE", "AT_STREET": "MO 66", "INTER_LOC": "A ", "DIRECTION": "N ", "ACC_TYPE": "Pedalcycle", "SEVERITY": "Personal Injury", "INJURED": 1, "KILLED": 0, "NO_VEHICLE": 2, "DR_DRINK": "U ", "DR_DRUG": "U ", "SPEED": "U ", "CELL_PHONE": "N ", "TEXTING": "N ", "MOTORCYCLE": "U ", "PICKUP": "U ", "TRUCK": "U ", "SCHOOL_BUS": "U ", "LIGHT_COND": "Dark-Unlighted", "DAY_WEEK": "Thu     "}}, {"type": "Feature", "geometry": {"type": "Point", "coordinates": [-94.31072999999998, 37.183100000000024]}, "properties": {"ACCIDENT": "2200101816", "ACC_DATE": "2020-12-18", "ACC_TIME": "04:24:00", "COUNTY": "JASPER", "CITY": "CARTHAGE", "ON_STREET": "CST MAIN ST", "AT_STREET": "CST CLAXSTON", "INTER_LOC": "A ", "DIRECTION": "S ", "ACC_TYPE": "Pedestrian", "SEVERITY": "Personal Injury", "INJURED": 1, "KILLED": 0, "NO_VEHICLE": 1, "DR_DRINK": "N ", "DR_DRUG": "N ", "SPEED": "N ", "CELL_PHONE": "N ", "TEXTING": "N ", "MOTORCYCLE": "N ", "PICKUP": "N ", "TRUCK": "N ", "SCHOOL_BUS": "N ", "LIGHT_COND": "Dark-Lighted", "DAY_WEEK": "Fri     "}}, {"type": "Feature", "geometry": {"type": "Point", "coordinates": [-94.51323999999994, 37.08966000000004]}, "properties": {"ACCIDENT": "2210003942", "ACC_DATE": "2021-01-12", "ACC_TIME": "14:23:00", "COUNTY": "JASPER", "CITY": "JOPLIN", "ON_STREET": "MO 43", "AT_STREET": "CST 2ND ST", "INTER_LOC": "AT", "DIRECTION": "N ", "ACC_TYPE": "Pedestrian", "SEVERITY": "Personal Injury", "INJURED": 1, "KILLED": 0, "NO_VEHICLE": 1, "DR_DRINK": "N ", "DR_DRUG": "N ", "SPEED": "N ", "CELL_PHONE": "N ", "TEXTING": "N ", "MOTORCYCLE": "N ", "PICKUP": "N ", "TRUCK": "N ", "SCHOOL_BUS": "N ", "LIGHT_COND": "Daylight", "DAY_WEEK": "Tue     "}}, {"type": "Feature", "geometry": {"type": "Point", "coordinates": [-94.47776999999996, 37.07191000000006]}, "properties": {"ACCIDENT": "2210027801", "ACC_DATE": "2021-03-05", "ACC_TIME": "13:02:00", "COUNTY": "JASPER", "CITY": "JOPLIN", "ON_STREET": "CST RANGE LINE RD", "AT_STREET": "CST 17TH ST", "INTER_LOC": "A ", "DIRECTION": "S ", "ACC_TYPE": "Pedestrian", "SEVERITY": "Personal Injury", "INJURED": 1, "KILLED": 0, "NO_VEHICLE": 1, "DR_DRINK": "N ", "DR_DRUG": "N ", "SPEED": "N ", "CELL_PHONE": "N ", "TEXTING": "N ", "MOTORCYCLE": "N ", "PICKUP": "N ", "TRUCK": "N ", "SCHOOL_BUS": "N ", "LIGHT_COND": "Daylight", "DAY_WEEK": "Fri     "}}, {"type": "Feature", "geometry": {"type": "Point", "coordinates": [-94.31588999999997, 37.17107000000004]}, "properties": {"ACCIDENT": "2210018760", "ACC_DATE": "2021-03-09", "ACC_TIME": "17:51:00", "COUNTY": "JASPER", "CITY": "CARTHAGE", "ON_STREET": "CST MCGREGOR ST", "AT_STREET": "CST CEDAR ST", "INTER_LOC": "AT", "DIRECTION": "N ", "ACC_TYPE": "Pedalcycle", "SEVERITY": "Personal Injury", "INJURED": 1, "KILLED": 0, "NO_VEHICLE": 2, "DR_DRINK": "N ", "DR_DRUG": "N ", "SPEED": "N ", "CELL_PHONE": "N ", "TEXTING": "N ", "MOTORCYCLE": "N ", "PICKUP": "N ", "TRUCK": "N ", "SCHOOL_BUS": "N ", "LIGHT_COND": "Daylight", "DAY_WEEK": "Tue     "}}, {"type": "Feature", "geometry": {"type": "Point", "coordinates": [-94.32261999999997, 37.18489000000005]}, "properties": {"ACCIDENT": "2210019185", "ACC_DATE": "2021-03-16", "ACC_TIME": "19:03:00", "COUNTY": "JASPER", "CITY": "CARTHAGE", "ON_STREET": "CST HIGH ST", "AT_STREET": "CST FRANCIS ST", "INTER_LOC": "B ", "DIRECTION": "W ", "ACC_TYPE": "Pedestrian", "SEVERITY": "Personal Injury", "INJURED": 2, "KILLED": 0, "NO_VEHICLE": 1, "DR_DRINK": "N ", "DR_DRUG": "N ", "SPEED": "N ", "CELL_PHONE": "N ", "TEXTING": "N ", "MOTORCYCLE": "N ", "PICKUP": "N ", "TRUCK": "N ", "SCHOOL_BUS": "N ", "LIGHT_COND": "Daylight", "DAY_WEEK": "Tue     "}}, {"type": "Feature", "geometry": {"type": "Point", "coordinates": [-94.30910999999998, 37.16739000000007]}, "properties": {"ACCIDENT": "2210040242", "ACC_DATE": "2021-04-05", "ACC_TIME": "16:25:00", "COUNTY": "JASPER", "CITY": "CARTHAGE", "ON_STREET": "CST MACON ST", "AT_STREET": "CST GRAND AVE", "INTER_LOC": "B ", "DIRECTION": "W ", "ACC_TYPE": "Pedalcycle", "SEVERITY": "Personal Injury", "INJURED": 1, "KILLED": 0, "NO_VEHICLE": 2, "DR_DRINK": "U ", "DR_DRUG": "U ", "SPEED": "U ", "CELL_PHONE": "N ", "TEXTING": "N ", "MOTORCYCLE": "N ", "PICKUP": "N ", "TRUCK": "N ", "SCHOOL_BUS": "N ", "LIGHT_COND": "Daylight", "DAY_WEEK": "Mon     "}}, {"type": "Feature", "geometry": {"type": "Point", "coordinates": [-94.30974999999995, 37.17474000000004]}, "properties": {"ACCIDENT": "2210031977", "ACC_DATE": "2021-04-13", "ACC_TIME": "15:13:00", "COUNTY": "JASPER", "CITY": "CARTHAGE", "ON_STREET": "CST GRANT ST", "AT_STREET": "CST 6TH ST", "INTER_LOC": "B ", "DIRECTION": "S ", "ACC_TYPE": "Pedalcycle", "SEVERITY": "Property Damage", "INJURED": 0, "KILLED": 0, "NO_VEHICLE": 2, "DR_DRINK": "N ", "DR_DRUG": "N ", "SPEED": "N ", "CELL_PHONE": "N ", "TEXTING": "N ", "MOTORCYCLE": "N ", "PICKUP": "N ", "TRUCK": "N ", "SCHOOL_BUS": "N ", "LIGHT_COND": "Daylight", "DAY_WEEK": "Tue     "}}, {"type": "Feature", "geometry": {"type": "Point", "coordinates": [-94.54521999999997, 37.10763000000003]}, "properties": {"ACCIDENT": "3210012700", "ACC_DATE": "2021-05-09", "ACC_TIME": "21:15:00", "COUNTY": "JASPER", "CITY": "NON-CITY OR UNINCORPORATED", "ON_STREET": "CRD SCHIFFERDECKER AVE", "AT_STREET": "CRD W ZORA ST", "INTER_LOC": "B ", "DIRECTION": "N ", "ACC_TYPE": "Pedestrian", "SEVERITY": "Personal Injury", "INJURED": 1, "KILLED": 0, "NO_VEHICLE": 1, "DR_DRINK": "N ", "DR_DRUG": "N ", "SPEED": "N ", "CELL_PHONE": "N ", "TEXTING": "N ", "MOTORCYCLE": "N ", "PICKUP": "N ", "TRUCK": "N ", "SCHOOL_BUS": "N ", "LIGHT_COND": "Dark-Unlighted", "DAY_WEEK": "Sun     "}}, {"type": "Feature", "geometry": {"type": "Point", "coordinates": [-94.32350999999994, 37.17289000000005]}, "properties": {"ACCIDENT": "2210048606", "ACC_DATE": "2021-05-30", "ACC_TIME": "09:16:00", "COUNTY": "JASPER", "CITY": "CARTHAGE", "ON_STREET": "CST CHESTNUT", "AT_STREET": "CST FRANCIS ST", "INTER_LOC": "A ", "DIRECTION": "W ", "ACC_TYPE": "Pedestrian", "SEVERITY": "Personal Injury", "INJURED": 1, "KILLED": 0, "NO_VEHICLE": 1, "DR_DRINK": "N ", "DR_DRUG": "N ", "SPEED": "N ", "CELL_PHONE": "N ", "TEXTING": "N ", "MOTORCYCLE": "N ", "PICKUP": "N ", "TRUCK": "N ", "SCHOOL_BUS": "N ", "LIGHT_COND": "Daylight", "DAY_WEEK": "Sun     "}}, {"type": "Feature", "geometry": {"type": "Point", "coordinates": [-94.50698999999997, 37.11363000000006]}, "properties": {"ACCIDENT": "2210048295", "ACC_DATE": "2021-06-10", "ACC_TIME": "17:03:00", "COUNTY": "JASPER", "CITY": "JOPLIN", "ON_STREET": "CST E ZORA ST", "AT_STREET": "CST MISSOURI AVE", "INTER_LOC": "AT", "DIRECTION": "W ", "ACC_TYPE": "Pedalcycle", "SEVERITY": "Personal Injury", "INJURED": 1, "KILLED": 0, "NO_VEHICLE": 2, "DR_DRINK": "N ", "DR_DRUG": "N ", "SPEED": "N ", "CELL_PHONE": "N ", "TEXTING": "N ", "MOTORCYCLE": "N ", "PICKUP": "N ", "TRUCK": "N ", "SCHOOL_BUS": "N ", "LIGHT_COND": "Daylight", "DAY_WEEK": "Thu     "}}, {"type": "Feature", "geometry": {"type": "Point", "coordinates": [-94.31483999999995, 37.14691000000005]}, "properties": {"ACCIDENT": "2210052368", "ACC_DATE": "2021-06-18", "ACC_TIME": "00:00:00", "COUNTY": "JASPER", "CITY": "CARTHAGE", "ON_STREET": "CST GARRISON AVE", "AT_STREET": "CST AIRPORT DR", "INTER_LOC": "B ", "DIRECTION": "N ", "ACC_TYPE": "Pedalcycle", "SEVERITY": "Property Damage", "INJURED": 0, "KILLED": 0, "NO_VEHICLE": 2, "DR_DRINK": "U ", "DR_DRUG": "U ", "SPEED": "U ", "CELL_PHONE": "N ", "TEXTING": "N ", "MOTORCYCLE": "U ", "PICKUP": "U ", "TRUCK": "U ", "SCHOOL_BUS": "U ", "LIGHT_COND": "Daylight", "DAY_WEEK": "Fri     "}}, {"type": "Feature", "geometry": {"type": "Point", "coordinates": [-94.52540999999997, 37.07092000000006]}, "properties": {"ACCIDENT": "2210053217", "ACC_DATE": "2021-06-25", "ACC_TIME": "20:04:00", "COUNTY": "JASPER", "CITY": "JOPLIN", "ON_STREET": "CST W 19TH ST", "AT_STREET": "CST MURPHY AVE", "INTER_LOC": "AT", "DIRECTION": "W ", "ACC_TYPE": "Pedalcycle", "SEVERITY": "Property Damage", "INJURED": 0, "KILLED": 0, "NO_VEHICLE": 2, "DR_DRINK": "N ", "DR_DRUG": "N ", "SPEED": "N ", "CELL_PHONE": "N ", "TEXTING": "N ", "MOTORCYCLE": "N ", "PICKUP": "N ", "TRUCK": "N ", "SCHOOL_BUS": "N ", "LIGHT_COND": "Daylight", "DAY_WEEK": "Fri     "}}, {"type": "Feature", "geometry": {"type": "Point", "coordinates": [-94.47516999999999, 37.132750000000044]}, "properties": {"ACCIDENT": "2210062392", "ACC_DATE": "2021-07-07", "ACC_TIME": "21:17:00", "COUNTY": "JASPER", "CITY": "WEBB CITY", "ON_STREET": "LP 49", "AT_STREET": "CST 13TH ST", "INTER_LOC": "B ", "DIRECTION": "S ", "ACC_TYPE": "Pedestrian", "SEVERITY": "Personal Injury", "INJURED": 1, "KILLED": 0, "NO_VEHICLE": 1, "DR_DRINK": "N ", "DR_DRUG": "N ", "SPEED": "N ", "CELL_PHONE": "N ", "TEXTING": "N ", "MOTORCYCLE": "N ", "PICKUP": "N ", "TRUCK": "N ", "SCHOOL_BUS": "N ", "LIGHT_COND": "Dark-Lighted", "DAY_WEEK": "Wed     "}}, {"type": "Feature", "geometry": {"type": "Point", "coordinates": [-94.13017999999994, 37.10611000000006]}, "properties": {"ACCIDENT": "3210018514", "ACC_DATE": "2021-07-10", "ACC_TIME": "23:35:00", "COUNTY": "JASPER", "CITY": "NON-CITY OR UNINCORPORATED", "ON_STREET": "CRD 40", "AT_STREET": "CRD DOGWOOD ROAD", "INTER_LOC": "A ", "DIRECTION": "S ", "ACC_TYPE": "Pedestrian", "SEVERITY": "Property Damage", "INJURED": 0, "KILLED": 0, "NO_VEHICLE": 1, "DR_DRINK": "N ", "DR_DRUG": "N ", "SPEED": "N ", "CELL_PHONE": "N ", "TEXTING": "N ", "MOTORCYCLE": "N ", "PICKUP": "Y ", "TRUCK": "Y ", "SCHOOL_BUS": "N ", "LIGHT_COND": "Dark-Unlighted", "DAY_WEEK": "Sat     "}}, {"type": "Feature", "geometry": {"type": "Point", "coordinates": [-94.46274999999997, 37.140550000000076]}, "properties": {"ACCIDENT": "2210062388", "ACC_DATE": "2021-07-18", "ACC_TIME": "19:17:00", "COUNTY": "JASPER", "CITY": "WEBB CITY", "ON_STREET": "CST TRACY ST", "AT_STREET": "CST S TOM ST", "INTER_LOC": "B ", "DIRECTION": "E ", "ACC_TYPE": "Pedalcycle", "SEVERITY": "Property Damage", "INJURED": 0, "KILLED": 0, "NO_VEHICLE": 2, "DR_DRINK": "N ", "DR_DRUG": "N ", "SPEED": "N ", "CELL_PHONE": "N ", "TEXTING": "N ", "MOTORCYCLE": "N ", "PICKUP": "N ", "TRUCK": "N ", "SCHOOL_BUS": "N ", "LIGHT_COND": "Daylight", "DAY_WEEK": "Sun     "}}, {"type": "Feature", "geometry": {"type": "Point", "coordinates": [-94.50433999999996, 37.06934000000007]}, "properties": {"ACCIDENT": "2210066984", "ACC_DATE": "2021-08-08", "ACC_TIME": "15:30:00", "COUNTY": "JASPER", "CITY": "JOPLIN", "ON_STREET": "CST E 20TH ST", "AT_STREET": "CST INDIANA AVE", "INTER_LOC": "AT", "DIRECTION": "E ", "ACC_TYPE": "Pedalcycle", "SEVERITY": "Personal Injury", "INJURED": 1, "KILLED": 0, "NO_VEHICLE": 2, "DR_DRINK": "N ", "DR_DRUG": "N ", "SPEED": "N ", "CELL_PHONE": "N ", "TEXTING": "N ", "MOTORCYCLE": "N ", "PICKUP": "N ", "TRUCK": "N ", "SCHOOL_BUS": "N ", "LIGHT_COND": "Daylight", "DAY_WEEK": "Sun     "}}, {"type": "Feature", "geometry": {"type": "Point", "coordinates": [-94.46888999999999, 37.09812000000005]}, "properties": {"ACCIDENT": "2210079392", "ACC_DATE": "2021-09-11", "ACC_TIME": "20:14:00", "COUNTY": "JASPER", "CITY": "JOPLIN", "ON_STREET": "CST NEWMAN RD", "AT_STREET": "CST GOETZ DR", "INTER_LOC": "B ", "DIRECTION": "E ", "ACC_TYPE": "Pedestrian", "SEVERITY": "Property Damage", "INJURED": 0, "KILLED": 0, "NO_VEHICLE": 1, "DR_DRINK": "N ", "DR_DRUG": "N ", "SPEED": "N ", "CELL_PHONE": "N ", "TEXTING": "N ", "MOTORCYCLE": "N ", "PICKUP": "Y ", "TRUCK": "Y ", "SCHOOL_BUS": "N ", "LIGHT_COND": "Dark-Lighted", "DAY_WEEK": "Sat     "}}, {"type": "Feature", "geometry": {"type": "Point", "coordinates": [-94.47607999999997, 37.11292000000003]}, "properties": {"ACCIDENT": "2210089788", "ACC_DATE": "2021-10-15", "ACC_TIME": "19:51:00", "COUNTY": "JASPER", "CITY": "JOPLIN", "ON_STREET": "CST E ZORA ST", "AT_STREET": "CST RANGE LINE RD", "INTER_LOC": "AT", "DIRECTION": "W ", "ACC_TYPE": "Pedestrian", "SEVERITY": "Personal Injury", "INJURED": 1, "KILLED": 0, "NO_VEHICLE": 1, "DR_DRINK": "U ", "DR_DRUG": "U ", "SPEED": "U ", "CELL_PHONE": "N ", "TEXTING": "N ", "MOTORCYCLE": "N ", "PICKUP": "N ", "TRUCK": "N ", "SCHOOL_BUS": "N ", "LIGHT_COND": "Dark-Lighted", "DAY_WEEK": "Fri     "}}, {"type": "Feature", "geometry": {"type": "Point", "coordinates": [-94.46327999999994, 37.05490000000003]}, "properties": {"ACCIDENT": "2210093662", "ACC_DATE": "2021-10-18", "ACC_TIME": "05:31:00", "COUNTY": "JASPER", "CITY": "JOPLIN", "ON_STREET": "RT FF", "AT_STREET": "CST DOUGHBOY DR", "INTER_LOC": "B ", "DIRECTION": "W ", "ACC_TYPE": "Pedalcycle", "SEVERITY": "Property Damage", "INJURED": 0, "KILLED": 0, "NO_VEHICLE": 2, "DR_DRINK": "N ", "DR_DRUG": "N ", "SPEED": "N ", "CELL_PHONE": "N ", "TEXTING": "N ", "MOTORCYCLE": "N ", "PICKUP": "Y ", "TRUCK": "Y ", "SCHOOL_BUS": "N ", "LIGHT_COND": "Dark-Unlighted", "DAY_WEEK": "Mon     "}}, {"type": "Feature", "geometry": {"type": "Point", "coordinates": [-94.48761999999994, 37.25061000000005]}, "properties": {"ACCIDENT": "3210030881", "ACC_DATE": "2021-10-30", "ACC_TIME": "22:30:00", "COUNTY": "JASPER", "CITY": "NON-CITY OR UNINCORPORATED", "ON_STREET": "CRD NOBLEWOOD LN", "AT_STREET": "CRD 240", "INTER_LOC": "A ", "DIRECTION": "E ", "ACC_TYPE": "Pedestrian", "SEVERITY": "Personal Injury", "INJURED": 1, "KILLED": 0, "NO_VEHICLE": 1, "DR_DRINK": "N ", "DR_DRUG": "N ", "SPEED": "N ", "CELL_PHONE": "N ", "TEXTING": "N ", "MOTORCYCLE": "N ", "PICKUP": "N ", "TRUCK": "N ", "SCHOOL_BUS": "N ", "LIGHT_COND": "Dark-Unlighted", "DAY_WEEK": "Sat     "}}, {"type": "Feature", "geometry": {"type": "Point", "coordinates": [-94.31292999999994, 37.169440000000066]}, "properties": {"ACCIDENT": "2210116564", "ACC_DATE": "2021-11-12", "ACC_TIME": "19:32:00", "COUNTY": "JASPER", "CITY": "CARTHAGE", "ON_STREET": "CST MAPLE ST", "AT_STREET": "CST 11TH ST", "INTER_LOC": "A ", "DIRECTION": "S ", "ACC_TYPE": "Pedestrian", "SEVERITY": "Personal Injury", "INJURED": 1, "KILLED": 0, "NO_VEHICLE": 1, "DR_DRINK": "N ", "DR_DRUG": "N ", "SPEED": "N ", "CELL_PHONE": "N ", "TEXTING": "N ", "MOTORCYCLE": "N ", "PICKUP": "N ", "TRUCK": "N ", "SCHOOL_BUS": "N ", "LIGHT_COND": "Dark-Unlighted", "DAY_WEEK": "Fri     "}}, {"type": "Feature", "geometry": {"type": "Point", "coordinates": [-94.51328999999998, 37.08770000000004]}, "properties": {"ACCIDENT": "2210113032", "ACC_DATE": "2021-11-15", "ACC_TIME": "08:09:00", "COUNTY": "JASPER", "CITY": "JOPLIN", "ON_STREET": "CST 4TH ST", "AT_STREET": "MO 43", "INTER_LOC": "A ", "DIRECTION": "E ", "ACC_TYPE": "Pedestrian", "SEVERITY": "Personal Injury", "INJURED": 1, "KILLED": 0, "NO_VEHICLE": 1, "DR_DRINK": "N ", "DR_DRUG": "N ", "SPEED": "N ", "CELL_PHONE": "N ", "TEXTING": "N ", "MOTORCYCLE": "N ", "PICKUP": "Y ", "TRUCK": "Y ", "SCHOOL_BUS": "N ", "LIGHT_COND": "Daylight", "DAY_WEEK": "Mon     "}}, {"type": "Feature", "geometry": {"type": "Point", "coordinates": [-94.53277999999995, 37.08462000000003]}, "properties": {"ACCIDENT": "2210111576", "ACC_DATE": "2021-11-17", "ACC_TIME": "11:41:00", "COUNTY": "JASPER", "CITY": "JOPLIN", "ON_STREET": "MO 66", "AT_STREET": "CST MAIDEN LANE", "INTER_LOC": "A ", "DIRECTION": "W ", "ACC_TYPE": "Pedestrian", "SEVERITY": "Personal Injury", "INJURED": 1, "KILLED": 0, "NO_VEHICLE": 1, "DR_DRINK": "U ", "DR_DRUG": "U ", "SPEED": "U ", "CELL_PHONE": "N ", "TEXTING": "N ", "MOTORCYCLE": "N ", "PICKUP": "N ", "TRUCK": "N ", "SCHOOL_BUS": "N ", "LIGHT_COND": "Daylight", "DAY_WEEK": "Wed     "}}, {"type": "Feature", "geometry": {"type": "Point", "coordinates": [-94.53146999999996, 37.077180000000055]}, "properties": {"ACCIDENT": "2210115528", "ACC_DATE": "2021-12-14", "ACC_TIME": "06:48:00", "COUNTY": "JASPER", "CITY": "JOPLIN", "ON_STREET": "CST JUNGE BLVD", "AT_STREET": "CST MAIDEN LANE", "INTER_LOC": "A ", "DIRECTION": "E ", "ACC_TYPE": "Pedestrian", "SEVERITY": "Personal Injury", "INJURED": 1, "KILLED": 0, "NO_VEHICLE": 1, "DR_DRINK": "U ", "DR_DRUG": "U ", "SPEED": "U ", "CELL_PHONE": "N ", "TEXTING": "N ", "MOTORCYCLE": "N ", "PICKUP": "Y ", "TRUCK": "Y ", "SCHOOL_BUS": "N ", "LIGHT_COND": "Dark-Unlighted", "DAY_WEEK": "Tue     "}}, {"type": "Feature", "geometry": {"type": "Point", "coordinates": [-94.53130999999996, 37.081120000000055]}, "properties": {"ACCIDENT": "2210115475", "ACC_DATE": "2021-12-29", "ACC_TIME": "16:30:00", "COUNTY": "JASPER", "CITY": "JOPLIN", "ON_STREET": "CST MAIDEN LANE", "AT_STREET": "CST W 10TH ST", "INTER_LOC": "A ", "DIRECTION": "N ", "ACC_TYPE": "Pedestrian", "SEVERITY": "Personal Injury", "INJURED": 1, "KILLED": 0, "NO_VEHICLE": 1, "DR_DRINK": "N ", "DR_DRUG": "N ", "SPEED": "N ", "CELL_PHONE": "N ", "TEXTING": "N ", "MOTORCYCLE": "N ", "PICKUP": "N ", "TRUCK": "N ", "SCHOOL_BUS": "N ", "LIGHT_COND": "Daylight", "DAY_WEEK": "Wed     "}}, {"type": "Feature", "geometry": {"type": "Point", "coordinates": [-94.57215999999994, 37.18078000000003]}, "properties": {"ACCIDENT": "2220010682", "ACC_DATE": "2022-01-29", "ACC_TIME": "09:45:00", "COUNTY": "JASPER", "CITY": "CARL JUNCTION", "ON_STREET": "RT Z", "AT_STREET": "CST ELLIOT DR", "INTER_LOC": "AT", "DIRECTION": "E ", "ACC_TYPE": "Pedalcycle", "SEVERITY": "Personal Injury", "INJURED": 1, "KILLED": 0, "NO_VEHICLE": 2, "DR_DRINK": "N ", "DR_DRUG": "N ", "SPEED": "N ", "CELL_PHONE": "N ", "TEXTING": "N ", "MOTORCYCLE": "N ", "PICKUP": "N ", "TRUCK": "N ", "SCHOOL_BUS": "N ", "LIGHT_COND": "Daylight", "DAY_WEEK": "Sat     "}}, {"type": "Feature", "geometry": {"type": "Point", "coordinates": [-94.47455999999994, 37.14636000000007]}, "properties": {"ACCIDENT": "2220013670", "ACC_DATE": "2022-02-25", "ACC_TIME": "16:30:00", "COUNTY": "JASPER", "CITY": "WEBB CITY", "ON_STREET": "CST N MADISON ST", "AT_STREET": "CST BROADWAY ST", "INTER_LOC": "AT", "DIRECTION": "N ", "ACC_TYPE": "Pedalcycle", "SEVERITY": "Personal Injury", "INJURED": 1, "KILLED": 0, "NO_VEHICLE": 2, "DR_DRINK": "N ", "DR_DRUG": "N ", "SPEED": "N ", "CELL_PHONE": "N ", "TEXTING": "N ", "MOTORCYCLE": "N ", "PICKUP": "N ", "TRUCK": "N ", "SCHOOL_BUS": "N ", "LIGHT_COND": "Daylight", "DAY_WEEK": "Fri     "}}, {"type": "Feature", "geometry": {"type": "Point", "coordinates": [-94.48628999999994, 37.05487000000005]}, "properties": {"ACCIDENT": "2220023904", "ACC_DATE": "2022-03-31", "ACC_TIME": "21:25:00", "COUNTY": "JASPER", "CITY": "JOPLIN", "ON_STREET": "RT FF", "AT_STREET": "CST MISSISSIPPI AVE", "INTER_LOC": "A ", "DIRECTION": "W ", "ACC_TYPE": "Pedestrian", "SEVERITY": "Personal Injury", "INJURED": 1, "KILLED": 0, "NO_VEHICLE": 1, "DR_DRINK": "U ", "DR_DRUG": "U ", "SPEED": "U ", "CELL_PHONE": "N ", "TEXTING": "N ", "MOTORCYCLE": "N ", "PICKUP": "N ", "TRUCK": "N ", "SCHOOL_BUS": "N ", "LIGHT_COND": "Dark-Unlighted", "DAY_WEEK": "Thu     "}}, {"type": "Feature", "geometry": {"type": "Point", "coordinates": [-94.50252999999998, 37.08396000000005]}, "properties": {"ACCIDENT": "2220026232", "ACC_DATE": "2022-04-06", "ACC_TIME": "12:31:00", "COUNTY": "JASPER", "CITY": "JOPLIN", "ON_STREET": "CST MURPHY BLVD", "AT_STREET": "MO 66", "INTER_LOC": "B ", "DIRECTION": "E ", "ACC_TYPE": "Pedalcycle", "SEVERITY": "Personal Injury", "INJURED": 1, "KILLED": 0, "NO_VEHICLE": 2, "DR_DRINK": "N ", "DR_DRUG": "N ", "SPEED": "N ", "CELL_PHONE": "N ", "TEXTING": "N ", "MOTORCYCLE": "N ", "PICKUP": "Y ", "TRUCK": "Y ", "SCHOOL_BUS": "N ", "LIGHT_COND": "Daylight", "DAY_WEEK": "Wed     "}}, {"type": "Feature", "geometry": {"type": "Point", "coordinates": [-94.51375999999999, 37.078340000000026]}, "properties": {"ACCIDENT": "2220029914", "ACC_DATE": "2022-04-15", "ACC_TIME": "16:20:00", "COUNTY": "JASPER", "CITY": "JOPLIN", "ON_STREET": "CST 12TH ST", "AT_STREET": "CST MAIN ST", "INTER_LOC": "AT", "DIRECTION": "E ", "ACC_TYPE": "Pedalcycle", "SEVERITY": "Property Damage", "INJURED": 0, "KILLED": 0, "NO_VEHICLE": 2, "DR_DRINK": "N ", "DR_DRUG": "N ", "SPEED": "N ", "CELL_PHONE": "N ", "TEXTING": "N ", "MOTORCYCLE": "N ", "PICKUP": "Y ", "TRUCK": "Y ", "SCHOOL_BUS": "N ", "LIGHT_COND": "Daylight", "DAY_WEEK": "Fri     "}}, {"type": "Feature", "geometry": {"type": "Point", "coordinates": [-94.51428999999996, 37.06698000000006]}, "properties": {"ACCIDENT": "2220029930", "ACC_DATE": "2022-04-19", "ACC_TIME": "12:51:00", "COUNTY": "JASPER", "CITY": "JOPLIN", "ON_STREET": "CST W 22ND ST", "AT_STREET": "MO 43", "INTER_LOC": "B ", "DIRECTION": "E ", "ACC_TYPE": "Pedalcycle", "SEVERITY": "Personal Injury", "INJURED": 1, "KILLED": 0, "NO_VEHICLE": 2, "DR_DRINK": "N ", "DR_DRUG": "N ", "SPEED": "N ", "CELL_PHONE": "N ", "TEXTING": "N ", "MOTORCYCLE": "N ", "PICKUP": "N ", "TRUCK": "N ", "SCHOOL_BUS": "N ", "LIGHT_COND": "Daylight", "DAY_WEEK": "Tue     "}}, {"type": "Feature", "geometry": {"type": "Point", "coordinates": [-94.52413999999999, 37.089960000000076]}, "properties": {"ACCIDENT": "2220034311", "ACC_DATE": "2022-04-27", "ACC_TIME": "15:59:00", "COUNTY": "JASPER", "CITY": "JOPLIN", "ON_STREET": "CST 2ND ST", "AT_STREET": "CST GRAY AVE", "INTER_LOC": "A ", "DIRECTION": "W ", "ACC_TYPE": "Pedestrian", "SEVERITY": "Personal Injury", "INJURED": 1, "KILLED": 0, "NO_VEHICLE": 1, "DR_DRINK": "U ", "DR_DRUG": "U ", "SPEED": "U ", "CELL_PHONE": "N ", "TEXTING": "N ", "MOTORCYCLE": "U ", "PICKUP": "U ", "TRUCK": "U ", "SCHOOL_BUS": "U ", "LIGHT_COND": "Daylight", "DAY_WEEK": "Wed     "}}, {"type": "Feature", "geometry": {"type": "Point", "coordinates": [-94.47471999999999, 37.140640000000076]}, "properties": {"ACCIDENT": "2220039801", "ACC_DATE": "2022-05-09", "ACC_TIME": "15:07:00", "COUNTY": "JASPER", "CITY": "WEBB CITY", "ON_STREET": "CST S MADISON ST", "AT_STREET": "CST 5TH ST", "INTER_LOC": "B ", "DIRECTION": "S ", "ACC_TYPE": "Pedalcycle", "SEVERITY": "Personal Injury", "INJURED": 1, "KILLED": 0, "NO_VEHICLE": 2, "DR_DRINK": "N ", "DR_DRUG": "N ", "SPEED": "N ", "CELL_PHONE": "N ", "TEXTING": "N ", "MOTORCYCLE": "N ", "PICKUP": "Y ", "TRUCK": "Y ", "SCHOOL_BUS": "N ", "LIGHT_COND": "Daylight", "DAY_WEEK": "Mon     "}}, {"type": "Feature", "geometry": {"type": "Point", "coordinates": [-94.52366999999998, 37.089950000000044]}, "properties": {"ACCIDENT": "2220041832", "ACC_DATE": "2022-05-20", "ACC_TIME": "17:11:00", "COUNTY": "JASPER", "CITY": "JOPLIN", "ON_STREET": "CST 2ND ST", "AT_STREET": "CST GRAY AVE", "INTER_LOC": "A ", "DIRECTION": "E ", "ACC_TYPE": "Pedestrian", "SEVERITY": "Personal Injury", "INJURED": 1, "KILLED": 0, "NO_VEHICLE": 1, "DR_DRINK": "N ", "DR_DRUG": "N ", "SPEED": "N ", "CELL_PHONE": "N ", "TEXTING": "N ", "MOTORCYCLE": "N ", "PICKUP": "N ", "TRUCK": "N ", "SCHOOL_BUS": "N ", "LIGHT_COND": "Daylight", "DAY_WEEK": "Fri     "}}, {"type": "Feature", "geometry": {"type": "Point", "coordinates": [-94.54893999999996, 37.08666000000005]}, "properties": {"ACCIDENT": "2220041887", "ACC_DATE": "2022-05-25", "ACC_TIME": "17:56:00", "COUNTY": "JASPER", "CITY": "JOPLIN", "ON_STREET": "CST SCHIFFERDECKER AVE", "AT_STREET": "CST W 6TH ST", "INTER_LOC": "AT", "DIRECTION": "N ", "ACC_TYPE": "Pedalcycle", "SEVERITY": "Property Damage", "INJURED": 0, "KILLED": 0, "NO_VEHICLE": 2, "DR_DRINK": "N ", "DR_DRUG": "N ", "SPEED": "N ", "CELL_PHONE": "N ", "TEXTING": "N ", "MOTORCYCLE": "N ", "PICKUP": "N ", "TRUCK": "N ", "SCHOOL_BUS": "N ", "LIGHT_COND": "Daylight", "DAY_WEEK": "Wed     "}}, {"type": "Feature", "geometry": {"type": "Point", "coordinates": [-94.30974999999995, 37.175730000000044]}, "properties": {"ACCIDENT": "2220055467", "ACC_DATE": "2022-06-09", "ACC_TIME": "15:20:00", "COUNTY": "JASPER", "CITY": "CARTHAGE", "ON_STREET": "CST GRANT ST", "AT_STREET": "CST 4TH ST", "INTER_LOC": "B ", "DIRECTION": "N ", "ACC_TYPE": "Pedestrian", "SEVERITY": "Personal Injury", "INJURED": 1, "KILLED": 0, "NO_VEHICLE": 2, "DR_DRINK": "N ", "DR_DRUG": "N ", "SPEED": "Y ", "CELL_PHONE": "N ", "TEXTING": "N ", "MOTORCYCLE": "N ", "PICKUP": "N ", "TRUCK": "N ", "SCHOOL_BUS": "N ", "LIGHT_COND": "Daylight", "DAY_WEEK": "Thu     "}}, {"type": "Feature", "geometry": {"type": "Point", "coordinates": [-94.32782999999995, 37.16740000000004]}, "properties": {"ACCIDENT": "2220050390", "ACC_DATE": "2022-06-10", "ACC_TIME": "21:26:00", "COUNTY": "JASPER", "CITY": "CARTHAGE", "ON_STREET": "CST BAKER BLVD", "AT_STREET": "CST MACON ST", "INTER_LOC": "AT", "DIRECTION": "N ", "ACC_TYPE": "Pedalcycle", "SEVERITY": "Personal Injury", "INJURED": 1, "KILLED": 0, "NO_VEHICLE": 2, "DR_DRINK": "N ", "DR_DRUG": "N ", "SPEED": "N ", "CELL_PHONE": "N ", "TEXTING": "N ", "MOTORCYCLE": "N ", "PICKUP": "N ", "TRUCK": "N ", "SCHOOL_BUS": "N ", "LIGHT_COND": "Dark-Lighted", "DAY_WEEK": "Fri     "}}, {"type": "Feature", "geometry": {"type": "Point", "coordinates": [-94.51521999999994, 37.09405000000004]}, "properties": {"ACCIDENT": "2220052082", "ACC_DATE": "2022-06-25", "ACC_TIME": "15:56:00", "COUNTY": "JASPER", "CITY": "JOPLIN", "ON_STREET": "CST WALL AVE", "AT_STREET": "CST C ST", "INTER_LOC": "AT", "DIRECTION": "S ", "ACC_TYPE": "Pedestrian", "SEVERITY": "Personal Injury", "INJURED": 1, "KILLED": 0, "NO_VEHICLE": 1, "DR_DRINK": "N ", "DR_DRUG": "N ", "SPEED": "N ", "CELL_PHONE": "N ", "TEXTING": "N ", "MOTORCYCLE": "N ", "PICKUP": "N ", "TRUCK": "N ", "SCHOOL_BUS": "N ", "LIGHT_COND": "Daylight", "DAY_WEEK": "Sat     "}}, {"type": "Feature", "geometry": {"type": "Point", "coordinates": [-94.49605999999994, 37.054880000000026]}, "properties": {"ACCIDENT": "2220065056", "ACC_DATE": "2022-07-07", "ACC_TIME": "02:02:00", "COUNTY": "JASPER", "CITY": "JOPLIN", "ON_STREET": "RT FF", "AT_STREET": "CST CONNECTICUT AVE", "INTER_LOC": "A ", "DIRECTION": "E ", "ACC_TYPE": "Pedalcycle", "SEVERITY": "Fatal", "INJURED": 0, "KILLED": 1, "NO_VEHICLE": 2, "DR_DRINK": "N ", "DR_DRUG": "N ", "SPEED": "N ", "CELL_PHONE": "N ", "TEXTING": "N ", "MOTORCYCLE": "N ", "PICKUP": "N ", "TRUCK": "N ", "SCHOOL_BUS": "N ", "LIGHT_COND": "Dark-Lighted", "DAY_WEEK": "Thu     "}}, {"type": "Feature", "geometry": {"type": "Point", "coordinates": [-94.49509999999998, 37.08382000000006]}, "properties": {"ACCIDENT": "2220066760", "ACC_DATE": "2022-08-18", "ACC_TIME": "17:19:00", "COUNTY": "JASPER", "CITY": "JOPLIN", "ON_STREET": "MO 66", "AT_STREET": "CST ST LOUIS ST", "INTER_LOC": "AT", "DIRECTION": "W ", "ACC_TYPE": "Pedalcycle", "SEVERITY": "Personal Injury", "INJURED": 1, "KILLED": 0, "NO_VEHICLE": 2, "DR_DRINK": "N ", "DR_DRUG": "N ", "SPEED": "N ", "CELL_PHONE": "N ", "TEXTING": "N ", "MOTORCYCLE": "N ", "PICKUP": "Y ", "TRUCK": "Y ", "SCHOOL_BUS": "N ", "LIGHT_COND": "Daylight", "DAY_WEEK": "Thu     "}}, {"type": "Feature", "geometry": {"type": "Point", "coordinates": [-94.50476999999995, 37.067800000000034]}, "properties": {"ACCIDENT": "2220068454", "ACC_DATE": "2022-08-22", "ACC_TIME": "15:50:00", "COUNTY": "JASPER", "CITY": "JOPLIN", "ON_STREET": "CST INDIANA AVE", "AT_STREET": "PVT JOPLIN HIGH SCHOOL LP EXIT", "INTER_LOC": "B ", "DIRECTION": "N ", "ACC_TYPE": "Pedestrian", "SEVERITY": "Personal Injury", "INJURED": 1, "KILLED": 0, "NO_VEHICLE": 1, "DR_DRINK": "N ", "DR_DRUG": "N ", "SPEED": "N ", "CELL_PHONE": "N ", "TEXTING": "N ", "MOTORCYCLE": "N ", "PICKUP": "N ", "TRUCK": "N ", "SCHOOL_BUS": "N ", "LIGHT_COND": "Daylight", "DAY_WEEK": "Mon     "}}, {"type": "Feature", "geometry": {"type": "Point", "coordinates": [-94.46969999999999, 37.147500000000036]}, "properties": {"ACCIDENT": "2220105293", "ACC_DATE": "2022-08-24", "ACC_TIME": "14:56:00", "COUNTY": "JASPER", "CITY": "WEBB CITY", "ON_STREET": "CST DAUGHERTY ST", "AT_STREET": "CST ORONOGO ST", "INTER_LOC": "AT", "DIRECTION": "E ", "ACC_TYPE": "Pedestrian", "SEVERITY": "Personal Injury", "INJURED": 1, "KILLED": 0, "NO_VEHICLE": 1, "DR_DRINK": "N ", "DR_DRUG": "N ", "SPEED": "N ", "CELL_PHONE": "N ", "TEXTING": "N ", "MOTORCYCLE": "N ", "PICKUP": "N ", "TRUCK": "N ", "SCHOOL_BUS": "N ", "LIGHT_COND": "Daylight", "DAY_WEEK": "Wed     "}}, {"type": "Feature", "geometry": {"type": "Point", "coordinates": [-94.47518999999994, 37.13218000000006]}, "properties": {"ACCIDENT": "2220074383", "ACC_DATE": "2022-08-26", "ACC_TIME": "20:42:00", "COUNTY": "JASPER", "CITY": "WEBB CITY", "ON_STREET": "CST S MADISON ST", "AT_STREET": "CST 13TH ST", "INTER_LOC": "A ", "DIRECTION": "S ", "ACC_TYPE": "Pedalcycle", "SEVERITY": "Personal Injury", "INJURED": 1, "KILLED": 0, "NO_VEHICLE": 2, "DR_DRINK": "U ", "DR_DRUG": "U ", "SPEED": "U ", "CELL_PHONE": "N ", "TEXTING": "N ", "MOTORCYCLE": "N ", "PICKUP": "N ", "TRUCK": "N ", "SCHOOL_BUS": "N ", "LIGHT_COND": "Dark-Lighted", "DAY_WEEK": "Fri     "}}, {"type": "Feature", "geometry": {"type": "Point", "coordinates": [-94.51872999999995, 37.09395000000006]}, "properties": {"ACCIDENT": "2220071966", "ACC_DATE": "2022-09-08", "ACC_TIME": "10:41:00", "COUNTY": "JASPER", "CITY": "JOPLIN", "ON_STREET": "CST MOFFET AVE", "AT_STREET": "CST C ST", "INTER_LOC": "A ", "DIRECTION": "S ", "ACC_TYPE": "Pedestrian", "SEVERITY": "Personal Injury", "INJURED": 1, "KILLED": 0, "NO_VEHICLE": 1, "DR_DRINK": "U ", "DR_DRUG": "U ", "SPEED": "U ", "CELL_PHONE": "N ", "TEXTING": "N ", "MOTORCYCLE": "N ", "PICKUP": "N ", "TRUCK": "N ", "SCHOOL_BUS": "N ", "LIGHT_COND": "Daylight", "DAY_WEEK": "Thu     "}}, {"type": "Feature", "geometry": {"type": "Point", "coordinates": [-94.47496999999998, 37.084070000000054]}, "properties": {"ACCIDENT": "2220074884", "ACC_DATE": "2022-09-09", "ACC_TIME": "16:14:00", "COUNTY": "JASPER", "CITY": "JOPLIN", "ON_STREET": "CST S GENEVA AVE", "AT_STREET": "CST 7TH ST", "INTER_LOC": "A ", "DIRECTION": "S ", "ACC_TYPE": "Pedalcycle", "SEVERITY": "Personal Injury", "INJURED": 1, "KILLED": 0, "NO_VEHICLE": 2, "DR_DRINK": "N ", "DR_DRUG": "N ", "SPEED": "N ", "CELL_PHONE": "N ", "TEXTING": "N ", "MOTORCYCLE": "N ", "PICKUP": "N ", "TRUCK": "N ", "SCHOOL_BUS": "N ", "LIGHT_COND": "Daylight", "DAY_WEEK": "Fri     "}}, {"type": "Feature", "geometry": {"type": "Point", "coordinates": [-94.51333999999997, 37.08669000000003]}, "properties": {"ACCIDENT": "2220079449", "ACC_DATE": "2022-09-10", "ACC_TIME": "22:37:00", "COUNTY": "JASPER", "CITY": "JOPLIN", "ON_STREET": "MO 43", "AT_STREET": "CST 5TH ST", "INTER_LOC": "A ", "DIRECTION": "S ", "ACC_TYPE": "Pedestrian", "SEVERITY": "Personal Injury", "INJURED": 1, "KILLED": 0, "NO_VEHICLE": 1, "DR_DRINK": "U ", "DR_DRUG": "U ", "SPEED": "U ", "CELL_PHONE": "N ", "TEXTING": "N ", "MOTORCYCLE": "N ", "PICKUP": "N ", "TRUCK": "N ", "SCHOOL_BUS": "N ", "LIGHT_COND": "Dark-Lighted", "DAY_WEEK": "Sat     "}}, {"type": "Feature", "geometry": {"type": "Point", "coordinates": [-94.51322999999996, 37.08972000000006]}, "properties": {"ACCIDENT": "2220081386", "ACC_DATE": "2022-09-29", "ACC_TIME": "10:06:00", "COUNTY": "JASPER", "CITY": "JOPLIN", "ON_STREET": "MO 43", "AT_STREET": "CST 2ND ST", "INTER_LOC": "A ", "DIRECTION": "N ", "ACC_TYPE": "Pedestrian", "SEVERITY": "Personal Injury", "INJURED": 1, "KILLED": 0, "NO_VEHICLE": 1, "DR_DRINK": "N ", "DR_DRUG": "N ", "SPEED": "N ", "CELL_PHONE": "N ", "TEXTING": "N ", "MOTORCYCLE": "N ", "PICKUP": "N ", "TRUCK": "N ", "SCHOOL_BUS": "N ", "LIGHT_COND": "Daylight", "DAY_WEEK": "Thu     "}}, {"type": "Feature", "geometry": {"type": "Point", "coordinates": [-94.47485999999998, 37.13791000000003]}, "properties": {"ACCIDENT": "2220105296", "ACC_DATE": "2022-10-01", "ACC_TIME": "12:00:00", "COUNTY": "JASPER", "CITY": "WEBB CITY", "ON_STREET": "CST 7TH ST", "AT_STREET": "CST S MADISON ST", "INTER_LOC": "B ", "DIRECTION": "E ", "ACC_TYPE": "Pedestrian", "SEVERITY": "Property Damage", "INJURED": 0, "KILLED": 0, "NO_VEHICLE": 1, "DR_DRINK": "N ", "DR_DRUG": "N ", "SPEED": "N ", "CELL_PHONE": "N ", "TEXTING": "N ", "MOTORCYCLE": "N ", "PICKUP": "Y ", "TRUCK": "Y ", "SCHOOL_BUS": "N ", "LIGHT_COND": "Daylight", "DAY_WEEK": "Sat     "}}, {"type": "Feature", "geometry": {"type": "Point", "coordinates": [-94.47754999999995, 37.147650000000056]}, "properties": {"ACCIDENT": "2220089946", "ACC_DATE": "2022-10-17", "ACC_TIME": "13:39:00", "COUNTY": "JASPER", "CITY": "WEBB CITY", "ON_STREET": "CST OAK ST", "AT_STREET": "CST DAUGHERTY ST", "INTER_LOC": "B ", "DIRECTION": "N ", "ACC_TYPE": "Pedestrian", "SEVERITY": "Personal Injury", "INJURED": 1, "KILLED": 0, "NO_VEHICLE": 1, "DR_DRINK": "N ", "DR_DRUG": "N ", "SPEED": "N ", "CELL_PHONE": "N ", "TEXTING": "N ", "MOTORCYCLE": "N ", "PICKUP": "N ", "TRUCK": "N ", "SCHOOL_BUS": "N ", "LIGHT_COND": "Daylight", "DAY_WEEK": "Mon     "}}, {"type": "Feature", "geometry": {"type": "Point", "coordinates": [-94.51188999999994, 37.109300000000076]}, "properties": {"ACCIDENT": "2220095898", "ACC_DATE": "2022-10-22", "ACC_TIME": "02:48:00", "COUNTY": "JASPER", "CITY": "JOPLIN", "ON_STREET": "MO 43", "AT_STREET": "BRIDGE J0339", "INTER_LOC": "B ", "DIRECTION": "N ", "ACC_TYPE": "Pedestrian", "SEVERITY": "Fatal", "INJURED": 0, "KILLED": 1, "NO_VEHICLE": 1, "DR_DRINK": "N ", "DR_DRUG": "N ", "SPEED": "N ", "CELL_PHONE": "N ", "TEXTING": "N ", "MOTORCYCLE": "N ", "PICKUP": "Y ", "TRUCK": "Y ", "SCHOOL_BUS": "N ", "LIGHT_COND": "Dark-Unlighted", "DAY_WEEK": "Sat     "}}, {"type": "Feature", "geometry": {"type": "Point", "coordinates": [-94.47724999999997, 37.084250000000054]}, "properties": {"ACCIDENT": "2220095919", "ACC_DATE": "2022-11-19", "ACC_TIME": "17:30:00", "COUNTY": "JASPER", "CITY": "JOPLIN", "ON_STREET": "LP 49", "AT_STREET": "MO 66", "INTER_LOC": "A ", "DIRECTION": "S ", "ACC_TYPE": "Pedestrian", "SEVERITY": "Personal Injury", "INJURED": 1, "KILLED": 0, "NO_VEHICLE": 2, "DR_DRINK": "N ", "DR_DRUG": "N ", "SPEED": "N ", "CELL_PHONE": "N ", "TEXTING": "N ", "MOTORCYCLE": "N ", "PICKUP": "N ", "TRUCK": "N ", "SCHOOL_BUS": "N ", "LIGHT_COND": "Dark-Lighted", "DAY_WEEK": "Sat     "}}, {"type": "Feature", "geometry": {"type": "Point", "coordinates": [-94.48644999999999, 37.07430000000005]}, "properties": {"ACCIDENT": "2220109755", "ACC_DATE": "2022-12-06", "ACC_TIME": "20:11:00", "COUNTY": "JASPER", "CITY": "JOPLIN", "ON_STREET": "CST FLORIDA AVE", "AT_STREET": "CST 15TH ST", "INTER_LOC": "B ", "DIRECTION": "S ", "ACC_TYPE": "Pedestrian", "SEVERITY": "Property Damage", "INJURED": 0, "KILLED": 0, "NO_VEHICLE": 1, "DR_DRINK": "Y ", "DR_DRUG": "N ", "SPEED": "N ", "CELL_PHONE": "N ", "TEXTING": "N ", "MOTORCYCLE": "N ", "PICKUP": "N ", "TRUCK": "N ", "SCHOOL_BUS": "N ", "LIGHT_COND": "Dark-Lighted", "DAY_WEEK": "Tue     "}}, {"type": "Feature", "geometry": {"type": "Point", "coordinates": [-94.41502999999994, 37.15707000000003]}, "properties": {"ACCIDENT": "3220033559", "ACC_DATE": "2022-12-26", "ACC_TIME": "08:05:00", "COUNTY": "JASPER", "CITY": "NON-CITY OR UNINCORPORATED", "ON_STREET": "CRD CL 197", "AT_STREET": "CRD HOLT RD", "INTER_LOC": "A ", "DIRECTION": "S ", "ACC_TYPE": "Pedestrian", "SEVERITY": "Personal Injury", "INJURED": 1, "KILLED": 0, "NO_VEHICLE": 1, "DR_DRINK": "U ", "DR_DRUG": "U ", "SPEED": "U ", "CELL_PHONE": "N ", "TEXTING": "N ", "MOTORCYCLE": "N ", "PICKUP": "N ", "TRUCK": "N ", "SCHOOL_BUS": "N ", "LIGHT_COND": "Daylight", "DAY_WEEK": "Mon     "}}, {"type": "Feature", "geometry": {"type": "Point", "coordinates": [-94.51651999999996, 37.08974000000006]}, "properties": {"ACCIDENT": "2230007926", "ACC_DATE": "2023-01-15", "ACC_TIME": "18:11:00", "COUNTY": "JASPER", "CITY": "JOPLIN", "ON_STREET": "CST 2ND ST", "AT_STREET": "CST PEARL AVE", "INTER_LOC": "AT", "DIRECTION": "W ", "ACC_TYPE": "Pedalcycle", "SEVERITY": "Property Damage", "INJURED": 0, "KILLED": 0, "NO_VEHICLE": 2, "DR_DRINK": "U ", "DR_DRUG": "U ", "SPEED": "U ", "CELL_PHONE": "N ", "TEXTING": "N ", "MOTORCYCLE": "N ", "PICKUP": "N ", "TRUCK": "N ", "SCHOOL_BUS": "N ", "LIGHT_COND": "Dark-Unlighted", "DAY_WEEK": "Sun     "}}, {"type": "Feature", "geometry": {"type": "Point", "coordinates": [-94.49401999999998, 37.083840000000066]}, "properties": {"ACCIDENT": "2230005973", "ACC_DATE": "2023-01-27", "ACC_TIME": "15:06:00", "COUNTY": "JASPER", "CITY": "JOPLIN", "ON_STREET": "MO 66", "AT_STREET": "CST ST CHARLES AVE", "INTER_LOC": "A ", "DIRECTION": "W ", "ACC_TYPE": "Pedestrian", "SEVERITY": "Personal Injury", "INJURED": 1, "KILLED": 0, "NO_VEHICLE": 1, "DR_DRINK": "N ", "DR_DRUG": "N ", "SPEED": "N ", "CELL_PHONE": "N ", "TEXTING": "N ", "MOTORCYCLE": "N ", "PICKUP": "N ", "TRUCK": "N ", "SCHOOL_BUS": "N ", "LIGHT_COND": "Daylight", "DAY_WEEK": "Fri     "}}, {"type": "Feature", "geometry": {"type": "Point", "coordinates": [-94.47736999999995, 37.08167000000003]}, "properties": {"ACCIDENT": "2230007932", "ACC_DATE": "2023-01-31", "ACC_TIME": "18:49:00", "COUNTY": "JASPER", "CITY": "JOPLIN", "ON_STREET": "LP 49", "AT_STREET": "CST 8TH ST", "INTER_LOC": "A ", "DIRECTION": "S ", "ACC_TYPE": "Pedestrian", "SEVERITY": "Personal Injury", "INJURED": 1, "KILLED": 0, "NO_VEHICLE": 1, "DR_DRINK": "N ", "DR_DRUG": "N ", "SPEED": "N ", "CELL_PHONE": "N ", "TEXTING": "N ", "MOTORCYCLE": "N ", "PICKUP": "N ", "TRUCK": "N ", "SCHOOL_BUS": "N ", "LIGHT_COND": "Dark-Lighted", "DAY_WEEK": "Tue     "}}, {"type": "Feature", "geometry": {"type": "Point", "coordinates": [-94.50177999999994, 37.07471000000004]}, "properties": {"ACCIDENT": "2230012287", "ACC_DATE": "2023-02-08", "ACC_TIME": "22:56:00", "COUNTY": "JASPER", "CITY": "JOPLIN", "ON_STREET": "CST 15TH ST", "AT_STREET": "CST WISCONSIN AVE", "INTER_LOC": "B ", "DIRECTION": "W ", "ACC_TYPE": "Pedestrian", "SEVERITY": "Personal Injury", "INJURED": 1, "KILLED": 0, "NO_VEHICLE": 1, "DR_DRINK": "N ", "DR_DRUG": "N ", "SPEED": "N ", "CELL_PHONE": "N ", "TEXTING": "N ", "MOTORCYCLE": "N ", "PICKUP": "N ", "TRUCK": "N ", "SCHOOL_BUS": "N ", "LIGHT_COND": "Dark-Lighted", "DAY_WEEK": "Wed     "}}, {"type": "Feature", "geometry": {"type": "Point", "coordinates": [-94.51316999999995, 37.09062000000006]}, "properties": {"ACCIDENT": "2230012603", "ACC_DATE": "2023-02-09", "ACC_TIME": "18:57:00", "COUNTY": "JASPER", "CITY": "JOPLIN", "ON_STREET": "MO 43", "AT_STREET": "CST 1ST ST", "INTER_LOC": "A ", "DIRECTION": "S ", "ACC_TYPE": "Pedestrian", "SEVERITY": "Personal Injury", "INJURED": 1, "KILLED": 0, "NO_VEHICLE": 1, "DR_DRINK": "Y ", "DR_DRUG": "N ", "SPEED": "N ", "CELL_PHONE": "N ", "TEXTING": "N ", "MOTORCYCLE": "N ", "PICKUP": "N ", "TRUCK": "N ", "SCHOOL_BUS": "N ", "LIGHT_COND": "Dark-Lighted", "DAY_WEEK": "Thu     "}}, {"type": "Feature", "geometry": {"type": "Point", "coordinates": [-94.49509999999998, 37.08382000000006]}, "properties": {"ACCIDENT": "2230024527", "ACC_DATE": "2023-04-01", "ACC_TIME": "12:14:00", "COUNTY": "JASPER", "CITY": "JOPLIN", "ON_STREET": "MO 66", "AT_STREET": "CST ST LOUIS ST", "INTER_LOC": "AT", "DIRECTION": "W ", "ACC_TYPE": "Pedalcycle", "SEVERITY": "Property Damage", "INJURED": 0, "KILLED": 0, "NO_VEHICLE": 2, "DR_DRINK": "N ", "DR_DRUG": "N ", "SPEED": "N ", "CELL_PHONE": "N ", "TEXTING": "N ", "MOTORCYCLE": "N ", "PICKUP": "N ", "TRUCK": "N ", "SCHOOL_BUS": "N ", "LIGHT_COND": "Daylight", "DAY_WEEK": "Sat     "}}, {"type": "Feature", "geometry": {"type": "Point", "coordinates": [-94.52893999999998, 37.067390000000046]}, "properties": {"ACCIDENT": "2230033764", "ACC_DATE": "2023-04-21", "ACC_TIME": "18:18:00", "COUNTY": "JASPER", "CITY": "JOPLIN", "ON_STREET": "CST ANNIE BAXTER AVE", "AT_STREET": "CST W 22ND ST", "INTER_LOC": "AT", "DIRECTION": "S ", "ACC_TYPE": "Pedalcycle", "SEVERITY": "Personal Injury", "INJURED": 1, "KILLED": 0, "NO_VEHICLE": 2, "DR_DRINK": "N ", "DR_DRUG": "N ", "SPEED": "N ", "CELL_PHONE": "N ", "TEXTING": "N ", "MOTORCYCLE": "N ", "PICKUP": "N ", "TRUCK": "N ", "SCHOOL_BUS": "N ", "LIGHT_COND": "Daylight", "DAY_WEEK": "Fri     "}}, {"type": "Feature", "geometry": {"type": "Point", "coordinates": [-94.56759999999997, 37.17686000000003]}, "properties": {"ACCIDENT": "2230036597", "ACC_DATE": "2023-05-09", "ACC_TIME": "10:53:00", "COUNTY": "JASPER", "CITY": "CARL JUNCTION", "ON_STREET": "RT Z", "AT_STREET": "CST RONEY ST EJ", "INTER_LOC": "AT", "DIRECTION": "W ", "ACC_TYPE": "Pedalcycle", "SEVERITY": "Personal Injury", "INJURED": 1, "KILLED": 0, "NO_VEHICLE": 2, "DR_DRINK": "N ", "DR_DRUG": "N ", "SPEED": "N ", "CELL_PHONE": "N ", "TEXTING": "N ", "MOTORCYCLE": "N ", "PICKUP": "N ", "TRUCK": "N ", "SCHOOL_BUS": "N ", "LIGHT_COND": "Daylight", "DAY_WEEK": "Tue     "}}, {"type": "Feature", "geometry": {"type": "Point", "coordinates": [-94.31292999999994, 37.16199000000006]}, "properties": {"ACCIDENT": "2230043873", "ACC_DATE": "2023-06-06", "ACC_TIME": "16:54:00", "COUNTY": "JASPER", "CITY": "CARTHAGE", "ON_STREET": "CST CENTENNIAL AVE", "AT_STREET": "CST MAPLE ST", "INTER_LOC": "AT", "DIRECTION": "E ", "ACC_TYPE": "Pedalcycle", "SEVERITY": "Personal Injury", "INJURED": 1, "KILLED": 0, "NO_VEHICLE": 2, "DR_DRINK": "N ", "DR_DRUG": "N ", "SPEED": "Y ", "CELL_PHONE": "N ", "TEXTING": "N ", "MOTORCYCLE": "N ", "PICKUP": "N ", "TRUCK": "N ", "SCHOOL_BUS": "N ", "LIGHT_COND": "Daylight", "DAY_WEEK": "Tue     "}}, {"type": "Feature", "geometry": {"type": "Point", "coordinates": [-94.54314999999997, 37.07854000000003]}, "properties": {"ACCIDENT": "2230044713", "ACC_DATE": "2023-06-11", "ACC_TIME": "15:04:00", "COUNTY": "JASPER", "CITY": "JOPLIN", "ON_STREET": "CST MONROE AVE", "AT_STREET": "CST 12TH ST", "INTER_LOC": "AT", "DIRECTION": "N ", "ACC_TYPE": "Pedalcycle", "SEVERITY": "Personal Injury", "INJURED": 1, "KILLED": 0, "NO_VEHICLE": 2, "DR_DRINK": "U ", "DR_DRUG": "U ", "SPEED": "U ", "CELL_PHONE": "N ", "TEXTING": "N ", "MOTORCYCLE": "N ", "PICKUP": "N ", "TRUCK": "N ", "SCHOOL_BUS": "N ", "LIGHT_COND": "Daylight", "DAY_WEEK": "Sun     "}}, {"type": "Feature", "geometry": {"type": "Point", "coordinates": [-94.31710999999996, 37.140270000000044]}, "properties": {"ACCIDENT": "2230046419", "ACC_DATE": "2023-06-18", "ACC_TIME": "11:24:00", "COUNTY": "JASPER", "CITY": "CARTHAGE", "ON_STREET": "RT HH", "AT_STREET": "CST ANNIE BAXTER AVE", "INTER_LOC": "A ", "DIRECTION": "E ", "ACC_TYPE": "Pedalcycle", "SEVERITY": "Personal Injury", "INJURED": 1, "KILLED": 0, "NO_VEHICLE": 3, "DR_DRINK": "N ", "DR_DRUG": "N ", "SPEED": "N ", "CELL_PHONE": "N ", "TEXTING": "N ", "MOTORCYCLE": "N ", "PICKUP": "N ", "TRUCK": "N ", "SCHOOL_BUS": "N ", "LIGHT_COND": "Daylight", "DAY_WEEK": "Sun     "}}, {"type": "Feature", "geometry": {"type": "Point", "coordinates": [-94.48495999999994, 37.08380000000005]}, "properties": {"ACCIDENT": "2230061672", "ACC_DATE": "2023-07-28", "ACC_TIME": "19:51:00", "COUNTY": "JASPER", "CITY": "JOPLIN", "ON_STREET": "MO 66", "AT_STREET": "CST FLORIDA AVE", "INTER_LOC": "A ", "DIRECTION": "E ", "ACC_TYPE": "Pedestrian", "SEVERITY": "Personal Injury", "INJURED": 1, "KILLED": 0, "NO_VEHICLE": 1, "DR_DRINK": "N ", "DR_DRUG": "N ", "SPEED": "N ", "CELL_PHONE": "N ", "TEXTING": "N ", "MOTORCYCLE": "N ", "PICKUP": "Y ", "TRUCK": "Y ", "SCHOOL_BUS": "N ", "LIGHT_COND": "Daylight", "DAY_WEEK": "Fri     "}}, {"type": "Feature", "geometry": {"type": "Point", "coordinates": [-94.49027999999998, 37.11313000000007]}, "properties": {"ACCIDENT": "2230061784", "ACC_DATE": "2023-08-06", "ACC_TIME": "08:47:00", "COUNTY": "JASPER", "CITY": "JOPLIN", "ON_STREET": "CST E ZORA ST", "AT_STREET": "CST HIGHLAND AVE", "INTER_LOC": "B ", "DIRECTION": "W ", "ACC_TYPE": "Pedestrian", "SEVERITY": "Personal Injury", "INJURED": 1, "KILLED": 0, "NO_VEHICLE": 1, "DR_DRINK": "U ", "DR_DRUG": "U ", "SPEED": "U ", "CELL_PHONE": "N ", "TEXTING": "N ", "MOTORCYCLE": "N ", "PICKUP": "N ", "TRUCK": "N ", "SCHOOL_BUS": "N ", "LIGHT_COND": "Daylight", "DAY_WEEK": "Sun     "}}, {"type": "Feature", "geometry": {"type": "Point", "coordinates": [-94.47715999999997, 37.08687000000003]}, "properties": {"ACCIDENT": "2230061679", "ACC_DATE": "2023-08-07", "ACC_TIME": "14:28:00", "COUNTY": "JASPER", "CITY": "JOPLIN", "ON_STREET": "CST 4TH ST", "AT_STREET": "CST RANGE LINE RD", "INTER_LOC": "B ", "DIRECTION": "W ", "ACC_TYPE": "Pedestrian", "SEVERITY": "Personal Injury", "INJURED": 1, "KILLED": 0, "NO_VEHICLE": 1, "DR_DRINK": "N ", "DR_DRUG": "N ", "SPEED": "N ", "CELL_PHONE": "N ", "TEXTING": "N ", "MOTORCYCLE": "N ", "PICKUP": "N ", "TRUCK": "N ", "SCHOOL_BUS": "N ", "LIGHT_COND": "Daylight", "DAY_WEEK": "Mon     "}}, {"type": "Feature", "geometry": {"type": "Point", "coordinates": [-94.42166999999995, 37.10645000000005]}, "properties": {"ACCIDENT": "3230019661", "ACC_DATE": "2023-08-14", "ACC_TIME": "05:40:00", "COUNTY": "JASPER", "CITY": "NON-CITY OR UNINCORPORATED", "ON_STREET": "CRD N PROSPERITY AVE", "AT_STREET": "PVT DAHLIA LN", "INTER_LOC": "A ", "DIRECTION": "S ", "ACC_TYPE": "Pedestrian", "SEVERITY": "Personal Injury", "INJURED": 1, "KILLED": 0, "NO_VEHICLE": 1, "DR_DRINK": "N ", "DR_DRUG": "N ", "SPEED": "N ", "CELL_PHONE": "N ", "TEXTING": "N ", "MOTORCYCLE": "N ", "PICKUP": "N ", "TRUCK": "N ", "SCHOOL_BUS": "N ", "LIGHT_COND": "Dark-Unlighted", "DAY_WEEK": "Mon     "}}, {"type": "Feature", "geometry": {"type": "Point", "coordinates": [-94.47466999999995, 37.14178000000004]}, "properties": {"ACCIDENT": "2230067370", "ACC_DATE": "2023-08-21", "ACC_TIME": "17:03:00", "COUNTY": "JASPER", "CITY": "WEBB CITY", "ON_STREET": "CST S MADISON ST", "AT_STREET": "CST 4TH ST", "INTER_LOC": "A ", "DIRECTION": "S ", "ACC_TYPE": "Pedestrian", "SEVERITY": "Property Damage", "INJURED": 0, "KILLED": 0, "NO_VEHICLE": 2, "DR_DRINK": "N ", "DR_DRUG": "N ", "SPEED": "N ", "CELL_PHONE": "N ", "TEXTING": "N ", "MOTORCYCLE": "N ", "PICKUP": "Y ", "TRUCK": "Y ", "SCHOOL_BUS": "N ", "LIGHT_COND": "Daylight", "DAY_WEEK": "Mon     "}}, {"type": "Feature", "geometry": {"type": "Point", "coordinates": [-94.49640999999997, 37.08387000000005]}, "properties": {"ACCIDENT": "2230072483", "ACC_DATE": "2023-09-09", "ACC_TIME": "10:35:00", "COUNTY": "JASPER", "CITY": "JOPLIN", "ON_STREET": "MO 66", "AT_STREET": "CST TERRACE AVE", "INTER_LOC": "B ", "DIRECTION": "E ", "ACC_TYPE": "Pedalcycle", "SEVERITY": "Personal Injury", "INJURED": 1, "KILLED": 0, "NO_VEHICLE": 2, "DR_DRINK": "N ", "DR_DRUG": "N ", "SPEED": "N ", "CELL_PHONE": "N ", "TEXTING": "N ", "MOTORCYCLE": "N ", "PICKUP": "N ", "TRUCK": "N ", "SCHOOL_BUS": "N ", "LIGHT_COND": "Daylight", "DAY_WEEK": "Sat     "}}, {"type": "Feature", "geometry": {"type": "Point", "coordinates": [-94.49532999999997, 37.07884000000007]}, "properties": {"ACCIDENT": "2230076836", "ACC_DATE": "2023-09-22", "ACC_TIME": "16:32:00", "COUNTY": "JASPER", "CITY": "JOPLIN", "ON_STREET": "CST ST LOUIS ST", "AT_STREET": "CST CAMPBELL PKWY", "INTER_LOC": "A ", "DIRECTION": "N ", "ACC_TYPE": "Pedalcycle", "SEVERITY": "Personal Injury", "INJURED": 1, "KILLED": 0, "NO_VEHICLE": 2, "DR_DRINK": "N ", "DR_DRUG": "N ", "SPEED": "N ", "CELL_PHONE": "N ", "TEXTING": "N ", "MOTORCYCLE": "N ", "PICKUP": "N ", "TRUCK": "N ", "SCHOOL_BUS": "N ", "LIGHT_COND": "Daylight", "DAY_WEEK": "Fri     "}}, {"type": "Feature", "geometry": {"type": "Point", "coordinates": [-94.52080999999998, 37.06969000000004]}, "properties": {"ACCIDENT": "2230084251", "ACC_DATE": "2023-10-12", "ACC_TIME": "01:49:00", "COUNTY": "JASPER", "CITY": "JOPLIN", "ON_STREET": "CST W 20TH ST", "AT_STREET": "CST SERGEANT AVE", "INTER_LOC": "A ", "DIRECTION": "E ", "ACC_TYPE": "Pedestrian", "SEVERITY": "Personal Injury", "INJURED": 1, "KILLED": 0, "NO_VEHICLE": 1, "DR_DRINK": "N ", "DR_DRUG": "N ", "SPEED": "N ", "CELL_PHONE": "N ", "TEXTING": "N ", "MOTORCYCLE": "N ", "PICKUP": "N ", "TRUCK": "N ", "SCHOOL_BUS": "N ", "LIGHT_COND": "Dark-Unlighted", "DAY_WEEK": "Thu     "}}, {"type": "Feature", "geometry": {"type": "Point", "coordinates": [-94.31432999999998, 37.17870000000005]}, "properties": {"ACCIDENT": "2230085433", "ACC_DATE": "2023-10-21", "ACC_TIME": "17:22:00", "COUNTY": "JASPER", "CITY": "CARTHAGE", "ON_STREET": "CST CENTRAL AVE", "AT_STREET": "MO 571 993", "INTER_LOC": "B ", "DIRECTION": "E ", "ACC_TYPE": "Pedestrian", "SEVERITY": "Personal Injury", "INJURED": 1, "KILLED": 0, "NO_VEHICLE": 1, "DR_DRINK": "U ", "DR_DRUG": "U ", "SPEED": "U ", "CELL_PHONE": "N ", "TEXTING": "N ", "MOTORCYCLE": "N ", "PICKUP": "N ", "TRUCK": "N ", "SCHOOL_BUS": "N ", "LIGHT_COND": "Daylight", "DAY_WEEK": "Sat     "}}, {"type": "Feature", "geometry": {"type": "Point", "coordinates": [-94.32780999999994, 37.167790000000025]}, "properties": {"ACCIDENT": "2230098213", "ACC_DATE": "2023-10-25", "ACC_TIME": "19:30:00", "COUNTY": "JASPER", "CITY": "CARTHAGE", "ON_STREET": "CST BAKER BLVD", "AT_STREET": "CRD MILLER ST", "INTER_LOC": "A ", "DIRECTION": "S ", "ACC_TYPE": "Pedalcycle", "SEVERITY": "Personal Injury", "INJURED": 1, "KILLED": 0, "NO_VEHICLE": 2, "DR_DRINK": "U ", "DR_DRUG": "U ", "SPEED": "U ", "CELL_PHONE": "N ", "TEXTING": "N ", "MOTORCYCLE": "N ", "PICKUP": "N ", "TRUCK": "N ", "SCHOOL_BUS": "N ", "LIGHT_COND": "Dark-Lighted", "DAY_WEEK": "Wed     "}}, {"type": "Feature", "geometry": {"type": "Point", "coordinates": [-94.32793999999996, 37.16432000000003]}, "properties": {"ACCIDENT": "2230092534", "ACC_DATE": "2023-11-02", "ACC_TIME": "21:14:00", "COUNTY": "JASPER", "CITY": "CARTHAGE", "ON_STREET": "CST BAKER BLVD", "AT_STREET": "CST KIMBERLY LN", "INTER_LOC": "B ", "DIRECTION": "S ", "ACC_TYPE": "Pedestrian", "SEVERITY": "Property Damage", "INJURED": 0, "KILLED": 0, "NO_VEHICLE": 1, "DR_DRINK": "U ", "DR_DRUG": "U ", "SPEED": "U ", "CELL_PHONE": "N ", "TEXTING": "N ", "MOTORCYCLE": "N ", "PICKUP": "Y ", "TRUCK": "Y ", "SCHOOL_BUS": "N ", "LIGHT_COND": "Dark-Unlighted", "DAY_WEEK": "Thu     "}}, {"type": "Feature", "geometry": {"type": "Point", "coordinates": [-94.47493999999995, 37.135530000000074]}, "properties": {"ACCIDENT": "2230092929", "ACC_DATE": "2023-11-10", "ACC_TIME": "18:47:00", "COUNTY": "JASPER", "CITY": "WEBB CITY", "ON_STREET": "CST S MADISON ST", "AT_STREET": "CST 10TH ST", "INTER_LOC": "B ", "DIRECTION": "N ", "ACC_TYPE": "Pedestrian", "SEVERITY": "Fatal", "INJURED": 0, "KILLED": 1, "NO_VEHICLE": 1, "DR_DRINK": "N ", "DR_DRUG": "N ", "SPEED": "N ", "CELL_PHONE": "N ", "TEXTING": "N ", "MOTORCYCLE": "N ", "PICKUP": "Y ", "TRUCK": "Y ", "SCHOOL_BUS": "N ", "LIGHT_COND": "Dark-Unlighted", "DAY_WEEK": "Fri     "}}, {"type": "Feature", "geometry": {"type": "Point", "coordinates": [-94.36123999999995, 37.08290000000005]}, "properties": {"ACCIDENT": "3230028665", "ACC_DATE": "2023-11-12", "ACC_TIME": "22:15:00", "COUNTY": "JASPER", "CITY": "NON-CITY OR UNINCORPORATED", "ON_STREET": "CRD CIMARRON RD", "AT_STREET": "RP 1083104", "INTER_LOC": "A ", "DIRECTION": "E ", "ACC_TYPE": "Pedalcycle", "SEVERITY": "Personal Injury", "INJURED": 1, "KILLED": 0, "NO_VEHICLE": 2, "DR_DRINK": "N ", "DR_DRUG": "N ", "SPEED": "N ", "CELL_PHONE": "N ", "TEXTING": "N ", "MOTORCYCLE": "N ", "PICKUP": "N ", "TRUCK": "N ", "SCHOOL_BUS": "N ", "LIGHT_COND": "Dark-Unlighted", "DAY_WEEK": "Sun     "}}, {"type": "Feature", "geometry": {"type": "Point", "coordinates": [-94.46613999999994, 37.08028000000007]}, "properties": {"ACCIDENT": "2230094945", "ACC_DATE": "2023-11-13", "ACC_TIME": "15:05:00", "COUNTY": "JASPER", "CITY": "DUQUESNE", "ON_STREET": "CST 10TH ST", "AT_STREET": "CST KATHERINE AVE", "INTER_LOC": "A ", "DIRECTION": "W ", "ACC_TYPE": "Pedestrian", "SEVERITY": "Personal Injury", "INJURED": 2, "KILLED": 0, "NO_VEHICLE": 1, "DR_DRINK": "N ", "DR_DRUG": "N ", "SPEED": "N ", "CELL_PHONE": "N ", "TEXTING": "N ", "MOTORCYCLE": "N ", "PICKUP": "N ", "TRUCK": "N ", "SCHOOL_BUS": "N ", "LIGHT_COND": "Daylight", "DAY_WEEK": "Mon     "}}, {"type": "Feature", "geometry": {"type": "Point", "coordinates": [-94.46308999999997, 37.144810000000064]}, "properties": {"ACCIDENT": "2230094564", "ACC_DATE": "2023-11-13", "ACC_TIME": "14:25:00", "COUNTY": "JASPER", "CITY": "WEBB CITY", "ON_STREET": "CST 1ST ST", "AT_STREET": "CST MAIN ST", "INTER_LOC": "B ", "DIRECTION": "E ", "ACC_TYPE": "Pedalcycle", "SEVERITY": "Personal Injury", "INJURED": 1, "KILLED": 0, "NO_VEHICLE": 2, "DR_DRINK": "U ", "DR_DRUG": "U ", "SPEED": "U ", "CELL_PHONE": "N ", "TEXTING": "N ", "MOTORCYCLE": "N ", "PICKUP": "N ", "TRUCK": "N ", "SCHOOL_BUS": "N ", "LIGHT_COND": "Daylight", "DAY_WEEK": "Mon     "}}, {"type": "Feature", "geometry": {"type": "Point", "coordinates": [-94.52406999999994, 37.089960000000076]}, "properties": {"ACCIDENT": "2230095110", "ACC_DATE": "2023-11-17", "ACC_TIME": "16:10:00", "COUNTY": "JASPER", "CITY": "JOPLIN", "ON_STREET": "CST 2ND ST", "AT_STREET": "CST GRAY AVE", "INTER_LOC": "A ", "DIRECTION": "W ", "ACC_TYPE": "Pedalcycle", "SEVERITY": "Personal Injury", "INJURED": 1, "KILLED": 0, "NO_VEHICLE": 2, "DR_DRINK": "N ", "DR_DRUG": "N ", "SPEED": "N ", "CELL_PHONE": "N ", "TEXTING": "N ", "MOTORCYCLE": "N ", "PICKUP": "N ", "TRUCK": "N ", "SCHOOL_BUS": "N ", "LIGHT_COND": "Daylight", "DAY_WEEK": "Fri     "}}, {"type": "Feature", "geometry": {"type": "Point", "coordinates": [-94.47829999999999, 37.05722000000003]}, "properties": {"ACCIDENT": "2230099593", "ACC_DATE": "2023-11-25", "ACC_TIME": "14:10:00", "COUNTY": "JASPER", "CITY": "JOPLIN", "ON_STREET": "LP 49", "AT_STREET": "CST RANGE LINE RD SJ", "INTER_LOC": "A ", "DIRECTION": "N ", "ACC_TYPE": "Pedestrian", "SEVERITY": "Fatal", "INJURED": 0, "KILLED": 1, "NO_VEHICLE": 1, "DR_DRINK": "U ", "DR_DRUG": "U ", "SPEED": "U ", "CELL_PHONE": "N ", "TEXTING": "N ", "MOTORCYCLE": "N ", "PICKUP": "Y ", "TRUCK": "Y ", "SCHOOL_BUS": "N ", "LIGHT_COND": "Daylight", "DAY_WEEK": "Sat     "}}, {"type": "Feature", "geometry": {"type": "Point", "coordinates": [-94.47745999999995, 37.07946000000004]}, "properties": {"ACCIDENT": "2230099592", "ACC_DATE": "2023-11-25", "ACC_TIME": "12:43:00", "COUNTY": "JASPER", "CITY": "JOPLIN", "ON_STREET": "LP 49", "AT_STREET": "CST 11TH ST", "INTER_LOC": "B ", "DIRECTION": "S ", "ACC_TYPE": "Pedestrian", "SEVERITY": "Personal Injury", "INJURED": 1, "KILLED": 0, "NO_VEHICLE": 1, "DR_DRINK": "N ", "DR_DRUG": "N ", "SPEED": "N ", "CELL_PHONE": "N ", "TEXTING": "N ", "MOTORCYCLE": "N ", "PICKUP": "N ", "TRUCK": "N ", "SCHOOL_BUS": "N ", "LIGHT_COND": "Daylight", "DAY_WEEK": "Sat     "}}, {"type": "Feature", "geometry": {"type": "Point", "coordinates": [-94.52466999999996, 37.084370000000035]}, "properties": {"ACCIDENT": "2240003335", "ACC_DATE": "2024-01-08", "ACC_TIME": "18:05:00", "COUNTY": "JASPER", "CITY": "JOPLIN", "ON_STREET": "MO 66", "AT_STREET": "CST MURPHY AVE", "INTER_LOC": "A ", "DIRECTION": "E ", "ACC_TYPE": "Pedestrian", "SEVERITY": "Fatal", "INJURED": 0, "KILLED": 1, "NO_VEHICLE": 1, "DR_DRINK": "U ", "DR_DRUG": "U ", "SPEED": "U ", "CELL_PHONE": "N ", "TEXTING": "N ", "MOTORCYCLE": "N ", "PICKUP": "N ", "TRUCK": "N ", "SCHOOL_BUS": "N ", "LIGHT_COND": "Dark-Lighted", "DAY_WEEK": "Mon     "}}, {"type": "Feature", "geometry": {"type": "Point", "coordinates": [-94.32588999999996, 37.178870000000074]}, "properties": {"ACCIDENT": "2240001970", "ACC_DATE": "2024-01-11", "ACC_TIME": "19:40:00", "COUNTY": "JASPER", "CITY": "CARTHAGE", "ON_STREET": "CST CENTRAL AVE", "AT_STREET": "CST FLORENCE ST", "INTER_LOC": "AT", "DIRECTION": "W ", "ACC_TYPE": "Pedestrian", "SEVERITY": "Personal Injury", "INJURED": 1, "KILLED": 0, "NO_VEHICLE": 1, "DR_DRINK": "N ", "DR_DRUG": "N ", "SPEED": "N ", "CELL_PHONE": "N ", "TEXTING": "N ", "MOTORCYCLE": "N ", "PICKUP": "N ", "TRUCK": "N ", "SCHOOL_BUS": "N ", "LIGHT_COND": "Dark-Unlighted", "DAY_WEEK": "Thu     "}}, {"type": "Feature", "geometry": {"type": "Point", "coordinates": [-94.51408999999995, 37.06950000000006]}, "properties": {"ACCIDENT": "2240017836", "ACC_DATE": "2024-01-25", "ACC_TIME": "07:44:00", "COUNTY": "JASPER", "CITY": "JOPLIN", "ON_STREET": "CST E 20TH ST", "AT_STREET": "CST W 20TH ST", "INTER_LOC": "A ", "DIRECTION": "E ", "ACC_TYPE": "Pedalcycle", "SEVERITY": "Personal Injury", "INJURED": 1, "KILLED": 0, "NO_VEHICLE": 1, "DR_DRINK": "N ", "DR_DRUG": "N ", "SPEED": "N ", "CELL_PHONE": "N ", "TEXTING": "N ", "MOTORCYCLE": "N ", "PICKUP": "N ", "TRUCK": "N ", "SCHOOL_BUS": "N ", "LIGHT_COND": "Daylight", "DAY_WEEK": "Thu     "}}, {"type": "Feature", "geometry": {"type": "Point", "coordinates": [-94.51395999999994, 37.069470000000024]}, "properties": {"ACCIDENT": "2240011901", "ACC_DATE": "2024-02-01", "ACC_TIME": "11:20:00", "COUNTY": "JASPER", "CITY": "JOPLIN", "ON_STREET": "CST E 20TH ST", "AT_STREET": "CST W 20TH ST", "INTER_LOC": "B ", "DIRECTION": "W ", "ACC_TYPE": "Pedalcycle", "SEVERITY": "Personal Injury", "INJURED": 1, "KILLED": 0, "NO_VEHICLE": 1, "DR_DRINK": "N ", "DR_DRUG": "N ", "SPEED": "N ", "CELL_PHONE": "N ", "TEXTING": "N ", "MOTORCYCLE": "N ", "PICKUP": "Y ", "TRUCK": "Y ", "SCHOOL_BUS": "N ", "LIGHT_COND": "Daylight", "DAY_WEEK": "Thu     "}}, {"type": "Feature", "geometry": {"type": "Point", "coordinates": [-94.54406999999998, 37.08468000000005]}, "properties": {"ACCIDENT": "2240013939", "ACC_DATE": "2024-02-02", "ACC_TIME": "12:25:00", "COUNTY": "JASPER", "CITY": "JOPLIN", "ON_STREET": "MO 66", "AT_STREET": "CST JEFFERSON AVE", "INTER_LOC": "A ", "DIRECTION": "W ", "ACC_TYPE": "Pedalcycle", "SEVERITY": "Personal Injury", "INJURED": 1, "KILLED": 0, "NO_VEHICLE": 1, "DR_DRINK": "N ", "DR_DRUG": "N ", "SPEED": "N ", "CELL_PHONE": "N ", "TEXTING": "N ", "MOTORCYCLE": "N ", "PICKUP": "Y ", "TRUCK": "Y ", "SCHOOL_BUS": "N ", "LIGHT_COND": "Daylight", "DAY_WEEK": "Fri     "}}, {"type": "Feature", "geometry": {"type": "Point", "coordinates": [-94.56497999999999, 37.176810000000046]}, "properties": {"ACCIDENT": "2240010836", "ACC_DATE": "2024-02-05", "ACC_TIME": "12:03:00", "COUNTY": "JASPER", "CITY": "CARL JUNCTION", "ON_STREET": "CST MAIN ST", "AT_STREET": "RT Z", "INTER_LOC": "A ", "DIRECTION": "N ", "ACC_TYPE": "Pedestrian", "SEVERITY": "Personal Injury", "INJURED": 1, "KILLED": 0, "NO_VEHICLE": 1, "DR_DRINK": "N ", "DR_DRUG": "N ", "SPEED": "N ", "CELL_PHONE": "N ", "TEXTING": "N ", "MOTORCYCLE": "N ", "PICKUP": "Y ", "TRUCK": "Y ", "SCHOOL_BUS": "N ", "LIGHT_COND": "Daylight", "DAY_WEEK": "Mon     "}}, {"type": "Feature", "geometry": {"type": "Point", "coordinates": [-94.06180999999998, 37.14147000000003]}, "properties": {"ACCIDENT": "3240006495", "ACC_DATE": "2024-03-20", "ACC_TIME": "17:00:00", "COUNTY": "JASPER", "CITY": "LA RUSSELL", "ON_STREET": "RT U", "AT_STREET": "CST 3RD ST", "INTER_LOC": "AT", "DIRECTION": "S ", "ACC_TYPE": "Pedalcycle", "SEVERITY": "Personal Injury", "INJURED": 1, "KILLED": 0, "NO_VEHICLE": 1, "DR_DRINK": "N ", "DR_DRUG": "N ", "SPEED": "N ", "CELL_PHONE": "N ", "TEXTING": "N ", "MOTORCYCLE": "N ", "PICKUP": "Y ", "TRUCK": "Y ", "SCHOOL_BUS": "N ", "LIGHT_COND": "Daylight", "DAY_WEEK": "Wed     "}}, {"type": "Feature", "geometry": {"type": "Point", "coordinates": [-94.45276999999999, 37.275280000000066]}, "properties": {"ACCIDENT": "3240006447", "ACC_DATE": "2024-03-21", "ACC_TIME": "06:49:00", "COUNTY": "JASPER", "CITY": "NON-CITY OR UNINCORPORATED", "ON_STREET": "CRD POPPY RD", "AT_STREET": "CRD 220", "INTER_LOC": "AT", "DIRECTION": "E ", "ACC_TYPE": "Pedestrian", "SEVERITY": "Personal Injury", "INJURED": 1, "KILLED": 0, "NO_VEHICLE": 1, "DR_DRINK": "N ", "DR_DRUG": "N ", "SPEED": "N ", "CELL_PHONE": "N ", "TEXTING": "N ", "MOTORCYCLE": "N ", "PICKUP": "N ", "TRUCK": "N ", "SCHOOL_BUS": "Y ", "LIGHT_COND": "Dark-Unlighted", "DAY_WEEK": "Thu     "}}, {"type": "Feature", "geometry": {"type": "Point", "coordinates": [-94.54920999999996, 37.077330000000075]}, "properties": {"ACCIDENT": "2240025468", "ACC_DATE": "2024-04-05", "ACC_TIME": "16:13:00", "COUNTY": "JASPER", "CITY": "JOPLIN", "ON_STREET": "CST SCHIFFERDECKER AVE", "AT_STREET": "CST JUNGE BLVD", "INTER_LOC": "AT", "DIRECTION": "S ", "ACC_TYPE": "Pedalcycle", "SEVERITY": "Personal Injury", "INJURED": 1, "KILLED": 0, "NO_VEHICLE": 1, "DR_DRINK": "N ", "DR_DRUG": "N ", "SPEED": "N ", "CELL_PHONE": "N ", "TEXTING": "N ", "MOTORCYCLE": "N ", "PICKUP": "Y ", "TRUCK": "Y ", "SCHOOL_BUS": "N ", "LIGHT_COND": "Daylight", "DAY_WEEK": "Fri     "}}, {"type": "Feature", "geometry": {"type": "Point", "coordinates": [-94.47220999999996, 37.156150000000025]}, "properties": {"ACCIDENT": "2240025303", "ACC_DATE": "2024-04-15", "ACC_TIME": "14:48:00", "COUNTY": "JASPER", "CITY": "WEBB CITY", "ON_STREET": "CST STADIUM DR", "AT_STREET": "CST N MADISON ST", "INTER_LOC": "A ", "DIRECTION": "E ", "ACC_TYPE": "Pedalcycle", "SEVERITY": "Personal Injury", "INJURED": 1, "KILLED": 0, "NO_VEHICLE": 1, "DR_DRINK": "N ", "DR_DRUG": "N ", "SPEED": "N ", "CELL_PHONE": "N ", "TEXTING": "N ", "MOTORCYCLE": "N ", "PICKUP": "N ", "TRUCK": "N ", "SCHOOL_BUS": "N ", "LIGHT_COND": "Daylight", "DAY_WEEK": "Mon     "}}, {"type": "Feature", "geometry": {"type": "Point", "coordinates": [-94.54906999999997, 37.08211000000006]}, "properties": {"ACCIDENT": "2240031681", "ACC_DATE": "2024-04-24", "ACC_TIME": "14:26:00", "COUNTY": "JASPER", "CITY": "JOPLIN", "ON_STREET": "CST SCHIFFERDECKER AVE", "AT_STREET": "CST 9TH ST", "INTER_LOC": "B ", "DIRECTION": "S ", "ACC_TYPE": "Pedalcycle", "SEVERITY": "Personal Injury", "INJURED": 1, "KILLED": 0, "NO_VEHICLE": 1, "DR_DRINK": "N ", "DR_DRUG": "N ", "SPEED": "N ", "CELL_PHONE": "N ", "TEXTING": "N ", "MOTORCYCLE": "N ", "PICKUP": "Y ", "TRUCK": "Y ", "SCHOOL_BUS": "N ", "LIGHT_COND": "Daylight", "DAY_WEEK": "Wed     "}}, {"type": "Feature", "geometry": {"type": "Point", "coordinates": [-94.53108999999995, 37.085410000000024]}, "properties": {"ACCIDENT": "2240035974", "ACC_DATE": "2024-05-16", "ACC_TIME": "17:03:00", "COUNTY": "JASPER", "CITY": "JOPLIN", "ON_STREET": "CST MAIDEN LANE", "AT_STREET": "CST 6TH ST", "INTER_LOC": "B ", "DIRECTION": "N ", "ACC_TYPE": "Pedalcycle", "SEVERITY": "Personal Injury", "INJURED": 1, "KILLED": 0, "NO_VEHICLE": 1, "DR_DRINK": "N ", "DR_DRUG": "N ", "SPEED": "N ", "CELL_PHONE": "N ", "TEXTING": "N ", "MOTORCYCLE": "N ", "PICKUP": "N ", "TRUCK": "N ", "SCHOOL_BUS": "N ", "LIGHT_COND": "Daylight", "DAY_WEEK": "Thu     "}}, {"type": "Feature", "geometry": {"type": "Point", "coordinates": [-94.51916999999997, 37.08422000000007]}, "properties": {"ACCIDENT": "2240038263", "ACC_DATE": "2024-05-22", "ACC_TIME": "17:46:00", "COUNTY": "JASPER", "CITY": "JOPLIN", "ON_STREET": "CST MOFFET AVE", "AT_STREET": "MO 66", "INTER_LOC": "B ", "DIRECTION": "S ", "ACC_TYPE": "Pedestrian", "SEVERITY": "Personal Injury", "INJURED": 1, "KILLED": 0, "NO_VEHICLE": 1, "DR_DRINK": "U ", "DR_DRUG": "U ", "SPEED": "U ", "CELL_PHONE": "N ", "TEXTING": "N ", "MOTORCYCLE": "N ", "PICKUP": "Y ", "TRUCK": "Y ", "SCHOOL_BUS": "N ", "LIGHT_COND": "Daylight", "DAY_WEEK": "Wed     "}}, {"type": "Feature", "geometry": {"type": "Point", "coordinates": [-94.53724999999997, 37.084730000000036]}, "properties": {"ACCIDENT": "2240048637", "ACC_DATE": "2024-06-08", "ACC_TIME": "03:42:00", "COUNTY": "JASPER", "CITY": "JOPLIN", "ON_STREET": "MO 66", "AT_STREET": "CST TYLER AVE", "INTER_LOC": "A ", "DIRECTION": "W ", "ACC_TYPE": "Pedalcycle", "SEVERITY": "Personal Injury", "INJURED": 1, "KILLED": 0, "NO_VEHICLE": 1, "DR_DRINK": "N ", "DR_DRUG": "N ", "SPEED": "N ", "CELL_PHONE": "N ", "TEXTING": "N ", "MOTORCYCLE": "N ", "PICKUP": "N ", "TRUCK": "N ", "SCHOOL_BUS": "N ", "LIGHT_COND": "Dark-Lighted", "DAY_WEEK": "Sat     "}}, {"type": "Feature", "geometry": {"type": "Point", "coordinates": [-94.54893999999996, 37.08607000000006]}, "properties": {"ACCIDENT": "2240048640", "ACC_DATE": "2024-06-12", "ACC_TIME": "22:55:00", "COUNTY": "JASPER", "CITY": "JOPLIN", "ON_STREET": "CST SCHIFFERDECKER AVE", "AT_STREET": "CST GOLF RD", "INTER_LOC": "B ", "DIRECTION": "N ", "ACC_TYPE": "Pedestrian", "SEVERITY": "Personal Injury", "INJURED": 1, "KILLED": 0, "NO_VEHICLE": 1, "DR_DRINK": "N ", "DR_DRUG": "N ", "SPEED": "N ", "CELL_PHONE": "N ", "TEXTING": "N ", "MOTORCYCLE": "N ", "PICKUP": "Y ", "TRUCK": "Y ", "SCHOOL_BUS": "N ", "LIGHT_COND": "Dark-Lighted", "DAY_WEEK": "Wed     "}}, {"type": "Feature", "geometry": {"type": "Point", "coordinates": [-94.59996999999998, 37.071000000000026]}, "properties": {"ACCIDENT": "3240014838", "ACC_DATE": "2024-06-20", "ACC_TIME": "22:20:00", "COUNTY": "JASPER", "CITY": "NON-CITY OR UNINCORPORATED", "ON_STREET": "CST W 20TH ST", "AT_STREET": "CRD MALANG RD", "INTER_LOC": "A ", "DIRECTION": "E ", "ACC_TYPE": "Pedestrian", "SEVERITY": "Personal Injury", "INJURED": 1, "KILLED": 0, "NO_VEHICLE": 1, "DR_DRINK": "U ", "DR_DRUG": "U ", "SPEED": "U ", "CELL_PHONE": "N ", "TEXTING": "N ", "MOTORCYCLE": "U ", "PICKUP": "U ", "TRUCK": "U ", "SCHOOL_BUS": "U ", "LIGHT_COND": "Dark-Unlighted", "DAY_WEEK": "Thu     "}}, {"type": "Feature", "geometry": {"type": "Point", "coordinates": [-94.51358999999997, 37.08151000000004]}, "properties": {"ACCIDENT": "2240048659", "ACC_DATE": "2024-06-27", "ACC_TIME": "08:07:00", "COUNTY": "JASPER", "CITY": "JOPLIN", "ON_STREET": "CST E 9TH ST", "AT_STREET": "CST MAIN ST", "INTER_LOC": "A ", "DIRECTION": "E ", "ACC_TYPE": "Pedestrian", "SEVERITY": "Personal Injury", "INJURED": 1, "KILLED": 0, "NO_VEHICLE": 1, "DR_DRINK": "N ", "DR_DRUG": "N ", "SPEED": "N ", "CELL_PHONE": "N ", "TEXTING": "N ", "MOTORCYCLE": "N ", "PICKUP": "N ", "TRUCK": "N ", "SCHOOL_BUS": "N ", "LIGHT_COND": "Daylight", "DAY_WEEK": "Thu     "}}, {"type": "Feature", "geometry": {"type": "Point", "coordinates": [-94.47752999999994, 37.14864000000006]}, "properties": {"ACCIDENT": "2240050062", "ACC_DATE": "2024-07-01", "ACC_TIME": "19:18:00", "COUNTY": "JASPER", "CITY": "WEBB CITY", "ON_STREET": "CST AUSTIN ST", "AT_STREET": "CST OAK ST", "INTER_LOC": "B ", "DIRECTION": "E ", "ACC_TYPE": "Pedalcycle", "SEVERITY": "Personal Injury", "INJURED": 1, "KILLED": 0, "NO_VEHICLE": 1, "DR_DRINK": "Y ", "DR_DRUG": "N ", "SPEED": "N ", "CELL_PHONE": "N ", "TEXTING": "N ", "MOTORCYCLE": "N ", "PICKUP": "N ", "TRUCK": "N ", "SCHOOL_BUS": "N ", "LIGHT_COND": "Daylight", "DAY_WEEK": "Mon     "}}, {"type": "Feature", "geometry": {"type": "Point", "coordinates": [-94.48579999999998, 37.10880000000003]}, "properties": {"ACCIDENT": "2240061790", "ACC_DATE": "2024-07-04", "ACC_TIME": "21:49:00", "COUNTY": "JASPER", "CITY": "JOPLIN", "ON_STREET": "CST UTICA ST", "AT_STREET": "CST BROWNELL AVE", "INTER_LOC": "B ", "DIRECTION": "W ", "ACC_TYPE": "Pedestrian", "SEVERITY": "Fatal", "INJURED": 0, "KILLED": 1, "NO_VEHICLE": 1, "DR_DRINK": "U ", "DR_DRUG": "U ", "SPEED": "U ", "CELL_PHONE": "N ", "TEXTING": "N ", "MOTORCYCLE": "N ", "PICKUP": "Y ", "TRUCK": "Y ", "SCHOOL_BUS": "N ", "LIGHT_COND": "Dark-Unlighted", "DAY_WEEK": "Thu     "}}, {"type": "Feature", "geometry": {"type": "Point", "coordinates": [-94.57927999999998, 37.188150000000064]}, "properties": {"ACCIDENT": "3240018654", "ACC_DATE": "2024-08-01", "ACC_TIME": "11:31:00", "COUNTY": "JASPER", "CITY": "NON-CITY OR UNINCORPORATED", "ON_STREET": "RT YY", "AT_STREET": "CRD 290", "INTER_LOC": "AT", "DIRECTION": "E ", "ACC_TYPE": "Pedestrian", "SEVERITY": "Personal Injury", "INJURED": 1, "KILLED": 0, "NO_VEHICLE": 1, "DR_DRINK": "N ", "DR_DRUG": "N ", "SPEED": "N ", "CELL_PHONE": "N ", "TEXTING": "N ", "MOTORCYCLE": "N ", "PICKUP": "N ", "TRUCK": "N ", "SCHOOL_BUS": "N ", "LIGHT_COND": "Daylight", "DAY_WEEK": "Thu     "}}, {"type": "Feature", "geometry": {"type": "Point", "coordinates": [-94.47690999999998, 37.09257000000008]}, "properties": {"ACCIDENT": "2240059727", "ACC_DATE": "2024-08-07", "ACC_TIME": "11:54:00", "COUNTY": "JASPER", "CITY": "JOPLIN", "ON_STREET": "LP 49", "AT_STREET": "CST TURKEY CREEK BLVD", "INTER_LOC": "B ", "DIRECTION": "N ", "ACC_TYPE": "Pedestrian", "SEVERITY": "Personal Injury", "INJURED": 1, "KILLED": 0, "NO_VEHICLE": 1, "DR_DRINK": "N ", "DR_DRUG": "N ", "SPEED": "N ", "CELL_PHONE": "N ", "TEXTING": "N ", "MOTORCYCLE": "N ", "PICKUP": "N ", "TRUCK": "N ", "SCHOOL_BUS": "N ", "LIGHT_COND": "Daylight", "DAY_WEEK": "Wed     "}}, {"type": "Feature", "geometry": {"type": "Point", "coordinates": [-94.46199999999999, 37.08391000000006]}, "properties": {"ACCIDENT": "2240062726", "ACC_DATE": "2024-08-13", "ACC_TIME": "21:30:00", "COUNTY": "JASPER", "CITY": "DUQUESNE", "ON_STREET": "MO 66", "AT_STREET": "CST WALNUT RDG DR", "INTER_LOC": "A ", "DIRECTION": "E ", "ACC_TYPE": "Pedalcycle", "SEVERITY": "Personal Injury", "INJURED": 1, "KILLED": 0, "NO_VEHICLE": 1, "DR_DRINK": "N ", "DR_DRUG": "N ", "SPEED": "N ", "CELL_PHONE": "N ", "TEXTING": "N ", "MOTORCYCLE": "N ", "PICKUP": "N ", "TRUCK": "N ", "SCHOOL_BUS": "N ", "LIGHT_COND": "Dark-Lighted", "DAY_WEEK": "Tue     "}}, {"type": "Feature", "geometry": {"type": "Point", "coordinates": [-94.51278999999994, 37.08404000000007]}, "properties": {"ACCIDENT": "2240065459", "ACC_DATE": "2024-08-20", "ACC_TIME": "09:41:00", "COUNTY": "JASPER", "CITY": "JOPLIN", "ON_STREET": "MO 66", "AT_STREET": "CST S VIRGINIA AVE", "INTER_LOC": "A ", "DIRECTION": "W ", "ACC_TYPE": "Pedalcycle", "SEVERITY": "Personal Injury", "INJURED": 1, "KILLED": 0, "NO_VEHICLE": 1, "DR_DRINK": "N ", "DR_DRUG": "N ", "SPEED": "N ", "CELL_PHONE": "N ", "TEXTING": "N ", "MOTORCYCLE": "N ", "PICKUP": "N ", "TRUCK": "N ", "SCHOOL_BUS": "N ", "LIGHT_COND": "Daylight", "DAY_WEEK": "Tue     "}}, {"type": "Feature", "geometry": {"type": "Point", "coordinates": [-94.31104999999997, 37.17367000000007]}, "properties": {"ACCIDENT": "2240083993", "ACC_DATE": "2024-09-06", "ACC_TIME": "07:54:00", "COUNTY": "JASPER", "CITY": "CARTHAGE", "ON_STREET": "CST MAIN ST", "AT_STREET": "CST 7TH ST", "INTER_LOC": "B ", "DIRECTION": "N ", "ACC_TYPE": "Pedestrian", "SEVERITY": "Personal Injury", "INJURED": 1, "KILLED": 0, "NO_VEHICLE": 1, "DR_DRINK": "N ", "DR_DRUG": "N ", "SPEED": "N ", "CELL_PHONE": "N ", "TEXTING": "N ", "MOTORCYCLE": "N ", "PICKUP": "N ", "TRUCK": "N ", "SCHOOL_BUS": "N ", "LIGHT_COND": "Daylight", "DAY_WEEK": "Fri     "}}, {"type": "Feature", "geometry": {"type": "Point", "coordinates": [-94.30746999999997, 37.170900000000074]}, "properties": {"ACCIDENT": "2240077402", "ACC_DATE": "2024-09-19", "ACC_TIME": "18:40:00", "COUNTY": "JASPER", "CITY": "CARTHAGE", "ON_STREET": "CST CLINTON ST", "AT_STREET": "CST 10TH ST", "INTER_LOC": "A ", "DIRECTION": "S ", "ACC_TYPE": "Pedalcycle", "SEVERITY": "Personal Injury", "INJURED": 1, "KILLED": 0, "NO_VEHICLE": 1, "DR_DRINK": "U ", "DR_DRUG": "U ", "SPEED": "U ", "CELL_PHONE": "N ", "TEXTING": "N ", "MOTORCYCLE": "N ", "PICKUP": "Y ", "TRUCK": "Y ", "SCHOOL_BUS": "N ", "LIGHT_COND": "Daylight", "DAY_WEEK": "Thu     "}}, {"type": "Feature", "geometry": {"type": "Point", "coordinates": [-94.51435999999995, 37.089680000000044]}, "properties": {"ACCIDENT": "2240074286", "ACC_DATE": "2024-09-19", "ACC_TIME": "18:24:00", "COUNTY": "JASPER", "CITY": "JOPLIN", "ON_STREET": "CST 2ND ST", "AT_STREET": "CST JOPLIN AVE", "INTER_LOC": "AT", "DIRECTION": "E ", "ACC_TYPE": "Pedestrian", "SEVERITY": "Personal Injury", "INJURED": 2, "KILLED": 0, "NO_VEHICLE": 1, "DR_DRINK": "N ", "DR_DRUG": "N ", "SPEED": "N ", "CELL_PHONE": "N ", "TEXTING": "N ", "MOTORCYCLE": "N ", "PICKUP": "N ", "TRUCK": "N ", "SCHOOL_BUS": "N ", "LIGHT_COND": "Daylight", "DAY_WEEK": "Thu     "}}, {"type": "Feature", "geometry": {"type": "Point", "coordinates": [-94.52186999999998, 37.08793000000003]}, "properties": {"ACCIDENT": "2240074289", "ACC_DATE": "2024-09-20", "ACC_TIME": "18:11:00", "COUNTY": "JASPER", "CITY": "JOPLIN", "ON_STREET": "CST 4TH ST", "AT_STREET": "CST JACKSON AVE", "INTER_LOC": "A ", "DIRECTION": "W ", "ACC_TYPE": "Pedalcycle", "SEVERITY": "Personal Injury", "INJURED": 1, "KILLED": 0, "NO_VEHICLE": 1, "DR_DRINK": "N ", "DR_DRUG": "N ", "SPEED": "N ", "CELL_PHONE": "N ", "TEXTING": "N ", "MOTORCYCLE": "N ", "PICKUP": "N ", "TRUCK": "N ", "SCHOOL_BUS": "N ", "LIGHT_COND": "Daylight", "DAY_WEEK": "Fri     "}}, {"type": "Feature", "geometry": {"type": "Point", "coordinates": [-94.28118999999998, 37.172750000000065]}, "properties": {"ACCIDENT": "3240022963", "ACC_DATE": "2024-09-22", "ACC_TIME": "03:15:00", "COUNTY": "JASPER", "CITY": "NON-CITY OR UNINCORPORATED", "ON_STREET": "CRD E CHESTNUT", "AT_STREET": "CRD S PALIMINO RD", "INTER_LOC": "B ", "DIRECTION": "E ", "ACC_TYPE": "Pedalcycle", "SEVERITY": "Personal Injury", "INJURED": 1, "KILLED": 0, "NO_VEHICLE": 1, "DR_DRINK": "U ", "DR_DRUG": "U ", "SPEED": "U ", "CELL_PHONE": "N ", "TEXTING": "N ", "MOTORCYCLE": "U ", "PICKUP": "U ", "TRUCK": "U ", "SCHOOL_BUS": "U ", "LIGHT_COND": "Dark-Unlighted", "DAY_WEEK": "Sun     "}}, {"type": "Feature", "geometry": {"type": "Point", "coordinates": [-94.47385999999995, 37.076280000000054]}, "properties": {"ACCIDENT": "2240080598", "ACC_DATE": "2024-10-09", "ACC_TIME": "20:48:00", "COUNTY": "JASPER", "CITY": "DUQUESNE", "ON_STREET": "CST 13TH ST", "AT_STREET": "CST HERVY LN", "INTER_LOC": "A ", "DIRECTION": "W ", "ACC_TYPE": "Pedestrian", "SEVERITY": "Personal Injury", "INJURED": 1, "KILLED": 0, "NO_VEHICLE": 1, "DR_DRINK": "N ", "DR_DRUG": "N ", "SPEED": "N ", "CELL_PHONE": "N ", "TEXTING": "N ", "MOTORCYCLE": "N ", "PICKUP": "Y ", "TRUCK": "Y ", "SCHOOL_BUS": "N ", "LIGHT_COND": "Dark-Unlighted", "DAY_WEEK": "Wed     "}}, {"type": "Feature", "geometry": {"type": "Point", "coordinates": [-94.48603999999995, 37.054880000000026]}, "properties": {"ACCIDENT": "2240084277", "ACC_DATE": "2024-10-16", "ACC_TIME": "12:28:00", "COUNTY": "JASPER", "CITY": "JOPLIN", "ON_STREET": "CST MISSISSIPPI AVE", "AT_STREET": "RT FF", "INTER_LOC": "B ", "DIRECTION": "S ", "ACC_TYPE": "Pedestrian", "SEVERITY": "Personal Injury", "INJURED": 1, "KILLED": 0, "NO_VEHICLE": 1, "DR_DRINK": "N ", "DR_DRUG": "N ", "SPEED": "N ", "CELL_PHONE": "N ", "TEXTING": "N ", "MOTORCYCLE": "N ", "PICKUP": "N ", "TRUCK": "N ", "SCHOOL_BUS": "N ", "LIGHT_COND": "Daylight", "DAY_WEEK": "Wed     "}}, {"type": "Feature", "geometry": {"type": "Point", "coordinates": [-94.29756999999995, 37.32933000000003]}, "properties": {"ACCIDENT": "3240025823", "ACC_DATE": "2024-10-19", "ACC_TIME": "20:35:00", "COUNTY": "JASPER", "CITY": "NON-CITY OR UNINCORPORATED", "ON_STREET": "IS 49", "AT_STREET": "ERM NORTH IS 49 MILE 654", "INTER_LOC": "A ", "DIRECTION": "N ", "ACC_TYPE": "Pedalcycle", "SEVERITY": "Fatal", "INJURED": 0, "KILLED": 1, "NO_VEHICLE": 1, "DR_DRINK": "N ", "DR_DRUG": "N ", "SPEED": "N ", "CELL_PHONE": "N ", "TEXTING": "N ", "MOTORCYCLE": "N ", "PICKUP": "N ", "TRUCK": "N ", "SCHOOL_BUS": "N ", "LIGHT_COND": "Dark-Unlighted", "DAY_WEEK": "Sat     "}}, {"type": "Feature", "geometry": {"type": "Point", "coordinates": [-94.51269999999994, 37.10148000000004]}, "properties": {"ACCIDENT": "2240085902", "ACC_DATE": "2024-10-24", "ACC_TIME": "17:46:00", "COUNTY": "JASPER", "CITY": "JOPLIN", "ON_STREET": "MO 43", "AT_STREET": "CST MURPHY BLVD", "INTER_LOC": "A ", "DIRECTION": "S ", "ACC_TYPE": "Pedestrian", "SEVERITY": "Fatal", "INJURED": 0, "KILLED": 1, "NO_VEHICLE": 1, "DR_DRINK": "U ", "DR_DRUG": "U ", "SPEED": "U ", "CELL_PHONE": "N ", "TEXTING": "N ", "MOTORCYCLE": "N ", "PICKUP": "N ", "TRUCK": "N ", "SCHOOL_BUS": "N ", "LIGHT_COND": "Daylight", "DAY_WEEK": "Thu     "}}, {"type": "Feature", "geometry": {"type": "Point", "coordinates": [-94.53102999999999, 37.087240000000065]}, "properties": {"ACCIDENT": "2240085903", "ACC_DATE": "2024-10-26", "ACC_TIME": "00:46:00", "COUNTY": "JASPER", "CITY": "JOPLIN", "ON_STREET": "CST S MAIDEN LN", "AT_STREET": "CST 5TH ST", "INTER_LOC": "AT", "DIRECTION": "N ", "ACC_TYPE": "Pedalcycle", "SEVERITY": "Personal Injury", "INJURED": 1, "KILLED": 0, "NO_VEHICLE": 1, "DR_DRINK": "N ", "DR_DRUG": "N ", "SPEED": "N ", "CELL_PHONE": "N ", "TEXTING": "N ", "MOTORCYCLE": "N ", "PICKUP": "N ", "TRUCK": "N ", "SCHOOL_BUS": "N ", "LIGHT_COND": "Dark-Lighted", "DAY_WEEK": "Sat     "}}, {"type": "Feature", "geometry": {"type": "Point", "coordinates": [-94.58123999999998, 37.07092000000006]}, "properties": {"ACCIDENT": "3240026643", "ACC_DATE": "2024-10-31", "ACC_TIME": "19:55:00", "COUNTY": "JASPER", "CITY": "NON-CITY OR UNINCORPORATED", "ON_STREET": "CST W 20TH ST", "AT_STREET": "CRD CENTRAL CITY RD", "INTER_LOC": "A ", "DIRECTION": "E ", "ACC_TYPE": "Pedestrian", "SEVERITY": "Personal Injury", "INJURED": 1, "KILLED": 0, "NO_VEHICLE": 1, "DR_DRINK": "N ", "DR_DRUG": "N ", "SPEED": "N ", "CELL_PHONE": "N ", "TEXTING": "N ", "MOTORCYCLE": "N ", "PICKUP": "N ", "TRUCK": "N ", "SCHOOL_BUS": "N ", "LIGHT_COND": "Dark-Unlighted", "DAY_WEEK": "Thu     "}}, {"type": "Feature", "geometry": {"type": "Point", "coordinates": [-94.54308999999995, 37.08474000000007]}, "properties": {"ACCIDENT": "2240090900", "ACC_DATE": "2024-11-01", "ACC_TIME": "15:16:00", "COUNTY": "JASPER", "CITY": "JOPLIN", "ON_STREET": "CST MONROE AVE", "AT_STREET": "MO 66", "INTER_LOC": "B ", "DIRECTION": "S ", "ACC_TYPE": "Pedestrian", "SEVERITY": "Personal Injury", "INJURED": 1, "KILLED": 0, "NO_VEHICLE": 1, "DR_DRINK": "N ", "DR_DRUG": "N ", "SPEED": "N ", "CELL_PHONE": "N ", "TEXTING": "N ", "MOTORCYCLE": "N ", "PICKUP": "N ", "TRUCK": "N ", "SCHOOL_BUS": "N ", "LIGHT_COND": "Daylight", "DAY_WEEK": "Fri     "}}, {"type": "Feature", "geometry": {"type": "Point", "coordinates": [-94.47159999999997, 37.07159000000007]}, "properties": {"ACCIDENT": "2240093002", "ACC_DATE": "2024-11-02", "ACC_TIME": "14:31:00", "COUNTY": "JASPER", "CITY": "JOPLIN", "ON_STREET": "CST REX AVE", "AT_STREET": "PVT PRIVATE ST", "INTER_LOC": "AT", "DIRECTION": "S ", "ACC_TYPE": "Pedalcycle", "SEVERITY": "Personal Injury", "INJURED": 1, "KILLED": 0, "NO_VEHICLE": 1, "DR_DRINK": "N ", "DR_DRUG": "N ", "SPEED": "N ", "CELL_PHONE": "N ", "TEXTING": "N ", "MOTORCYCLE": "N ", "PICKUP": "N ", "TRUCK": "N ", "SCHOOL_BUS": "N ", "LIGHT_COND": "Daylight", "DAY_WEEK": "Sat     "}}, {"type": "Feature", "geometry": {"type": "Point", "coordinates": [-94.42534999999998, 37.054500000000075]}, "properties": {"ACCIDENT": "2240088911", "ACC_DATE": "2024-11-04", "ACC_TIME": "16:49:00", "COUNTY": "JASPER", "CITY": "JOPLIN", "ON_STREET": "RT FF", "AT_STREET": "CST PROSPERITY RD", "INTER_LOC": "A ", "DIRECTION": "W ", "ACC_TYPE": "Pedestrian", "SEVERITY": "Personal Injury", "INJURED": 1, "KILLED": 0, "NO_VEHICLE": 1, "DR_DRINK": "N ", "DR_DRUG": "N ", "SPEED": "N ", "CELL_PHONE": "N ", "TEXTING": "N ", "MOTORCYCLE": "N ", "PICKUP": "Y ", "TRUCK": "Y ", "SCHOOL_BUS": "N ", "LIGHT_COND": "Dark-Lighted", "DAY_WEEK": "Mon     "}}, {"type": "Feature", "geometry": {"type": "Point", "coordinates": [-94.54141999999996, 37.06499000000008]}, "properties": {"ACCIDENT": "2240108166", "ACC_DATE": "2024-11-07", "ACC_TIME": "14:50:00", "COUNTY": "JASPER", "CITY": "JOPLIN", "ON_STREET": "CST ROOSEVELT AVE", "AT_STREET": "CST 24TH ST", "INTER_LOC": "A ", "DIRECTION": "N ", "ACC_TYPE": "Pedestrian", "SEVERITY": "Personal Injury", "INJURED": 1, "KILLED": 0, "NO_VEHICLE": 1, "DR_DRINK": "N ", "DR_DRUG": "N ", "SPEED": "N ", "CELL_PHONE": "N ", "TEXTING": "N ", "MOTORCYCLE": "N ", "PICKUP": "N ", "TRUCK": "N ", "SCHOOL_BUS": "N ", "LIGHT_COND": "Daylight", "DAY_WEEK": "Thu     "}}, {"type": "Feature", "geometry": {"type": "Point", "coordinates": [-94.53334999999998, 37.05771000000004]}, "properties": {"ACCIDENT": "2240101717", "ACC_DATE": "2024-12-04", "ACC_TIME": "17:46:00", "COUNTY": "JASPER", "CITY": "JOPLIN", "ON_STREET": "CST 30TH ST", "AT_STREET": "CST S MCCLELLAND BLVD", "INTER_LOC": "A ", "DIRECTION": "W ", "ACC_TYPE": "Pedestrian", "SEVERITY": "Personal Injury", "INJURED": 1, "KILLED": 0, "NO_VEHICLE": 1, "DR_DRINK": "U ", "DR_DRUG": "U ", "SPEED": "U ", "CELL_PHONE": "N ", "TEXTING": "N ", "MOTORCYCLE": "N ", "PICKUP": "Y ", "TRUCK": "Y ", "SCHOOL_BUS": "N ", "LIGHT_COND": "Dark-Unlighted", "DAY_WEEK": "Wed     "}}, {"type": "Feature", "geometry": {"type": "Point", "coordinates": [-94.43236999999999, 37.14622000000003]}, "properties": {"ACCIDENT": "3240032269", "ACC_DATE": "2024-12-06", "ACC_TIME": "23:45:00", "COUNTY": "JASPER", "CITY": "CARTERVILLE", "ON_STREET": "MO 171", "AT_STREET": "RP 3287", "INTER_LOC": "B ", "DIRECTION": "N ", "ACC_TYPE": "Pedestrian", "SEVERITY": "Fatal", "INJURED": 0, "KILLED": 1, "NO_VEHICLE": 1, "DR_DRINK": "N ", "DR_DRUG": "N ", "SPEED": "N ", "CELL_PHONE": "N ", "TEXTING": "N ", "MOTORCYCLE": "N ", "PICKUP": "Y ", "TRUCK": "Y ", "SCHOOL_BUS": "N ", "LIGHT_COND": "Dark-Unlighted", "DAY_WEEK": "Fri     "}}, {"type": "Feature", "geometry": {"type": "Point", "coordinates": [-94.31023999999996, 37.08173000000005]}, "properties": {"ACCIDENT": "3240032561", "ACC_DATE": "2024-12-28", "ACC_TIME": "21:10:00", "COUNTY": "JASPER", "CITY": "FIDELITY", "ON_STREET": "IS 44", "AT_STREET": "ERM EAST IS 44 MILE 186", "INTER_LOC": "A ", "DIRECTION": "E ", "ACC_TYPE": "Pedestrian", "SEVERITY": "Personal Injury", "INJURED": 1, "KILLED": 0, "NO_VEHICLE": 1, "DR_DRINK": "N ", "DR_DRUG": "N ", "SPEED": "N ", "CELL_PHONE": "N ", "TEXTING": "N ", "MOTORCYCLE": "U ", "PICKUP": "U ", "TRUCK": "U ", "SCHOOL_BUS": "U ", "LIGHT_COND": "Dark-Unlighted", "DAY_WEEK": "Sat     "}}, {"type": "Feature", "geometry": {"type": "Point", "coordinates": [-94.51540999999997, 37.089710000000025]}, "properties": {"ACCIDENT": "2250013509", "ACC_DATE": "2025-01-31", "ACC_TIME": "05:32:00", "COUNTY": "JASPER", "CITY": "JOPLIN", "ON_STREET": "CST 2ND ST", "AT_STREET": "CST WALL AVE", "INTER_LOC": "AT", "DIRECTION": "W ", "ACC_TYPE": "Pedalcycle", "SEVERITY": "Personal Injury", "INJURED": 1, "KILLED": 0, "NO_VEHICLE": 1, "DR_DRINK": "N ", "DR_DRUG": "N ", "SPEED": "N ", "CELL_PHONE": "N ", "TEXTING": "N ", "MOTORCYCLE": "N ", "PICKUP": "N ", "TRUCK": "N ", "SCHOOL_BUS": "N ", "LIGHT_COND": "Dark-Lighted", "DAY_WEEK": "Fri     "}}, {"type": "Feature", "geometry": {"type": "Point", "coordinates": [-94.51316999999995, 37.09063000000003]}, "properties": {"ACCIDENT": "2250011887", "ACC_DATE": "2025-02-13", "ACC_TIME": "16:07:00", "COUNTY": "JASPER", "CITY": "JOPLIN", "ON_STREET": "MO 43", "AT_STREET": "CST 1ST ST", "INTER_LOC": "A ", "DIRECTION": "S ", "ACC_TYPE": "Pedestrian", "SEVERITY": "Personal Injury", "INJURED": 1, "KILLED": 0, "NO_VEHICLE": 1, "DR_DRINK": "N ", "DR_DRUG": "N ", "SPEED": "N ", "CELL_PHONE": "N ", "TEXTING": "N ", "MOTORCYCLE": "N ", "PICKUP": "N ", "TRUCK": "N ", "SCHOOL_BUS": "N ", "LIGHT_COND": "Daylight", "DAY_WEEK": "Thu     "}}, {"type": "Feature", "geometry": {"type": "Point", "coordinates": [-94.51243999999997, 37.070580000000064]}, "properties": {"ACCIDENT": "2250022908", "ACC_DATE": "2025-03-28", "ACC_TIME": "16:17:00", "COUNTY": "JASPER", "CITY": "JOPLIN", "ON_STREET": "CST E 19TH ST", "AT_STREET": "CST PENNSYLVANIA AVE", "INTER_LOC": "B ", "DIRECTION": "E ", "ACC_TYPE": "Pedalcycle", "SEVERITY": "Personal Injury", "INJURED": 1, "KILLED": 0, "NO_VEHICLE": 1, "DR_DRINK": "N ", "DR_DRUG": "N ", "SPEED": "N ", "CELL_PHONE": "N ", "TEXTING": "N ", "MOTORCYCLE": "N ", "PICKUP": "N ", "TRUCK": "N ", "SCHOOL_BUS": "N ", "LIGHT_COND": "Daylight", "DAY_WEEK": "Fri     "}}, {"type": "Feature", "geometry": {"type": "Point", "coordinates": [-94.48272999999995, 37.08853000000005]}, "properties": {"ACCIDENT": "2250027213", "ACC_DATE": "2025-04-04", "ACC_TIME": "23:39:00", "COUNTY": "JASPER", "CITY": "JOPLIN", "ON_STREET": "CST 3RD ST", "AT_STREET": "CST OZARK ST", "INTER_LOC": "AT", "DIRECTION": "W ", "ACC_TYPE": "Pedalcycle", "SEVERITY": "Personal Injury", "INJURED": 1, "KILLED": 0, "NO_VEHICLE": 1, "DR_DRINK": "U ", "DR_DRUG": "U ", "SPEED": "U ", "CELL_PHONE": "N ", "TEXTING": "N ", "MOTORCYCLE": "U ", "PICKUP": "U ", "TRUCK": "U ", "SCHOOL_BUS": "U ", "LIGHT_COND": "Dark-Unlighted", "DAY_WEEK": "Fri     "}}, {"type": "Feature", "geometry": {"type": "Point", "coordinates": [-94.49454999999995, 37.066610000000026]}, "properties": {"ACCIDENT": "2250024803", "ACC_DATE": "2025-04-06", "ACC_TIME": "20:11:00", "COUNTY": "JASPER", "CITY": "JOPLIN", "ON_STREET": "CST CONNECTICUT AVE", "AT_STREET": "CST 22ND ST", "INTER_LOC": "AT", "DIRECTION": "S ", "ACC_TYPE": "Pedalcycle", "SEVERITY": "Personal Injury", "INJURED": 1, "KILLED": 0, "NO_VEHICLE": 1, "DR_DRINK": "U ", "DR_DRUG": "U ", "SPEED": "U ", "CELL_PHONE": "N ", "TEXTING": "N ", "MOTORCYCLE": "N ", "PICKUP": "N ", "TRUCK": "N ", "SCHOOL_BUS": "N ", "LIGHT_COND": "Dark-Lighted", "DAY_WEEK": "Sun     "}}, {"type": "Feature", "geometry": {"type": "Point", "coordinates": [-94.53722999999997, 37.143770000000075]}, "properties": {"ACCIDENT": "2250029035", "ACC_DATE": "2025-04-11", "ACC_TIME": "16:03:00", "COUNTY": "JASPER", "CITY": "CARL JUNCTION", "ON_STREET": "CST BRIARBROOK DR", "AT_STREET": "CRD FIR RD", "INTER_LOC": "A ", "DIRECTION": "N ", "ACC_TYPE": "Pedestrian", "SEVERITY": "Personal Injury", "INJURED": 2, "KILLED": 0, "NO_VEHICLE": 1, "DR_DRINK": "N ", "DR_DRUG": "N ", "SPEED": "N ", "CELL_PHONE": "N ", "TEXTING": "N ", "MOTORCYCLE": "N ", "PICKUP": "N ", "TRUCK": "N ", "SCHOOL_BUS": "N ", "LIGHT_COND": "Daylight", "DAY_WEEK": "Fri     "}}, {"type": "Feature", "geometry": {"type": "Point", "coordinates": [-94.47433999999998, 37.15056000000004]}, "properties": {"ACCIDENT": "2250028202", "ACC_DATE": "2025-04-14", "ACC_TIME": "15:09:00", "COUNTY": "JASPER", "CITY": "WEBB CITY", "ON_STREET": "CST N MADISON ST", "AT_STREET": "CST CROW ST", "INTER_LOC": "B ", "DIRECTION": "S ", "ACC_TYPE": "Pedestrian", "SEVERITY": "Personal Injury", "INJURED": 1, "KILLED": 0, "NO_VEHICLE": 1, "DR_DRINK": "N ", "DR_DRUG": "N ", "SPEED": "N ", "CELL_PHONE": "N ", "TEXTING": "N ", "MOTORCYCLE": "N ", "PICKUP": "N ", "TRUCK": "N ", "SCHOOL_BUS": "N ", "LIGHT_COND": "Daylight", "DAY_WEEK": "Mon     "}}, {"type": "Feature", "geometry": {"type": "Point", "coordinates": [-94.51611999999994, 37.07416000000006]}, "properties": {"ACCIDENT": "2250029865", "ACC_DATE": "2025-04-17", "ACC_TIME": "12:27:00", "COUNTY": "JASPER", "CITY": "JOPLIN", "ON_STREET": "CST WALL AVE", "AT_STREET": "CST 16TH ST", "INTER_LOC": "A ", "DIRECTION": "N ", "ACC_TYPE": "Pedestrian", "SEVERITY": "Personal Injury", "INJURED": 1, "KILLED": 0, "NO_VEHICLE": 1, "DR_DRINK": "U ", "DR_DRUG": "U ", "SPEED": "U ", "CELL_PHONE": "N ", "TEXTING": "N ", "MOTORCYCLE": "N ", "PICKUP": "N ", "TRUCK": "N ", "SCHOOL_BUS": "N ", "LIGHT_COND": "Daylight", "DAY_WEEK": "Thu     "}}, {"type": "Feature", "geometry": {"type": "Point", "coordinates": [-94.53108999999995, 37.08538000000004]}, "properties": {"ACCIDENT": "2250041473", "ACC_DATE": "2025-05-27", "ACC_TIME": "16:29:00", "COUNTY": "JASPER", "CITY": "JOPLIN", "ON_STREET": "CST S MAIDEN LN", "AT_STREET": "CST 6TH ST", "INTER_LOC": "A ", "DIRECTION": "S ", "ACC_TYPE": "Pedalcycle", "SEVERITY": "Personal Injury", "INJURED": 1, "KILLED": 0, "NO_VEHICLE": 1, "DR_DRINK": "N ", "DR_DRUG": "N ", "SPEED": "N ", "CELL_PHONE": "N ", "TEXTING": "N ", "MOTORCYCLE": "N ", "PICKUP": "N ", "TRUCK": "N ", "SCHOOL_BUS": "N ", "LIGHT_COND": "Daylight", "DAY_WEEK": "Tue     "}}, {"type": "Feature", "geometry": {"type": "Point", "coordinates": [-94.51750999999996, 37.06977000000006]}, "properties": {"ACCIDENT": "2250050171", "ACC_DATE": "2025-06-23", "ACC_TIME": "10:00:00", "COUNTY": "JASPER", "CITY": "JOPLIN", "ON_STREET": "CST PEARL AVE", "AT_STREET": "CST W 20TH ST", "INTER_LOC": "B ", "DIRECTION": "S ", "ACC_TYPE": "Pedalcycle", "SEVERITY": "Personal Injury", "INJURED": 1, "KILLED": 0, "NO_VEHICLE": 1, "DR_DRINK": "N ", "DR_DRUG": "N ", "SPEED": "N ", "CELL_PHONE": "N ", "TEXTING": "N ", "MOTORCYCLE": "U ", "PICKUP": "U ", "TRUCK": "U ", "SCHOOL_BUS": "U ", "LIGHT_COND": "Daylight", "DAY_WEEK": "Mon     "}}, {"type": "Feature", "geometry": {"type": "Point", "coordinates": [-94.48588999999998, 37.09111000000007]}, "properties": {"ACCIDENT": "2250054417", "ACC_DATE": "2025-07-05", "ACC_TIME": "14:25:00", "COUNTY": "JASPER", "CITY": "JOPLIN", "ON_STREET": "CST FLORIDA AVE", "AT_STREET": "CST CENTRAL AVE", "INTER_LOC": "B ", "DIRECTION": "S ", "ACC_TYPE": "Pedalcycle", "SEVERITY": "Personal Injury", "INJURED": 1, "KILLED": 0, "NO_VEHICLE": 1, "DR_DRINK": "N ", "DR_DRUG": "N ", "SPEED": "N ", "CELL_PHONE": "N ", "TEXTING": "N ", "MOTORCYCLE": "N ", "PICKUP": "N ", "TRUCK": "N ", "SCHOOL_BUS": "N ", "LIGHT_COND": "Daylight", "DAY_WEEK": "Sat     "}}, {"type": "Feature", "geometry": {"type": "Point", "coordinates": [-94.47407999999996, 37.076280000000054]}, "properties": {"ACCIDENT": "2250060041", "ACC_DATE": "2025-07-25", "ACC_TIME": "00:21:00", "COUNTY": "JASPER", "CITY": "DUQUESNE", "ON_STREET": "CST 13TH ST", "AT_STREET": "CST HERVY LN", "INTER_LOC": "B ", "DIRECTION": "E ", "ACC_TYPE": "Pedestrian", "SEVERITY": "Personal Injury", "INJURED": 1, "KILLED": 0, "NO_VEHICLE": 1, "DR_DRINK": "N ", "DR_DRUG": "N ", "SPEED": "N ", "CELL_PHONE": "N ", "TEXTING": "N ", "MOTORCYCLE": "U ", "PICKUP": "U ", "TRUCK": "U ", "SCHOOL_BUS": "U ", "LIGHT_COND": "Dark-Unlighted", "DAY_WEEK": "Fri     "}}, {"type": "Feature", "geometry": {"type": "Point", "coordinates": [-94.51327999999995, 37.088610000000074]}, "properties": {"ACCIDENT": "2250062135", "ACC_DATE": "2025-08-04", "ACC_TIME": "10:04:00", "COUNTY": "JASPER", "CITY": "JOPLIN", "ON_STREET": "CST 3RD ST", "AT_STREET": "CST MAIN ST", "INTER_LOC": "AT", "DIRECTION": "W ", "ACC_TYPE": "Pedestrian", "SEVERITY": "Personal Injury", "INJURED": 1, "KILLED": 0, "NO_VEHICLE": 1, "DR_DRINK": "N ", "DR_DRUG": "N ", "SPEED": "N ", "CELL_PHONE": "N ", "TEXTING": "N ", "MOTORCYCLE": "N ", "PICKUP": "N ", "TRUCK": "N ", "SCHOOL_BUS": "N ", "LIGHT_COND": "Daylight", "DAY_WEEK": "Mon     "}}, {"type": "Feature", "geometry": {"type": "Point", "coordinates": [-94.56969999999995, 37.08516000000003]}, "properties": {"ACCIDENT": "3250022420", "ACC_DATE": "2025-08-09", "ACC_TIME": "21:54:00", "COUNTY": "JASPER", "CITY": "NON-CITY OR UNINCORPORATED", "ON_STREET": "MO 66", "AT_STREET": "CRD BLACKCAT RD", "INTER_LOC": "A ", "DIRECTION": "W ", "ACC_TYPE": "Pedalcycle", "SEVERITY": "Fatal", "INJURED": 0, "KILLED": 1, "NO_VEHICLE": 1, "DR_DRINK": "N ", "DR_DRUG": "N ", "SPEED": "N ", "CELL_PHONE": "N ", "TEXTING": "N ", "MOTORCYCLE": "N ", "PICKUP": "N ", "TRUCK": "N ", "SCHOOL_BUS": "N ", "LIGHT_COND": "Dark-Unlighted", "DAY_WEEK": "Sat     "}}, {"type": "Feature", "geometry": {"type": "Point", "coordinates": [-94.32314999999994, 37.17205000000007]}, "properties": {"ACCIDENT": "2250081212", "ACC_DATE": "2025-09-29", "ACC_TIME": "16:45:00", "COUNTY": "JASPER", "CITY": "CARTHAGE", "ON_STREET": "CST POPLAR ST", "AT_STREET": "CST SOPHIA ST", "INTER_LOC": "B ", "DIRECTION": "E ", "ACC_TYPE": "Pedestrian", "SEVERITY": "Personal Injury", "INJURED": 1, "KILLED": 0, "NO_VEHICLE": 1, "DR_DRINK": "N ", "DR_DRUG": "N ", "SPEED": "N ", "CELL_PHONE": "N ", "TEXTING": "N ", "MOTORCYCLE": "N ", "PICKUP": "N ", "TRUCK": "N ", "SCHOOL_BUS": "N ", "LIGHT_COND": "Daylight", "DAY_WEEK": "Mon     "}}, {"type": "Feature", "geometry": {"type": "Point", "coordinates": [-94.53180999999995, 37.06977000000006]}, "properties": {"ACCIDENT": "2250084087", "ACC_DATE": "2025-10-07", "ACC_TIME": "17:01:00", "COUNTY": "JASPER", "CITY": "JOPLIN", "ON_STREET": "CST S MAIDEN LN", "AT_STREET": "CST W 20TH ST", "INTER_LOC": "A ", "DIRECTION": "S ", "ACC_TYPE": "Pedestrian", "SEVERITY": "Personal Injury", "INJURED": 1, "KILLED": 0, "NO_VEHICLE": 1, "DR_DRINK": "U ", "DR_DRUG": "U ", "SPEED": "U ", "CELL_PHONE": "N ", "TEXTING": "N ", "MOTORCYCLE": "N ", "PICKUP": "N ", "TRUCK": "N ", "SCHOOL_BUS": "N ", "LIGHT_COND": "Daylight", "DAY_WEEK": "Tue     "}}, {"type": "Feature", "geometry": {"type": "Point", "coordinates": [-94.47760999999997, 37.075690000000066]}, "properties": {"ACCIDENT": "2250085095", "ACC_DATE": "2025-10-14", "ACC_TIME": "16:09:00", "COUNTY": "JASPER", "CITY": "JOPLIN", "ON_STREET": "LP 49", "AT_STREET": "CST 14TH ST", "INTER_LOC": "A ", "DIRECTION": "N ", "ACC_TYPE": "Pedestrian", "SEVERITY": "Personal Injury", "INJURED": 1, "KILLED": 0, "NO_VEHICLE": 1, "DR_DRINK": "U ", "DR_DRUG": "U ", "SPEED": "U ", "CELL_PHONE": "N ", "TEXTING": "N ", "MOTORCYCLE": "N ", "PICKUP": "N ", "TRUCK": "N ", "SCHOOL_BUS": "N ", "LIGHT_COND": "Daylight", "DAY_WEEK": "Tue     "}}, {"type": "Feature", "geometry": {"type": "Point", "coordinates": [-94.53166999999996, 37.06501000000003]}, "properties": {"ACCIDENT": "2250088820", "ACC_DATE": "2025-10-22", "ACC_TIME": "17:50:00", "COUNTY": "JASPER", "CITY": "JOPLIN", "ON_STREET": "CST 24TH ST", "AT_STREET": "CST S MAIDEN LN", "INTER_LOC": "B ", "DIRECTION": "W ", "ACC_TYPE": "Pedalcycle", "SEVERITY": "Personal Injury", "INJURED": 1, "KILLED": 0, "NO_VEHICLE": 1, "DR_DRINK": "N ", "DR_DRUG": "N ", "SPEED": "N ", "CELL_PHONE": "N ", "TEXTING": "N ", "MOTORCYCLE": "N ", "PICKUP": "Y ", "TRUCK": "Y ", "SCHOOL_BUS": "N ", "LIGHT_COND": "Daylight", "DAY_WEEK": "Wed     "}}, {"type": "Feature", "geometry": {"type": "Point", "coordinates": [-94.30468999999994, 37.16203000000007]}, "properties": {"ACCIDENT": "2250091992", "ACC_DATE": "2025-10-30", "ACC_TIME": "00:00:00", "COUNTY": "JASPER", "CITY": "CARTHAGE", "ON_STREET": "CST JAMES ST", "AT_STREET": "CST CENTENNIAL AVE", "INTER_LOC": "B ", "DIRECTION": "S ", "ACC_TYPE": "Pedalcycle", "SEVERITY": "Personal Injury", "INJURED": 1, "KILLED": 0, "NO_VEHICLE": 1, "DR_DRINK": "U ", "DR_DRUG": "U ", "SPEED": "U ", "CELL_PHONE": "N ", "TEXTING": "N ", "MOTORCYCLE": "N ", "PICKUP": "N ", "TRUCK": "N ", "SCHOOL_BUS": "N ", "LIGHT_COND": "Unknown", "DAY_WEEK": "Thu     "}}, {"type": "Feature", "geometry": {"type": "Point", "coordinates": [-94.48636999999997, 37.07660000000004]}, "properties": {"ACCIDENT": "2250091379", "ACC_DATE": "2025-10-31", "ACC_TIME": "19:05:00", "COUNTY": "JASPER", "CITY": "JOPLIN", "ON_STREET": "CST MARKWARDT ST", "AT_STREET": "CST FLORIDA AVE", "INTER_LOC": "AT", "DIRECTION": "E ", "ACC_TYPE": "Pedestrian", "SEVERITY": "Personal Injury", "INJURED": 1, "KILLED": 0, "NO_VEHICLE": 1, "DR_DRINK": "N ", "DR_DRUG": "Y ", "SPEED": "N ", "CELL_PHONE": "N ", "TEXTING": "N ", "MOTORCYCLE": "N ", "PICKUP": "N ", "TRUCK": "N ", "SCHOOL_BUS": "N ", "LIGHT_COND": "Dark-Lighted", "DAY_WEEK": "Fri     "}}, {"type": "Feature", "geometry": {"type": "Point", "coordinates": [-94.47433999999998, 37.150540000000035]}, "properties": {"ACCIDENT": "2250097419", "ACC_DATE": "2025-11-03", "ACC_TIME": "07:15:00", "COUNTY": "JASPER", "CITY": "WEBB CITY", "ON_STREET": "CST N MADISON ST", "AT_STREET": "CST CROW ST", "INTER_LOC": "AT", "DIRECTION": "N ", "ACC_TYPE": "Pedestrian", "SEVERITY": "Personal Injury", "INJURED": 1, "KILLED": 0, "NO_VEHICLE": 1, "DR_DRINK": "N ", "DR_DRUG": "N ", "SPEED": "N ", "CELL_PHONE": "N ", "TEXTING": "N ", "MOTORCYCLE": "N ", "PICKUP": "Y ", "TRUCK": "Y ", "SCHOOL_BUS": "N ", "LIGHT_COND": "Daylight", "DAY_WEEK": "Mon     "}}, {"type": "Feature", "geometry": {"type": "Point", "coordinates": [-94.49534999999997, 37.07453000000004]}, "properties": {"ACCIDENT": "2250098740", "ACC_DATE": "2025-11-22", "ACC_TIME": "18:40:00", "COUNTY": "JASPER", "CITY": "JOPLIN", "ON_STREET": "CST 15TH ST", "AT_STREET": "CST MASSACHUSETTS AVE", "INTER_LOC": "B ", "DIRECTION": "W ", "ACC_TYPE": "Pedalcycle", "SEVERITY": "Personal Injury", "INJURED": 1, "KILLED": 0, "NO_VEHICLE": 1, "DR_DRINK": "N ", "DR_DRUG": "N ", "SPEED": "N ", "CELL_PHONE": "N ", "TEXTING": "N ", "MOTORCYCLE": "N ", "PICKUP": "N ", "TRUCK": "N ", "SCHOOL_BUS": "N ", "LIGHT_COND": "Daylight", "DAY_WEEK": "Sat     "}}, {"type": "Feature", "geometry": {"type": "Point", "coordinates": [-94.47739999999999, 37.08054000000004]}, "properties": {"ACCIDENT": "2250100784", "ACC_DATE": "2025-12-01", "ACC_TIME": "08:41:00", "COUNTY": "JASPER", "CITY": "JOPLIN", "ON_STREET": "CST 10TH ST", "AT_STREET": "CST 9TH ST", "INTER_LOC": "B ", "DIRECTION": "W ", "ACC_TYPE": "Pedestrian", "SEVERITY": "Personal Injury", "INJURED": 1, "KILLED": 0, "NO_VEHICLE": 1, "DR_DRINK": "U ", "DR_DRUG": "U ", "SPEED": "U ", "CELL_PHONE": "N ", "TEXTING": "N ", "MOTORCYCLE": "N ", "PICKUP": "Y ", "TRUCK": "Y ", "SCHOOL_BUS": "N ", "LIGHT_COND": "Daylight", "DAY_WEEK": "Mon     "}}, {"type": "Feature", "geometry": {"type": "Point", "coordinates": [-94.54913999999997, 37.079440000000034]}, "properties": {"ACCIDENT": "2260003281", "ACC_DATE": "2026-01-14", "ACC_TIME": "04:59:00", "COUNTY": "JASPER", "CITY": "JOPLIN", "ON_STREET": "CST SCHIFFERDECKER AVE", "AT_STREET": "CST JUNGE BLVD", "INTER_LOC": "A ", "DIRECTION": "N ", "ACC_TYPE": "Pedestrian", "SEVERITY": "Personal Injury", "INJURED": 1, "KILLED": 0, "NO_VEHICLE": 1, "DR_DRINK": "N ", "DR_DRUG": "N ", "SPEED": "N ", "CELL_PHONE": "N ", "TEXTING": "N ", "MOTORCYCLE": "N ", "PICKUP": "N ", "TRUCK": "N ", "SCHOOL_BUS": "N ", "LIGHT_COND": "Dark-Unlighted", "DAY_WEEK": "Wed     "}}, {"type": "Feature", "geometry": {"type": "Point", "coordinates": [-94.52429999999998, 37.08435000000003]}, "properties": {"ACCIDENT": "2260004961", "ACC_DATE": "2026-01-19", "ACC_TIME": "18:42:00", "COUNTY": "JASPER", "CITY": "JOPLIN", "ON_STREET": "MO 66", "AT_STREET": "CST GRAY AVE", "INTER_LOC": "B ", "DIRECTION": "E ", "ACC_TYPE": "Pedalcycle", "SEVERITY": "Personal Injury", "INJURED": 1, "KILLED": 0, "NO_VEHICLE": 1, "DR_DRINK": "N ", "DR_DRUG": "N ", "SPEED": "N ", "CELL_PHONE": "N ", "TEXTING": "N ", "MOTORCYCLE": "N ", "PICKUP": "N ", "TRUCK": "N ", "SCHOOL_BUS": "N ", "LIGHT_COND": "Dark-Lighted", "DAY_WEEK": "Mon     "}}, {"type": "Feature", "geometry": {"type": "Point", "coordinates": [-94.47043999999994, 37.13018000000005]}, "properties": {"ACCIDENT": "2260013024", "ACC_DATE": "2026-02-13", "ACC_TIME": "14:40:00", "COUNTY": "JASPER", "CITY": "WEBB CITY", "ON_STREET": "CST ORONOGO ST", "AT_STREET": "CST 15TH ST", "INTER_LOC": "AT", "DIRECTION": "S ", "ACC_TYPE": "Pedalcycle", "SEVERITY": "Personal Injury", "INJURED": 1, "KILLED": 0, "NO_VEHICLE": 1, "DR_DRINK": "N ", "DR_DRUG": "N ", "SPEED": "N ", "CELL_PHONE": "N ", "TEXTING": "N ", "MOTORCYCLE": "N ", "PICKUP": "N ", "TRUCK": "N ", "SCHOOL_BUS": "N ", "LIGHT_COND": "Daylight", "DAY_WEEK": "Fri     "}}, {"type": "Feature", "geometry": {"type": "Point", "coordinates": [-94.50157999999999, 37.11280000000005]}, "properties": {"ACCIDENT": "2260021416", "ACC_DATE": "2026-03-20", "ACC_TIME": "21:52:00", "COUNTY": "JASPER", "CITY": "JOPLIN", "ON_STREET": "CST ILLINOIS AVE", "AT_STREET": "CST YUMA ST", "INTER_LOC": "AT", "DIRECTION": "S ", "ACC_TYPE": "Pedalcycle", "SEVERITY": "Personal Injury", "INJURED": 1, "KILLED": 0, "NO_VEHICLE": 1, "DR_DRINK": "N ", "DR_DRUG": "N ", "SPEED": "N ", "CELL_PHONE": "N ", "TEXTING": "N ", "MOTORCYCLE": "N ", "PICKUP": "N ", "TRUCK": "N ", "SCHOOL_BUS": "N ", "LIGHT_COND": "Dark-Unlighted", "DAY_WEEK": "Fri     "}}, {"type": "Feature", "geometry": {"type": "Point", "coordinates": [-94.51357999999999, 37.08245000000005]}, "properties": {"ACCIDENT": "2260026932", "ACC_DATE": "2026-04-02", "ACC_TIME": "20:15:00", "COUNTY": "JASPER", "CITY": "JOPLIN", "ON_STREET": "MO 43", "AT_STREET": "CST 8TH ST", "INTER_LOC": "A ", "DIRECTION": "S ", "ACC_TYPE": "Pedestrian", "SEVERITY": "Fatal", "INJURED": 0, "KILLED": 1, "NO_VEHICLE": 1, "DR_DRINK": "N ", "DR_DRUG": "N ", "SPEED": "N ", "CELL_PHONE": "N ", "TEXTING": "N ", "MOTORCYCLE": "N ", "PICKUP": "Y ", "TRUCK": "Y ", "SCHOOL_BUS": "N ", "LIGHT_COND": "Dark-Lighted", "DAY_WEEK": "Thu     "}}, {"type": "Feature", "geometry": {"type": "Point", "coordinates": [-94.51136999999994, 37.08272000000005]}, "properties": {"ACCIDENT": "2260027850", "ACC_DATE": "2026-04-06", "ACC_TIME": "09:34:00", "COUNTY": "JASPER", "CITY": "JOPLIN", "ON_STREET": "CST 8TH ST", "AT_STREET": "CST PENNSYLVANIA AVE", "INTER_LOC": "B ", "DIRECTION": "E ", "ACC_TYPE": "Pedestrian", "SEVERITY": "Personal Injury", "INJURED": 1, "KILLED": 0, "NO_VEHICLE": 1, "DR_DRINK": "U ", "DR_DRUG": "U ", "SPEED": "U ", "CELL_PHONE": "N ", "TEXTING": "N ", "MOTORCYCLE": "N ", "PICKUP": "N ", "TRUCK": "N ", "SCHOOL_BUS": "N ", "LIGHT_COND": "Daylight", "DAY_WEEK": "Mon     "}}, {"type": "Feature", "geometry": {"type": "Point", "coordinates": [-94.42869999999994, 37.07674000000003]}, "properties": {"ACCIDENT": "2260039988", "ACC_DATE": "2026-04-13", "ACC_TIME": "13:54:00", "COUNTY": "JASPER", "CITY": "DUENWEG", "ON_STREET": "PVT E TIM TRL", "AT_STREET": "PVT S ORNATE LN", "INTER_LOC": "A ", "DIRECTION": "W ", "ACC_TYPE": "Pedestrian", "SEVERITY": "Personal Injury", "INJURED": 1, "KILLED": 0, "NO_VEHICLE": 1, "DR_DRINK": "U ", "DR_DRUG": "U ", "SPEED": "U ", "CELL_PHONE": "N ", "TEXTING": "N ", "MOTORCYCLE": "N ", "PICKUP": "N ", "TRUCK": "N ", "SCHOOL_BUS": "N ", "LIGHT_COND": "Daylight", "DAY_WEEK": "Mon     "}}, {"type": "Feature", "geometry": {"type": "Point", "coordinates": [-94.47767999999996, 37.07345000000004]}, "properties": {"ACCIDENT": "2260030906", "ACC_DATE": "2026-04-16", "ACC_TIME": "13:09:00", "COUNTY": "JASPER", "CITY": "JOPLIN", "ON_STREET": "LP 49", "AT_STREET": "CST 16TH ST", "INTER_LOC": "A ", "DIRECTION": "N ", "ACC_TYPE": "Pedestrian", "SEVERITY": "Personal Injury", "INJURED": 1, "KILLED": 0, "NO_VEHICLE": 1, "DR_DRINK": "N ", "DR_DRUG": "N ", "SPEED": "N ", "CELL_PHONE": "N ", "TEXTING": "N ", "MOTORCYCLE": "N ", "PICKUP": "N ", "TRUCK": "N ", "SCHOOL_BUS": "N ", "LIGHT_COND": "Daylight", "DAY_WEEK": "Thu     "}}, {"type": "Feature", "geometry": {"type": "Point", "coordinates": [-94.47767999999996, 37.07416000000006]}, "properties": {"ACCIDENT": "2260035339", "ACC_DATE": "2026-05-01", "ACC_TIME": "14:10:00", "COUNTY": "JASPER", "CITY": "JOPLIN", "ON_STREET": "CST RANGE LINE RD", "AT_STREET": "CST 15TH ST", "INTER_LOC": "A ", "DIRECTION": "N ", "ACC_TYPE": "Pedestrian", "SEVERITY": "Personal Injury", "INJURED": 2, "KILLED": 0, "NO_VEHICLE": 1, "DR_DRINK": "N ", "DR_DRUG": "N ", "SPEED": "N ", "CELL_PHONE": "N ", "TEXTING": "N ", "MOTORCYCLE": "Y ", "PICKUP": "N ", "TRUCK": "N ", "SCHOOL_BUS": "N ", "LIGHT_COND": "Daylight", "DAY_WEEK": "Fri     "}}, {"type": "Feature", "geometry": {"type": "Point", "coordinates": [-94.48188999999996, 37.15073000000007]}, "properties": {"ACCIDENT": "2260038940", "ACC_DATE": "2026-05-15", "ACC_TIME": "15:50:00", "COUNTY": "JASPER", "CITY": "WEBB CITY", "ON_STREET": "CST COLLEGE ST", "AT_STREET": "CST CROW ST", "INTER_LOC": "AT", "DIRECTION": "N ", "ACC_TYPE": "Pedalcycle", "SEVERITY": "Personal Injury", "INJURED": 1, "KILLED": 0, "NO_VEHICLE": 1, "DR_DRINK": "N ", "DR_DRUG": "N ", "SPEED": "N ", "CELL_PHONE": "N ", "TEXTING": "N ", "MOTORCYCLE": "N ", "PICKUP": "N ", "TRUCK": "N ", "SCHOOL_BUS": "N ", "LIGHT_COND": "Daylight", "DAY_WEEK": "Fri     "}}, {"type": "Feature", "geometry": {"type": "Point", "coordinates": [-94.47674999999998, 37.096790000000055]}, "properties": {"ACCIDENT": "2260042191", "ACC_DATE": "2026-05-25", "ACC_TIME": "21:49:00", "COUNTY": "JASPER", "CITY": "JOPLIN", "ON_STREET": "CST RANGE LINE RD", "AT_STREET": "BRIDGE L0832", "INTER_LOC": "B ", "DIRECTION": "N ", "ACC_TYPE": "Pedestrian", "SEVERITY": "Personal Injury", "INJURED": 1, "KILLED": 0, "NO_VEHICLE": 1, "DR_DRINK": "U ", "DR_DRUG": "U ", "SPEED": "U ", "CELL_PHONE": "N ", "TEXTING": "N ", "MOTORCYCLE": "N ", "PICKUP": "N ", "TRUCK": "N ", "SCHOOL_BUS": "N ", "LIGHT_COND": "Dark-Unlighted", "DAY_WEEK": "Mon     "}}]}